SPECIES_NAME_ID,NWCA_NAME,SYMBOL,COC_reg,CREG,SCIENTIFIC_NAME,CVal,NWCA_CVAL,CVAL_final,COC_diff,Updated
135,ABIES BALSAMEA,ABBA,58,MA_NAAMH,ABIES BALSAMEA,4,4,4,0,
135,ABIES BALSAMEA,ABBA,58,ME_NAAMH,ABIES BALSAMEA,4,4,4,0,
135,ABIES BALSAMEA,ABBA,82,ME_NBPH,ABIES BALSAMEA,3,3,3,0,
135,ABIES BALSAMEA,ABBA,59,ME_NCZ,ABIES BALSAMEA,6,6,6,0,
135,ABIES BALSAMEA,ABBA,MI,MI,ABIES BALSAMEA,3,3,3,0,
135,ABIES BALSAMEA,ABBA,MN,MN,ABIES BALSAMEA,4,4,4,0,
135,ABIES BALSAMEA,ABBA,58,NH_NAAMH,ABIES BALSAMEA,4,4,4,0,
135,ABIES BALSAMEA,ABBA,58,NY_NAAMH,ABIES BALSAMEA,4,4,4,0,
135,ABIES BALSAMEA,ABBA,60,NY_OTH,ABIES BALSAMEA,9,6,9,3,
135,ABIES BALSAMEA,ABBA,83,VT_GLHL,ABIES BALSAMEA,5,5,5,0,
135,ABIES BALSAMEA,ABBA,58,VT_NAAMH,ABIES BALSAMEA,4,4,4,0,
135,ABIES BALSAMEA,ABBA,WI,WI,ABIES BALSAMEA,5,5,5,0,
618,ACALYPHA RHOMBOIDEA,ACRH,IN,IN,ACALYPHA RHOMBOIDEA,0,1,0,-1,
618,ACALYPHA RHOMBOIDEA,ACRH,59,RI_NCZ,ACALYPHA RHOMBOIDEA,2,2,2,0,
618,ACALYPHA RHOMBOIDEA,ACRH,WI,WI,ACALYPHA RHOMBOIDEA,0,1,0,-1,
796,ACER,ACER,58,VT_NAAMH,,NA,2,2,NA,
796,ACER,ACER,WI,WI,,NA,3,3,NA,
840,ACER NEGUNDO,ACNE2,MI,MI,ACER NEGUNDO,0,1,0,-1,
840,ACER NEGUNDO,ACNE2,MN,MN,ACER NEGUNDO,1,1,1,0,
840,ACER NEGUNDO,ACNE2,83,NY_GLHL,ACER NEGUNDO,1,1,1,0,
840,ACER NEGUNDO,ACNE2,61,OH_APG,ACER NEGUNDO,2,2,2,0,
840,ACER NEGUNDO,ACNE2,58,VT_NAAMH,ACER NEGUNDO,2,2,2,0,
840,ACER NEGUNDO,ACNE2,WI,WI,ACER NEGUNDO,0,1,0,-1,
862,ACER PENSYLVANICUM,ACPE,58,MA_NAAMH,ACER PENSYLVANICUM,5,5,5,0,
862,ACER PENSYLVANICUM,ACPE,58,ME_NAAMH,ACER PENSYLVANICUM,5,5,5,0,
862,ACER PENSYLVANICUM,ACPE,82,ME_NBPH,ACER PENSYLVANICUM,5,5,5,0,
862,ACER PENSYLVANICUM,ACPE,58,NH_NAAMH,ACER PENSYLVANICUM,5,5,5,0,
862,ACER PENSYLVANICUM,ACPE,58,NY_NAAMH,ACER PENSYLVANICUM,5,5,5,0,
862,ACER PENSYLVANICUM,ACPE,58,VT_NAAMH,ACER PENSYLVANICUM,5,5,5,0,
863,ACER PLATANOIDES,ACPL,59,CT_NCZ,ACER PLATANOIDES,0,0,0,0,
863,ACER PLATANOIDES,ACPL,58,NJ,ACER PLATANOIDES,0,0,0,0,
865,ACER PSEUDOPLATANUS,ACPS,59,RI_NCZ,ACER PSEUDOPLATANUS,0,0,0,0,
866,ACER RUBRUM,ACRU,58,CT_NAAMH,ACER RUBRUM,3,3,3,0,
866,ACER RUBRUM,ACRU,59,CT_NCZ,ACER RUBRUM,3,3,3,0,
866,ACER RUBRUM,ACRU,IN,IN,,NA,5,5,NA,
866,ACER RUBRUM,ACRU,58,MA_NAAMH,ACER RUBRUM,3,3,3,0,
866,ACER RUBRUM,ACRU,59,MA_NCZ,ACER RUBRUM,3,3,3,0,
866,ACER RUBRUM,ACRU,58,ME_NAAMH,ACER RUBRUM,3,3,3,0,
866,ACER RUBRUM,ACRU,82,ME_NBPH,ACER RUBRUM,3,3,3,0,
866,ACER RUBRUM,ACRU,59,ME_NCZ,ACER RUBRUM,3,3,3,0,
866,ACER RUBRUM,ACRU,MI,MI,ACER RUBRUM,1,1,1,0,
866,ACER RUBRUM,ACRU,MN,MN,,NA,3,3,NA,
866,ACER RUBRUM,ACRU,58,NH_NAAMH,ACER RUBRUM,3,3,3,0,
866,ACER RUBRUM,ACRU,59,NH_NCZ,ACER RUBRUM,3,3,3,0,
866,ACER RUBRUM,ACRU,58,NJ,ACER RUBRUM,3,3,3,0,
866,ACER RUBRUM,ACRU,83,NY_GLHL,ACER RUBRUM,3,3,3,0,
866,ACER RUBRUM,ACRU,58,NY_NAAMH,ACER RUBRUM,3,3,3,0,
866,ACER RUBRUM,ACRU,60,NY_OTH,ACER RUBRUM,3,3,3,0,
866,ACER RUBRUM,ACRU,61,OH_APG,ACER RUBRUM,3,1,3,2,
866,ACER RUBRUM,ACRU,62,PA_AP,ACER RUBRUM,1,1,1,0,
866,ACER RUBRUM,ACRU,61,PA_APG,ACER RUBRUM,3,1,3,2,
866,ACER RUBRUM,ACRU,59,RI_NCZ,ACER RUBRUM,3,3,3,0,
866,ACER RUBRUM,ACRU,83,VT_GLHL,ACER RUBRUM,3,3,3,0,
866,ACER RUBRUM,ACRU,58,VT_NAAMH,ACER RUBRUM,3,3,3,0,
866,ACER RUBRUM,ACRU,WI,WI,ACER RUBRUM,3,3,3,0,
869,ACER RUBRUM VAR. RUBRUM,ACRUR,MN,MN,ACER RUBRUM VAR. RUBRUM,3,3,3,0,
869,ACER RUBRUM VAR. RUBRUM,ACRUR,83,NY_GLHL,,NA,3,3,NA,
869,ACER RUBRUM VAR. RUBRUM,ACRUR,58,NY_NAAMH,,NA,3,3,NA,
873,ACER SACCHARINUM,ACSA2,IN,IN,ACER SACCHARINUM,1,1,1,0,
873,ACER SACCHARINUM,ACSA2,82,ME_NBPH,ACER SACCHARINUM,6,6,6,0,
873,ACER SACCHARINUM,ACSA2,59,ME_NCZ,ACER SACCHARINUM,7,7,7,0,
873,ACER SACCHARINUM,ACSA2,MI,MI,ACER SACCHARINUM,2,2,2,0,
873,ACER SACCHARINUM,ACSA2,MN,MN,ACER SACCHARINUM,3,3,3,0,
873,ACER SACCHARINUM,ACSA2,58,NH_NAAMH,ACER SACCHARINUM,6,6,6,0,
873,ACER SACCHARINUM,ACSA2,83,NY_GLHL,ACER SACCHARINUM,6,6,6,0,
873,ACER SACCHARINUM,ACSA2,61,OH_APG,ACER SACCHARINUM,5,5,5,0,
873,ACER SACCHARINUM,ACSA2,83,VT_GLHL,ACER SACCHARINUM,6,6,6,0,
873,ACER SACCHARINUM,ACSA2,58,VT_NAAMH,ACER SACCHARINUM,6,6,6,0,
873,ACER SACCHARINUM,ACSA2,WI,WI,ACER SACCHARINUM,2,2,2,0,
877,ACER SACCHARUM,ACSA3,59,CT_NCZ,ACER SACCHARUM,6,6,6,0,
877,ACER SACCHARUM,ACSA3,IN,IN,,NA,4,4,NA,
877,ACER SACCHARUM,ACSA3,58,ME_NAAMH,ACER SACCHARUM,5,5,5,0,
877,ACER SACCHARUM,ACSA3,MI,MI,ACER SACCHARUM,5,5,5,0,
877,ACER SACCHARUM,ACSA3,MN,MN,,NA,5,5,NA,
877,ACER SACCHARUM,ACSA3,58,NH_NAAMH,ACER SACCHARUM,5,5,5,0,
877,ACER SACCHARUM,ACSA3,58,NJ,ACER SACCHARUM,5,5,5,0,
877,ACER SACCHARUM,ACSA3,83,NY_GLHL,ACER SACCHARUM,6,6,6,0,
877,ACER SACCHARUM,ACSA3,58,NY_NAAMH,ACER SACCHARUM,5,5,5,0,
877,ACER SACCHARUM,ACSA3,61,OH_APG,ACER SACCHARUM,6,6,6,0,
877,ACER SACCHARUM,ACSA3,61,PA_APG,ACER SACCHARUM,6,6,6,0,
877,ACER SACCHARUM,ACSA3,58,VT_NAAMH,ACER SACCHARUM,5,5,5,0,
877,ACER SACCHARUM,ACSA3,WI,WI,ACER SACCHARUM,5,5,5,0,
891,ACER SACCHARUM VAR. SACCHARUM,ACSAS,59,MA_NCZ,,NA,6,6,NA,
891,ACER SACCHARUM VAR. SACCHARUM,ACSAS,MN,MN,,NA,5,5,NA,
891,ACER SACCHARUM VAR. SACCHARUM,ACSAS,83,VT_GLHL,,NA,6,6,NA,
891,ACER SACCHARUM VAR. SACCHARUM,ACSAS,58,VT_NAAMH,,NA,5,5,NA,
896,ACER SPICATUM,ACSP2,58,ME_NAAMH,ACER SPICATUM,6,6,6,0,
896,ACER SPICATUM,ACSP2,82,ME_NBPH,ACER SPICATUM,6,6,6,0,
896,ACER SPICATUM,ACSP2,MI,MI,ACER SPICATUM,5,5,5,0,
896,ACER SPICATUM,ACSP2,MN,MN,ACER SPICATUM,5,5,5,0,
896,ACER SPICATUM,ACSP2,58,NH_NAAMH,ACER SPICATUM,6,6,6,0,
896,ACER SPICATUM,ACSP2,58,NY_NAAMH,ACER SPICATUM,6,6,6,0,
896,ACER SPICATUM,ACSP2,58,VT_NAAMH,ACER SPICATUM,6,6,6,0,
896,ACER SPICATUM,ACSP2,WI,WI,ACER SPICATUM,6,6,6,0,
797,ACER xFREEMANII,ACFR,83,NY_GLHL,,NA,2,2,NA,
797,ACER xFREEMANII,ACFR,61,OH_APG,,NA,3,3,NA,
797,ACER xFREEMANII,ACFR,58,VT_NAAMH,ACER ×FREEMANII,2,2,2,0,
976,ACHILLEA MILLEFOLIUM,ACMI2,58,ME_NAAMH,ACHILLEA MILLEFOLIUM,1,1,1,0,
976,ACHILLEA MILLEFOLIUM,ACMI2,MI,MI,ACHILLEA MILLEFOLIUM,1,1,1,0,
976,ACHILLEA MILLEFOLIUM,ACMI2,83,NY_GLHL,ACHILLEA MILLEFOLIUM,1,1,1,0,
976,ACHILLEA MILLEFOLIUM,ACMI2,WI,WI,ACHILLEA MILLEFOLIUM,1,1,1,0,
1231,ACORUS AMERICANUS,ACAM,MN,MN,ACORUS AMERICANUS,7,7,7,0,
1231,ACORUS AMERICANUS,ACAM,83,NY_GLHL,ACORUS AMERICANUS,6,6,6,0,
1232,ACORUS CALAMUS,ACCA4,83,VT_GLHL,,NA,0,0,NA,
1287,ACTAEA,ACTAE,58,ME_NAAMH,,NA,7,7,NA,
1297,ACTAEA PACHYPODA,ACPA,58,ME_NAAMH,ACTAEA PACHYPODA,7,7,7,0,
1297,ACTAEA PACHYPODA,ACPA,MN,MN,,NA,6,6,NA,
1303,ACTAEA RUBRA,ACRU2,58,ME_NAAMH,ACTAEA RUBRA,7,7,7,0,
1303,ACTAEA RUBRA,ACRU2,82,ME_NBPH,ACTAEA RUBRA,7,7,7,0,
1303,ACTAEA RUBRA,ACRU2,MI,MI,ACTAEA RUBRA,7,7,7,0,
1303,ACTAEA RUBRA,ACRU2,MN,MN,,NA,7,7,NA,
1303,ACTAEA RUBRA,ACRU2,WI,WI,ACTAEA RUBRA,7,7,7,0,
1415,ADIANTUM,ADIAN,59,NH_NCZ,,NA,7,7,NA,
1438,ADIANTUM PEDATUM,ADPE,MI,MI,ADIANTUM PEDATUM,6,6,6,0,
1438,ADIANTUM PEDATUM,ADPE,MN,MN,ADIANTUM PEDATUM,7,7,7,0,
1514,AEGOPODIUM PODAGRARIA,AEPO,59,RI_NCZ,AEGOPODIUM PODAGRARIA,0,0,0,0,
1514,AEGOPODIUM PODAGRARIA,AEPO,58,VT_NAAMH,AEGOPODIUM PODAGRARIA,0,0,0,0,
1595,AESCULUS HIPPOCASTANUM,AEHI,MI,MI,AESCULUS HIPPOCASTANUM,0,0,0,0,
1846,AGERATINA ALTISSIMA,AGAL5,83,NY_GLHL,AGERATINA ALTISSIMA,4,4,4,0,
1846,AGERATINA ALTISSIMA,AGAL5,62,PA_AP,AGERATINA ALTISSIMA,3,3,3,0,
1847,AGERATINA ALTISSIMA VAR. ALTISSIMA,AGALA,MN,MN,AGERATINA ALTISSIMA VAR. ALTISSIMA,2,2,2,0,
1847,AGERATINA ALTISSIMA VAR. ALTISSIMA,AGALA,58,NJ,,NA,3,3,NA,
1847,AGERATINA ALTISSIMA VAR. ALTISSIMA,AGALA,83,NY_GLHL,,NA,2,4,NA,Updated to ssp. Cval/CoC Ref
1847,AGERATINA ALTISSIMA VAR. ALTISSIMA,AGALA,62,PA_AP,,NA,3,3,NA,
1941,AGRIMONIA,AGRIM,MI,MI,,NA,4,4,NA,
1944,AGRIMONIA GRYPOSEPALA,AGGR2,IN,IN,AGRIMONIA GRYPOSEPALA,2,2,2,0,
1944,AGRIMONIA GRYPOSEPALA,AGGR2,62,PA_AP,AGRIMONIA GRYPOSEPALA,4,4,4,0,
1944,AGRIMONIA GRYPOSEPALA,AGGR2,61,PA_APG,AGRIMONIA GRYPOSEPALA,4,4,4,0,
1944,AGRIMONIA GRYPOSEPALA,AGGR2,58,VT_NAAMH,AGRIMONIA GRYPOSEPALA,4,4,4,0,
1944,AGRIMONIA GRYPOSEPALA,AGGR2,WI,WI,AGRIMONIA GRYPOSEPALA,2,2,2,0,
1949,AGRIMONIA PARVIFLORA,AGPA6,IN,IN,AGRIMONIA PARVIFLORA,4,4,4,0,
1949,AGRIMONIA PARVIFLORA,AGPA6,MI,MI,AGRIMONIA PARVIFLORA,4,4,4,0,
1949,AGRIMONIA PARVIFLORA,AGPA6,62,PA_AP,AGRIMONIA PARVIFLORA,3,3,3,0,
1949,AGRIMONIA PARVIFLORA,AGPA6,61,PA_APG,AGRIMONIA PARVIFLORA,3,3,3,0,
2128,AGROSTIS,AGROS2,MI,MI,,NA,Und,Und,NA,
2128,AGROSTIS,AGROS2,58,NY_NAAMH,,NA,4,4,NA,
2128,AGROSTIS,AGROS2,83,VT_GLHL,,NA,1,1,NA,
2158,AGROSTIS CAPILLARIS,AGCA5,59,MA_NCZ,AGROSTIS CAPILLARIS,0,0,0,0,
2158,AGROSTIS CAPILLARIS,AGCA5,58,NH_NAAMH,AGROSTIS CAPILLARIS,0,0,0,0,
2158,AGROSTIS CAPILLARIS,AGCA5,83,NY_GLHL,AGROSTIS CAPILLARIS,0,0,0,0,
2158,AGROSTIS CAPILLARIS,AGCA5,59,RI_NCZ,AGROSTIS CAPILLARIS,0,0,0,0,
2183,AGROSTIS GIGANTEA,AGGI2,58,CT_NAAMH,AGROSTIS GIGANTEA,0,0,0,0,
2183,AGROSTIS GIGANTEA,AGGI2,MI,MI,AGROSTIS GIGANTEA,0,0,0,0,
2183,AGROSTIS GIGANTEA,AGGI2,MN,MN,AGROSTIS GIGANTEA,0,0,0,0,
2183,AGROSTIS GIGANTEA,AGGI2,83,NY_GLHL,AGROSTIS GIGANTEA,0,0,0,0,
2183,AGROSTIS GIGANTEA,AGGI2,61,PA_APG,,NA,0,0,NA,
2183,AGROSTIS GIGANTEA,AGGI2,WI,WI,AGROSTIS GIGANTEA,0,0,0,0,
2192,AGROSTIS HYEMALIS,AGHY,MN,MN,AGROSTIS HYEMALIS,8,8,8,0,
2192,AGROSTIS HYEMALIS,AGHY,83,NY_GLHL,AGROSTIS HYEMALIS,3,3,3,0,
2192,AGROSTIS HYEMALIS,AGHY,62,PA_AP,AGROSTIS HYEMALIS,4,4,4,0,
2192,AGROSTIS HYEMALIS,AGHY,58,VT_NAAMH,AGROSTIS HYEMALIS,3,3,3,0,
2192,AGROSTIS HYEMALIS,AGHY,WI,WI,AGROSTIS HYEMALIS,4,4,4,0,
2225,AGROSTIS PERENNANS,AGPE,59,CT_NCZ,AGROSTIS PERENNANS,3,3,3,0,
2225,AGROSTIS PERENNANS,AGPE,MI,MI,AGROSTIS PERENNANS,5,5,5,0,
2225,AGROSTIS PERENNANS,AGPE,MN,MN,AGROSTIS PERENNANS,3,3,3,0,
2225,AGROSTIS PERENNANS,AGPE,83,NY_GLHL,AGROSTIS PERENNANS,4,4,4,0,
2225,AGROSTIS PERENNANS,AGPE,83,VT_GLHL,AGROSTIS PERENNANS,4,4,4,0,
2225,AGROSTIS PERENNANS,AGPE,58,VT_NAAMH,AGROSTIS PERENNANS,3,3,3,0,
2225,AGROSTIS PERENNANS,AGPE,WI,WI,AGROSTIS PERENNANS,4,4,4,0,
2237,AGROSTIS SCABRA,AGSC5,58,ME_NAAMH,AGROSTIS SCABRA,2,2,2,0,
2237,AGROSTIS SCABRA,AGSC5,MI,MI,,NA,4,4,NA,
2237,AGROSTIS SCABRA,AGSC5,MN,MN,AGROSTIS SCABRA,2,2,2,0,
2237,AGROSTIS SCABRA,AGSC5,58,NH_NAAMH,AGROSTIS SCABRA,2,2,2,0,
2237,AGROSTIS SCABRA,AGSC5,59,NH_NCZ,AGROSTIS SCABRA,3,3,3,0,
2237,AGROSTIS SCABRA,AGSC5,58,NY_NAAMH,AGROSTIS SCABRA,2,2,2,0,
2237,AGROSTIS SCABRA,AGSC5,WI,WI,,NA,2,2,NA,
2246,AGROSTIS STOLONIFERA,AGST2,59,CT_NCZ,AGROSTIS STOLONIFERA,3,0,3,3,
2246,AGROSTIS STOLONIFERA,AGST2,59,MA_NCZ,AGROSTIS STOLONIFERA,3,0,3,3,
2246,AGROSTIS STOLONIFERA,AGST2,MI,MI,AGROSTIS STOLONIFERA,0,0,0,0,
2246,AGROSTIS STOLONIFERA,AGST2,MN,MN,AGROSTIS STOLONIFERA,1,0,1,1,
2246,AGROSTIS STOLONIFERA,AGST2,83,NY_GLHL,AGROSTIS STOLONIFERA,3,0,3,3,
2246,AGROSTIS STOLONIFERA,AGST2,58,VT_NAAMH,AGROSTIS STOLONIFERA,3,0,3,3,
2246,AGROSTIS STOLONIFERA,AGST2,WI,WI,AGROSTIS STOLONIFERA,0,0,0,0,
2535,ALISMA,ALISM,59,CT_NCZ,,NA,5,5,NA,
2535,ALISMA,ALISM,83,NY_GLHL,,NA,4,4,NA,
2553,ALISMA SUBCORDATUM,ALSU,59,CT_NCZ,ALISMA SUBCORDATUM,4,4,4,0,
2553,ALISMA SUBCORDATUM,ALSU,59,MA_NCZ,ALISMA SUBCORDATUM,4,4,4,0,
2553,ALISMA SUBCORDATUM,ALSU,MI,MI,,NA,1,1,NA,
2553,ALISMA SUBCORDATUM,ALSU,MN,MN,ALISMA SUBCORDATUM,4,4,4,0,
2553,ALISMA SUBCORDATUM,ALSU,83,NY_GLHL,ALISMA SUBCORDATUM,4,4,4,0,
2554,ALISMA TRIVIALE,ALTR7,59,CT_NCZ,ALISMA TRIVIALE,5,5,5,0,
2554,ALISMA TRIVIALE,ALTR7,MI,MI,,NA,1,1,NA,
2554,ALISMA TRIVIALE,ALTR7,MN,MN,ALISMA TRIVIALE,4,4,4,0,
2554,ALISMA TRIVIALE,ALTR7,83,NY_GLHL,ALISMA TRIVIALE,4,4,4,0,
2554,ALISMA TRIVIALE,ALTR7,83,VT_GLHL,ALISMA TRIVIALE,4,4,4,0,
2554,ALISMA TRIVIALE,ALTR7,58,VT_NAAMH,ALISMA TRIVIALE,4,4,4,0,
2554,ALISMA TRIVIALE,ALTR7,WI,WI,ALISMA TRIVIALE,4,4,4,0,
90963,ALISMATACEAE,ALISMA,MN,MN,,NA,Und,Und,NA,
2574,ALLIARIA PETIOLATA,ALPE4,59,CT_NCZ,ALLIARIA PETIOLATA,0,0,0,0,
2574,ALLIARIA PETIOLATA,ALPE4,IN,IN,ALLIARIA PETIOLATA,0,0,0,0,
2574,ALLIARIA PETIOLATA,ALPE4,MI,MI,ALLIARIA PETIOLATA,0,0,0,0,
2574,ALLIARIA PETIOLATA,ALPE4,58,NJ,ALLIARIA PETIOLATA,0,0,0,0,
2574,ALLIARIA PETIOLATA,ALPE4,83,NY_GLHL,ALLIARIA PETIOLATA,0,0,0,0,
2574,ALLIARIA PETIOLATA,ALPE4,61,OH_APG,,NA,0,0,NA,
2574,ALLIARIA PETIOLATA,ALPE4,62,PA_AP,,NA,0,0,NA,
2574,ALLIARIA PETIOLATA,ALPE4,60,PA_APG,,NA,0,0,NA,
2574,ALLIARIA PETIOLATA,ALPE4,59,RI_NCZ,ALLIARIA PETIOLATA,0,0,0,0,
2610,ALLIUM,ALLIU,59,RI_NCZ,,NA,Und,Und,NA,
2656,ALLIUM CANADENSE,ALCA3,59,CT_NCZ,ALLIUM CANADENSE,4,4,4,0,
2875,ALLIUM TRICOCCUM,ALTR3,MI,MI,ALLIUM TRICOCCUM,5,5,5,0,
2886,ALLIUM VINEALE,ALVI,MI,MI,ALLIUM VINEALE,0,0,0,0,
2976,ALNUS,ALNUS,MI,MI,,NA,7,7,NA,
2989,ALNUS INCANA,ALIN2,58,CT_NAAMH,,NA,6,4,NA,Updated to ssp. Cval/CoC Ref
2989,ALNUS INCANA,ALIN2,59,CT_NCZ,,NA,6,5,NA,Updated to ssp. Cval/CoC Ref
2989,ALNUS INCANA,ALIN2,58,ME_NAAMH,,NA,4,4,NA,
2989,ALNUS INCANA,ALIN2,82,ME_NBPH,,NA,3,3,NA,
2989,ALNUS INCANA,ALIN2,59,ME_NCZ,,NA,5,5,NA,
2989,ALNUS INCANA,ALIN2,MI,MI,,NA,4,5,NA,Updated to ssp. Cval/CoC Ref
2989,ALNUS INCANA,ALIN2,MN,MN,,NA,4,3,NA,Updated to ssp. Cval/CoC Ref
2989,ALNUS INCANA,ALIN2,58,NH_NAAMH,,NA,3,4,NA,Updated to ssp. Cval/CoC Ref
2989,ALNUS INCANA,ALIN2,58,NY_NAAMH,,NA,4,4,NA,
2989,ALNUS INCANA,ALIN2,62,PA_AP,,NA,6,7,NA,Updated to ssp. Cval/CoC Ref
2989,ALNUS INCANA,ALIN2,61,PA_APG,,NA,6,7,NA,Updated to ssp. Cval/CoC Ref
2989,ALNUS INCANA,ALIN2,59,RI_NCZ,,NA,6,5,NA,Updated to ssp. Cval/CoC Ref
2989,ALNUS INCANA,ALIN2,83,VT_GLHL,,NA,5,5,NA,
2989,ALNUS INCANA,ALIN2,58,VT_NAAMH,,NA,4,4,NA,
2989,ALNUS INCANA,ALIN2,WI,WI,ALNUS INCANA,4,4,4,0,
2991,ALNUS INCANA SSP. RUGOSA,ALINR,59,MA_NCZ,ALNUS INCANA SSP. RUGOSA,5,5,5,0,
2991,ALNUS INCANA SSP. RUGOSA,ALINR,58,ME_NAAMH,ALNUS INCANA SSP. RUGOSA,4,4,4,0,
2991,ALNUS INCANA SSP. RUGOSA,ALINR,82,ME_NBPH,ALNUS INCANA SSP. RUGOSA,3,3,3,0,
2991,ALNUS INCANA SSP. RUGOSA,ALINR,MI,MI,,NA,5,5,NA,
2991,ALNUS INCANA SSP. RUGOSA,ALINR,MN,MN,ALNUS INCANA SSP. RUGOSA,3,3,3,0,
2991,ALNUS INCANA SSP. RUGOSA,ALINR,58,NH_NAAMH,ALNUS INCANA SSP. RUGOSA,4,4,4,0,
2991,ALNUS INCANA SSP. RUGOSA,ALINR,59,NH_NCZ,ALNUS INCANA SSP. RUGOSA,5,5,5,0,
2991,ALNUS INCANA SSP. RUGOSA,ALINR,83,NY_GLHL,ALNUS INCANA SSP. RUGOSA,5,5,5,0,
2991,ALNUS INCANA SSP. RUGOSA,ALINR,58,NY_NAAMH,ALNUS INCANA SSP. RUGOSA,4,4,4,0,
2991,ALNUS INCANA SSP. RUGOSA,ALINR,61,OH_APG,ALNUS INCANA SSP. RUGOSA,7,7,7,0,
2991,ALNUS INCANA SSP. RUGOSA,ALINR,62,PA_AP,ALNUS INCANA SSP. RUGOSA,7,7,7,0,
2991,ALNUS INCANA SSP. RUGOSA,ALINR,83,VT_GLHL,ALNUS INCANA SSP. RUGOSA,5,5,5,0,
2991,ALNUS INCANA SSP. RUGOSA,ALINR,58,VT_NAAMH,ALNUS INCANA SSP. RUGOSA,4,4,4,0,
2991,ALNUS INCANA SSP. RUGOSA,ALINR,WI,WI,ALNUS INCANA SSP. RUGOSA,4,4,4,0,
3013,ALNUS SERRULATA,ALSE2,58,CT_NAAMH,ALNUS SERRULATA,5,5,5,0,
3013,ALNUS SERRULATA,ALSE2,59,CT_NCZ,ALNUS SERRULATA,5,5,5,0,
3013,ALNUS SERRULATA,ALSE2,59,MA_NCZ,ALNUS SERRULATA,5,5,5,0,
3013,ALNUS SERRULATA,ALSE2,83,NY_GLHL,ALNUS SERRULATA,5,5,5,0,
3013,ALNUS SERRULATA,ALSE2,59,RI_NCZ,ALNUS SERRULATA,5,5,5,0,
3018,ALNUS VIRIDIS,ALVI5,82,ME_NBPH,ALNUS VIRIDIS,4,4,4,0,
3018,ALNUS VIRIDIS,ALVI5,83,NY_GLHL,ALNUS VIRIDIS,8,8,8,0,
3058,ALOPECURUS AEQUALIS,ALAE,MN,MN,,NA,4,4,NA,
3059,ALOPECURUS AEQUALIS VAR. AEQUALIS,ALAEA,MN,MN,,NA,4,4,NA,
3240,ALTHAEA OFFICINALIS,ALOF2,59,RI_NCZ,ALTHAEA OFFICINALIS,0,0,0,0,
3306,AMARANTHUS,AMARA,IN,IN,,NA,0,0,NA,
3306,AMARANTHUS,AMARA,WI,WI,,NA,0,0,NA,
3395,AMARANTHUS TUBERCULATUS,AMTU,MN,MN,AMARANTHUS TUBERCULATUS,2,2,2,0,
3489,AMBROSIA ARTEMISIIFOLIA,AMAR2,MI,MI,AMBROSIA ARTEMISIIFOLIA,0,0,0,0,
3489,AMBROSIA ARTEMISIIFOLIA,AMAR2,MN,MN,AMBROSIA ARTEMISIIFOLIA,0,1,0,-1,
3489,AMBROSIA ARTEMISIIFOLIA,AMAR2,WI,WI,AMBROSIA ARTEMISIIFOLIA,0,0,0,0,
3530,AMBROSIA TRIFIDA,AMTR,IN,IN,AMBROSIA TRIFIDA,0,1,0,-1,
3535,AMELANCHIER,AMELA,59,CT_NCZ,,NA,7,7,NA,
3535,AMELANCHIER,AMELA,58,MA_NAAMH,,NA,5,5,NA,
3535,AMELANCHIER,AMELA,59,MA_NCZ,,NA,7,7,NA,
3535,AMELANCHIER,AMELA,82,ME_NBPH,,NA,5,5,NA,
3535,AMELANCHIER,AMELA,59,ME_NCZ,,NA,7,7,NA,
3535,AMELANCHIER,AMELA,MI,MI,,NA,6,6,NA,
3535,AMELANCHIER,AMELA,MN,MN,,NA,6,6,NA,
3535,AMELANCHIER,AMELA,58,NH_NAAMH,,NA,7,7,NA,
3535,AMELANCHIER,AMELA,83,NY_GLHL,,NA,7,7,NA,
3535,AMELANCHIER,AMELA,62,PA_AP,,NA,6,6,NA,
3535,AMELANCHIER,AMELA,61,PA_APG,,NA,7,7,NA,
3535,AMELANCHIER,AMELA,59,RI_NCZ,,NA,7,7,NA,
3535,AMELANCHIER,AMELA,58,VT_NAAMH,,NA,7,7,NA,
3535,AMELANCHIER,AMELA,WI,WI,,NA,6,6,NA,
3541,AMELANCHIER ALNIFOLIA,AMAL2,MN,MN,,NA,6,6,NA,
3552,AMELANCHIER ARBOREA,AMAR3,59,CT_NCZ,AMELANCHIER ARBOREA,4,4,4,0,
3552,AMELANCHIER ARBOREA,AMAR3,MI,MI,AMELANCHIER ARBOREA,4,4,4,0,
3552,AMELANCHIER ARBOREA,AMAR3,MN,MN,,NA,6,6,NA,
3552,AMELANCHIER ARBOREA,AMAR3,58,NH_NAAMH,AMELANCHIER ARBOREA,5,5,5,0,
3552,AMELANCHIER ARBOREA,AMAR3,58,NY_NAAMH,AMELANCHIER ARBOREA,5,5,5,0,
3552,AMELANCHIER ARBOREA,AMAR3,62,PA_AP,AMELANCHIER ARBOREA,6,6,6,0,
3552,AMELANCHIER ARBOREA,AMAR3,WI,WI,AMELANCHIER ARBOREA,6,6,6,0,
3562,AMELANCHIER BARTRAMIANA,AMBA,58,ME_NAAMH,AMELANCHIER BARTRAMIANA,7,7,7,0,
3562,AMELANCHIER BARTRAMIANA,AMBA,MN,MN,AMELANCHIER BARTRAMIANA,6,6,6,0,
3562,AMELANCHIER BARTRAMIANA,AMBA,58,NH_NAAMH,AMELANCHIER BARTRAMIANA,7,7,7,0,
3564,AMELANCHIER CANADENSIS,AMCA4,59,CT_NCZ,AMELANCHIER CANADENSIS,5,5,5,0,
3564,AMELANCHIER CANADENSIS,AMCA4,58,MA_NAAMH,AMELANCHIER CANADENSIS,5,5,5,0,
3564,AMELANCHIER CANADENSIS,AMCA4,59,MA_NCZ,AMELANCHIER CANADENSIS,5,5,5,0,
3564,AMELANCHIER CANADENSIS,AMCA4,59,RI_NCZ,AMELANCHIER CANADENSIS,5,5,5,0,
3564,AMELANCHIER CANADENSIS,AMCA4,58,VT_NAAMH,AMELANCHIER CANADENSIS,5,5,5,0,
3584,AMELANCHIER INTERIOR,AMIN2,MI,MI,,NA,4,4,NA,
3584,AMELANCHIER INTERIOR,AMIN2,MN,MN,,NA,7,7,NA,
3584,AMELANCHIER INTERIOR,AMIN2,WI,WI,,NA,7,7,NA,
3585,AMELANCHIER LAEVIS,AMLA,58,MA_NAAMH,AMELANCHIER LAEVIS,3,3,3,0,
3585,AMELANCHIER LAEVIS,AMLA,59,MA_NCZ,AMELANCHIER LAEVIS,4,4,4,0,
3585,AMELANCHIER LAEVIS,AMLA,MI,MI,AMELANCHIER LAEVIS,4,4,4,0,
3585,AMELANCHIER LAEVIS,AMLA,83,VT_GLHL,AMELANCHIER LAEVIS,4,4,4,0,
3585,AMELANCHIER LAEVIS,AMLA,WI,WI,AMELANCHIER LAEVIS,6,6,6,0,
3600,AMELANCHIER SANGUINEA,AMSA,WI,WI,AMELANCHIER SANGUINEA,7,7,7,0,
3606,AMELANCHIER STOLONIFERA,AMST80,WI,WI,AMELANCHIER SPICATA,5,5,5,0,
3697,AMORPHA FRUTICOSA,AMFR,MN,MN,AMORPHA FRUTICOSA,4,4,4,0,
3741,AMPELOPSIS BREVIPEDUNCULATA,AMBR7,59,RI_NCZ,AMPELOPSIS BREVIPEDUNCULATA,0,0,0,0,
3764,AMPHICARPAEA BRACTEATA,AMBR2,58,CT_NAAMH,AMPHICARPAEA BRACTEATA,4,4,4,0,
3764,AMPHICARPAEA BRACTEATA,AMBR2,59,CT_NCZ,AMPHICARPAEA BRACTEATA,4,4,4,0,
3764,AMPHICARPAEA BRACTEATA,AMBR2,IN,IN,AMPHICARPAEA BRACTEATA,5,5,5,0,
3764,AMPHICARPAEA BRACTEATA,AMBR2,MI,MI,AMPHICARPAEA BRACTEATA,5,5,5,0,
3764,AMPHICARPAEA BRACTEATA,AMBR2,MN,MN,AMPHICARPAEA BRACTEATA,2,2,2,0,
3764,AMPHICARPAEA BRACTEATA,AMBR2,58,NH_NAAMH,AMPHICARPAEA BRACTEATA,4,4,4,0,
3764,AMPHICARPAEA BRACTEATA,AMBR2,58,NJ,AMPHICARPAEA BRACTEATA,4,4,4,0,
3764,AMPHICARPAEA BRACTEATA,AMBR2,83,NY_GLHL,AMPHICARPAEA BRACTEATA,5,5,5,0,
3764,AMPHICARPAEA BRACTEATA,AMBR2,61,OH_APG,AMPHICARPAEA BRACTEATA,4,4,4,0,
3764,AMPHICARPAEA BRACTEATA,AMBR2,62,PA_AP,AMPHICARPAEA BRACTEATA,4,4,4,0,
3764,AMPHICARPAEA BRACTEATA,AMBR2,61,PA_APG,AMPHICARPAEA BRACTEATA,4,4,4,0,
3764,AMPHICARPAEA BRACTEATA,AMBR2,83,VT_GLHL,AMPHICARPAEA BRACTEATA,5,5,5,0,
3764,AMPHICARPAEA BRACTEATA,AMBR2,58,VT_NAAMH,AMPHICARPAEA BRACTEATA,4,4,4,0,
3764,AMPHICARPAEA BRACTEATA,AMBR2,WI,WI,AMPHICARPAEA BRACTEATA,5,5,5,0,
3945,ANAGALLIS MONELLI,ANMO2,WI,WI,,NA,0,0,NA,
3960,ANAPHALIS MARGARITACEA,ANMA,58,ME_NAAMH,ANAPHALIS MARGARITACEA,2,2,2,0,
3960,ANAPHALIS MARGARITACEA,ANMA,MI,MI,ANAPHALIS MARGARITACEA,3,3,3,0,
3960,ANAPHALIS MARGARITACEA,ANMA,58,NH_NAAMH,ANAPHALIS MARGARITACEA,2,2,2,0,
4092,ANDROMEDA POLIFOLIA,ANPO,82,ME_NBPH,ANDROMEDA POLIFOLIA,7,7,7,0,
4092,ANDROMEDA POLIFOLIA,ANPO,WI,WI,ANDROMEDA POLIFOLIA,10,10,10,0,
4095,ANDROMEDA POLIFOLIA VAR. GLAUCOPHYLLA,ANPOG,58,ME_NAAMH,,NA,8,8,NA,
4095,ANDROMEDA POLIFOLIA VAR. GLAUCOPHYLLA,ANPOG,82,ME_NBPH,,NA,8,7,NA,Updated to ssp. Cval/CoC Ref
4095,ANDROMEDA POLIFOLIA VAR. GLAUCOPHYLLA,ANPOG,MI,MI,,NA,10,10,NA,
4095,ANDROMEDA POLIFOLIA VAR. GLAUCOPHYLLA,ANPOG,MN,MN,ANDROMEDA POLIFOLIA VAR. GLAUCOPHYLLA,9,9,9,0,
4095,ANDROMEDA POLIFOLIA VAR. GLAUCOPHYLLA,ANPOG,58,NY_NAAMH,,NA,9,9,NA,
4095,ANDROMEDA POLIFOLIA VAR. GLAUCOPHYLLA,ANPOG,WI,WI,,NA,10,10,NA,
4099,ANDROPOGON,ANDRO2,58,NH_NAAMH,,NA,4,4,NA,
4218,ANDROPOGON VIRGINICUS,ANVI2,59,RI_NCZ,ANDROPOGON VIRGINICUS,3,3,3,0,
4293,ANEMONE,ANEMO,MI,MI,,NA,5,5,NA,
4299,ANEMONE CANADENSIS,ANCA8,MI,MI,ANEMONE CANADENSIS,4,4,4,0,
4299,ANEMONE CANADENSIS,ANCA8,MN,MN,ANEMONE CANADENSIS,3,3,3,0,
4371,ANEMONE QUINQUEFOLIA,ANQU,59,CT_NCZ,ANEMONE QUINQUEFOLIA,6,6,6,0,
4371,ANEMONE QUINQUEFOLIA,ANQU,59,MA_NCZ,ANEMONE QUINQUEFOLIA,6,6,6,0,
4371,ANEMONE QUINQUEFOLIA,ANQU,58,ME_NAAMH,ANEMONE QUINQUEFOLIA,5,5,5,0,
4371,ANEMONE QUINQUEFOLIA,ANQU,59,ME_NCZ,ANEMONE QUINQUEFOLIA,6,6,6,0,
4371,ANEMONE QUINQUEFOLIA,ANQU,58,NH_NAAMH,ANEMONE QUINQUEFOLIA,5,5,5,0,
4371,ANEMONE QUINQUEFOLIA,ANQU,58,NJ,ANEMONE QUINQUEFOLIA,5,5,5,0,
4371,ANEMONE QUINQUEFOLIA,ANQU,59,RI_NCZ,ANEMONE QUINQUEFOLIA,6,6,6,0,
4371,ANEMONE QUINQUEFOLIA,ANQU,WI,WI,ANEMONE QUINQUEFOLIA,6,6,6,0,
4372,ANEMONE QUINQUEFOLIA VAR. BIFOLIA,ANQUB2,MN,MN,,NA,5,5,NA,
4380,ANEMONE QUINQUEFOLIA VAR. QUINQUEFOLIA,ANQUQ,59,MA_NCZ,,NA,6,6,NA,
4380,ANEMONE QUINQUEFOLIA VAR. QUINQUEFOLIA,ANQUQ,59,NH_NCZ,,NA,5,6,NA,Updated to ssp. Cval/CoC Ref
4380,ANEMONE QUINQUEFOLIA VAR. QUINQUEFOLIA,ANQUQ,59,RI_NCZ,,NA,5,6,NA,Updated to ssp. Cval/CoC Ref
4392,ANEMONE VIRGINIANA,ANVI3,IN,IN,,NA,4,4,NA,
4392,ANEMONE VIRGINIANA,ANVI3,WI,WI,ANEMONE VIRGINIANA,5,5,5,0,
5068,ANTHOXANTHUM ODORATUM,ANOD,MI,MI,ANTHOXANTHUM ODORATUM,0,0,0,0,
5068,ANTHOXANTHUM ODORATUM,ANOD,83,NY_GLHL,ANTHOXANTHUM ODORATUM,0,0,0,0,
5068,ANTHOXANTHUM ODORATUM,ANOD,61,PA_APG,,NA,0,0,NA,
5068,ANTHOXANTHUM ODORATUM,ANOD,59,RI_NCZ,ANTHOXANTHUM ODORATUM,0,0,0,0,
5068,ANTHOXANTHUM ODORATUM,ANOD,83,VT_GLHL,ANTHOXANTHUM ODORATUM,0,0,0,0,
5068,ANTHOXANTHUM ODORATUM,ANOD,58,VT_NAAMH,ANTHOXANTHUM ODORATUM,0,0,0,0,
90915,APIACEAE,APIACE,MI,MI,,NA,Und,Und,NA,
90915,APIACEAE,APIACE,60,PA_APG,,NA,Und,Und,NA,
5290,APIOS AMERICANA,APAM,58,CT_NAAMH,APIOS AMERICANA,4,4,4,0,
5290,APIOS AMERICANA,APAM,59,CT_NCZ,APIOS AMERICANA,4,4,4,0,
5290,APIOS AMERICANA,APAM,IN,IN,APIOS AMERICANA,3,3,3,0,
5290,APIOS AMERICANA,APAM,59,MA_NCZ,APIOS AMERICANA,4,4,4,0,
5290,APIOS AMERICANA,APAM,MI,MI,APIOS AMERICANA,3,3,3,0,
5290,APIOS AMERICANA,APAM,MN,MN,APIOS AMERICANA,4,4,4,0,
5290,APIOS AMERICANA,APAM,58,NH_NAAMH,APIOS AMERICANA,4,4,4,0,
5290,APIOS AMERICANA,APAM,62,PA_AP,APIOS AMERICANA,6,6,6,0,
5290,APIOS AMERICANA,APAM,59,RI_NCZ,APIOS AMERICANA,4,4,4,0,
5290,APIOS AMERICANA,APAM,58,VT_NAAMH,APIOS AMERICANA,4,4,4,0,
5318,APOCYNUM ANDROSAEMIFOLIUM,APAN2,IN,IN,APOCYNUM ANDROSAEMIFOLIUM,6,6,6,0,
5318,APOCYNUM ANDROSAEMIFOLIUM,APAN2,MI,MI,APOCYNUM ANDROSAEMIFOLIUM,3,3,3,0,
5318,APOCYNUM ANDROSAEMIFOLIUM,APAN2,MN,MN,,NA,2,2,NA,
5327,APOCYNUM CANNABINUM,APCA,IN,IN,APOCYNUM CANNABINUM,2,2,2,0,
5327,APOCYNUM CANNABINUM,APCA,MI,MI,,NA,3,3,NA,
5327,APOCYNUM CANNABINUM,APCA,MN,MN,APOCYNUM CANNABINUM,3,3,3,0,
5327,APOCYNUM CANNABINUM,APCA,83,NY_GLHL,APOCYNUM CANNABINUM,3,3,3,0,
5327,APOCYNUM CANNABINUM,APCA,62,PA_AP,APOCYNUM CANNABINUM,2,2,2,0,
5378,AQUILEGIA CANADENSIS,AQCA,MN,MN,AQUILEGIA CANADENSIS,4,4,4,0,
5771,ARALIA NUDICAULIS,ARNU2,59,CT_NCZ,ARALIA NUDICAULIS,4,4,4,0,
5771,ARALIA NUDICAULIS,ARNU2,58,MA_NAAMH,ARALIA NUDICAULIS,5,5,5,0,
5771,ARALIA NUDICAULIS,ARNU2,59,MA_NCZ,ARALIA NUDICAULIS,4,4,4,0,
5771,ARALIA NUDICAULIS,ARNU2,58,ME_NAAMH,ARALIA NUDICAULIS,5,5,5,0,
5771,ARALIA NUDICAULIS,ARNU2,82,ME_NBPH,ARALIA NUDICAULIS,4,4,4,0,
5771,ARALIA NUDICAULIS,ARNU2,59,ME_NCZ,ARALIA NUDICAULIS,4,4,4,0,
5771,ARALIA NUDICAULIS,ARNU2,MI,MI,ARALIA NUDICAULIS,5,5,5,0,
5771,ARALIA NUDICAULIS,ARNU2,MN,MN,ARALIA NUDICAULIS,4,4,4,0,
5771,ARALIA NUDICAULIS,ARNU2,58,NH_NAAMH,ARALIA NUDICAULIS,5,5,5,0,
5771,ARALIA NUDICAULIS,ARNU2,59,NH_NCZ,ARALIA NUDICAULIS,4,4,4,0,
5771,ARALIA NUDICAULIS,ARNU2,83,NY_GLHL,ARALIA NUDICAULIS,5,5,5,0,
5771,ARALIA NUDICAULIS,ARNU2,58,NY_NAAMH,ARALIA NUDICAULIS,5,5,5,0,
5771,ARALIA NUDICAULIS,ARNU2,61,PA_APG,ARALIA NUDICAULIS,7,7,7,0,
5771,ARALIA NUDICAULIS,ARNU2,59,RI_NCZ,ARALIA NUDICAULIS,4,4,4,0,
5771,ARALIA NUDICAULIS,ARNU2,83,VT_GLHL,ARALIA NUDICAULIS,5,5,5,0,
5771,ARALIA NUDICAULIS,ARNU2,58,VT_NAAMH,ARALIA NUDICAULIS,5,5,5,0,
5771,ARALIA NUDICAULIS,ARNU2,WI,WI,ARALIA NUDICAULIS,6,6,6,0,
5774,ARALIA RACEMOSA,ARRA,58,ME_NAAMH,ARALIA RACEMOSA,7,7,7,0,
5774,ARALIA RACEMOSA,ARRA,MN,MN,,NA,7,7,NA,
5818,ARCEUTHOBIUM PUSILLUM,ARPU3,MI,MI,ARCEUTHOBIUM PUSILLUM,10,10,10,0,
5818,ARCEUTHOBIUM PUSILLUM,ARPU3,MN,MN,ARCEUTHOBIUM PUSILLUM,6,6,6,0,
5854,ARCTIUM,ARCTI,58,VT_NAAMH,,NA,0,0,NA,
5858,ARCTIUM MINUS,ARMI2,IN,IN,ARCTIUM MINUS,0,0,0,0,
5858,ARCTIUM MINUS,ARMI2,58,ME_NAAMH,ARCTIUM MINUS,0,0,0,0,
5858,ARCTIUM MINUS,ARMI2,MN,MN,,NA,0,0,NA,
5858,ARCTIUM MINUS,ARMI2,62,PA_AP,,NA,0,0,NA,
5858,ARCTIUM MINUS,ARMI2,WI,WI,ARCTIUM MINUS,0,0,0,0,
6361,ARETHUSA BULBOSA,ARBU,82,ME_NBPH,ARETHUSA BULBOSA,9,9,9,0,
6361,ARETHUSA BULBOSA,ARBU,WI,WI,ARETHUSA BULBOSA,10,10,10,0,
6417,ARGENTINA ANSERINA,ARAN7,MN,MN,ARGENTINA ANSERINA,4,4,4,0,
6417,ARGENTINA ANSERINA,ARAN7,83,NY_GLHL,ARGENTINA ANSERINA,4,4,4,0,
6417,ARGENTINA ANSERINA,ARAN7,WI,WI,ARGENTINA ANSERINA,4,4,4,0,
6503,ARISAEMA DRACONTIUM,ARDR3,MI,MI,ARISAEMA DRACONTIUM,8,8,8,0,
6511,ARISAEMA TRIPHYLLUM,ARTR,58,CT_NAAMH,ARISAEMA TRIPHYLLUM,5,5,5,0,
6511,ARISAEMA TRIPHYLLUM,ARTR,59,CT_NCZ,ARISAEMA TRIPHYLLUM,5,5,5,0,
6511,ARISAEMA TRIPHYLLUM,ARTR,IN,IN,ARISAEMA TRIPHYLLUM,4,4,4,0,
6511,ARISAEMA TRIPHYLLUM,ARTR,59,MA_NCZ,ARISAEMA TRIPHYLLUM,5,5,5,0,
6511,ARISAEMA TRIPHYLLUM,ARTR,58,ME_NAAMH,ARISAEMA TRIPHYLLUM,5,5,5,0,
6511,ARISAEMA TRIPHYLLUM,ARTR,82,ME_NBPH,ARISAEMA TRIPHYLLUM,6,6,6,0,
6511,ARISAEMA TRIPHYLLUM,ARTR,59,ME_NCZ,ARISAEMA TRIPHYLLUM,5,5,5,0,
6511,ARISAEMA TRIPHYLLUM,ARTR,MI,MI,ARISAEMA TRIPHYLLUM,5,5,5,0,
6511,ARISAEMA TRIPHYLLUM,ARTR,MN,MN,ARISAEMA TRIPHYLLUM,4,4,4,0,
6511,ARISAEMA TRIPHYLLUM,ARTR,58,NH_NAAMH,ARISAEMA TRIPHYLLUM,5,5,5,0,
6511,ARISAEMA TRIPHYLLUM,ARTR,58,NJ,ARISAEMA TRIPHYLLUM,5,5,5,0,
6511,ARISAEMA TRIPHYLLUM,ARTR,83,NY_GLHL,ARISAEMA TRIPHYLLUM,5,5,5,0,
6511,ARISAEMA TRIPHYLLUM,ARTR,58,NY_NAAMH,ARISAEMA TRIPHYLLUM,5,5,5,0,
6511,ARISAEMA TRIPHYLLUM,ARTR,62,PA_AP,ARISAEMA TRIPHYLLUM,5,5,5,0,
6511,ARISAEMA TRIPHYLLUM,ARTR,61,PA_APG,ARISAEMA TRIPHYLLUM,5,5,5,0,
6511,ARISAEMA TRIPHYLLUM,ARTR,59,RI_NCZ,ARISAEMA TRIPHYLLUM,5,5,5,0,
6511,ARISAEMA TRIPHYLLUM,ARTR,58,VT_NAAMH,ARISAEMA TRIPHYLLUM,5,5,5,0,
6511,ARISAEMA TRIPHYLLUM,ARTR,WI,WI,ARISAEMA TRIPHYLLUM,5,5,5,0,
6515,ARISAEMA TRIPHYLLUM SSP. TRIPHYLLUM,ARTRT3,59,MA_NCZ,ARISAEMA TRIPHYLLUM SSP. TRIPHYLLUM,5,5,5,0,
6515,ARISAEMA TRIPHYLLUM SSP. TRIPHYLLUM,ARTRT3,82,ME_NBPH,ARISAEMA TRIPHYLLUM SSP. TRIPHYLLUM,6,6,6,0,
6515,ARISAEMA TRIPHYLLUM SSP. TRIPHYLLUM,ARTRT3,MI,MI,,NA,5,5,NA,
6515,ARISAEMA TRIPHYLLUM SSP. TRIPHYLLUM,ARTRT3,MN,MN,,NA,5,5,NA,
6515,ARISAEMA TRIPHYLLUM SSP. TRIPHYLLUM,ARTRT3,58,NH_NAAMH,ARISAEMA TRIPHYLLUM SSP. TRIPHYLLUM,5,5,5,0,
6515,ARISAEMA TRIPHYLLUM SSP. TRIPHYLLUM,ARTRT3,59,NH_NCZ,ARISAEMA TRIPHYLLUM SSP. TRIPHYLLUM,5,5,5,0,
6515,ARISAEMA TRIPHYLLUM SSP. TRIPHYLLUM,ARTRT3,58,NY_NAAMH,ARISAEMA TRIPHYLLUM SSP. TRIPHYLLUM,5,5,5,0,
6515,ARISAEMA TRIPHYLLUM SSP. TRIPHYLLUM,ARTRT3,59,RI_NCZ,ARISAEMA TRIPHYLLUM SSP. TRIPHYLLUM,5,5,5,0,
6515,ARISAEMA TRIPHYLLUM SSP. TRIPHYLLUM,ARTRT3,83,VT_GLHL,ARISAEMA TRIPHYLLUM SSP. TRIPHYLLUM,5,5,5,0,
6515,ARISAEMA TRIPHYLLUM SSP. TRIPHYLLUM,ARTRT3,58,VT_NAAMH,ARISAEMA TRIPHYLLUM SSP. TRIPHYLLUM,5,5,5,0,
91513,ARONIA,ARONI2,62,PA_AP,,NA,8,8,NA,
91515,ARONIA ARBUTIFOLIA,ARAR7,59,MA_NCZ,ARONIA ARBUTIFOLIA,5,5,5,0,
91515,ARONIA ARBUTIFOLIA,ARAR7,62,PA_AP,PHOTINIA PYRIFOLIA,8,8,8,0,
91516,ARONIA MELANOCARPA,ARME6,59,CT_NCZ,ARONIA MELANOCARPA,5,5,5,0,
91516,ARONIA MELANOCARPA,ARME6,IN,IN,,NA,8,8,NA,
91516,ARONIA MELANOCARPA,ARME6,59,MA_NCZ,ARONIA MELANOCARPA,5,5,5,0,
91516,ARONIA MELANOCARPA,ARME6,58,ME_NAAMH,ARONIA MELANOCARPA,5,5,5,0,
91516,ARONIA MELANOCARPA,ARME6,82,ME_NBPH,ARONIA MELANOCARPA,5,5,5,0,
91516,ARONIA MELANOCARPA,ARME6,MN,MN,PHOTINIA MELANOCARPA,7,7,7,0,
91516,ARONIA MELANOCARPA,ARME6,58,NH_NAAMH,ARONIA MELANOCARPA,5,5,5,0,
91516,ARONIA MELANOCARPA,ARME6,83,NY_GLHL,ARONIA MELANOCARPA,5,5,5,0,
91516,ARONIA MELANOCARPA,ARME6,58,NY_NAAMH,ARONIA MELANOCARPA,5,5,5,0,
91516,ARONIA MELANOCARPA,ARME6,62,PA_AP,PHOTINIA MELANOCARPA,8,8,8,0,
91516,ARONIA MELANOCARPA,ARME6,61,PA_APG,PHOTINIA MELANOCARPA,8,8,8,0,
91516,ARONIA MELANOCARPA,ARME6,59,RI_NCZ,ARONIA MELANOCARPA,5,5,5,0,
91516,ARONIA MELANOCARPA,ARME6,58,VT_NAAMH,ARONIA MELANOCARPA,5,5,5,0,
91516,ARONIA MELANOCARPA,ARME6,WI,WI,ARONIA MELANOCARPA,7,7,7,0,
91514,ARONIA xPRUNIFOLIA,ARPR2,59,CT_NCZ,ARONIA PRUNIFOLIA,5,5,5,0,
91514,ARONIA xPRUNIFOLIA,ARPR2,59,MA_NCZ,ARONIA PRUNIFOLIA,5,5,5,0,
91514,ARONIA xPRUNIFOLIA,ARPR2,58,ME_NAAMH,ARONIA PRUNIFOLIA,5,5,5,0,
91514,ARONIA xPRUNIFOLIA,ARPR2,82,ME_NBPH,ARONIA PRUNIFOLIA,6,6,6,0,
91514,ARONIA xPRUNIFOLIA,ARPR2,59,ME_NCZ,ARONIA PRUNIFOLIA,5,5,5,0,
91514,ARONIA xPRUNIFOLIA,ARPR2,MI,MI,ARONIA PRUNIFOLIA,5,5,5,0,
91514,ARONIA xPRUNIFOLIA,ARPR2,58,NH_NAAMH,ARONIA PRUNIFOLIA,5,5,5,0,
91514,ARONIA xPRUNIFOLIA,ARPR2,61,OH_APG,PHOTINIA FLORIBUNDA,8,8,8,0,
91514,ARONIA xPRUNIFOLIA,ARPR2,59,RI_NCZ,ARONIA PRUNIFOLIA,5,5,5,0,
91514,ARONIA xPRUNIFOLIA,ARPR2,83,VT_GLHL,ARONIA PRUNIFOLIA,6,6,6,0,
91514,ARONIA xPRUNIFOLIA,ARPR2,58,VT_NAAMH,ARONIA PRUNIFOLIA,5,5,5,0,
7140,ARTEMISIA VULGARIS,ARVU,83,NY_GLHL,ARTEMISIA VULGARIS,0,0,0,0,
7460,ASARUM CANADENSE,ASCA,MI,MI,ASARUM CANADENSE,5,5,5,0,
7460,ASARUM CANADENSE,ASCA,MN,MN,,NA,7,7,NA,
7490,ASCLEPIAS,ASCLE,MI,MI,,NA,7,7,NA,
7490,ASCLEPIAS,ASCLE,58,NH_NAAMH,,NA,Und,Und,NA,
7490,ASCLEPIAS,ASCLE,58,VT_NAAMH,,NA,5,5,NA,
7542,ASCLEPIAS INCARNATA,ASIN,58,CT_NAAMH,ASCLEPIAS INCARNATA,4,4,4,0,
7542,ASCLEPIAS INCARNATA,ASIN,59,CT_NCZ,ASCLEPIAS INCARNATA,4,4,4,0,
7542,ASCLEPIAS INCARNATA,ASIN,IN,IN,,NA,4,4,NA,
7542,ASCLEPIAS INCARNATA,ASIN,59,MA_NCZ,ASCLEPIAS INCARNATA,4,4,4,0,
7542,ASCLEPIAS INCARNATA,ASIN,82,ME_NBPH,ASCLEPIAS INCARNATA,4,4,4,0,
7542,ASCLEPIAS INCARNATA,ASIN,MI,MI,ASCLEPIAS INCARNATA,6,6,6,0,
7542,ASCLEPIAS INCARNATA,ASIN,MN,MN,,NA,5,5,NA,
7542,ASCLEPIAS INCARNATA,ASIN,83,NY_GLHL,ASCLEPIAS INCARNATA,4,4,4,0,
7542,ASCLEPIAS INCARNATA,ASIN,61,OH_APG,ASCLEPIAS INCARNATA,5,5,5,0,
7542,ASCLEPIAS INCARNATA,ASIN,62,PA_AP,ASCLEPIAS INCARNATA,5,5,5,0,
7542,ASCLEPIAS INCARNATA,ASIN,59,RI_NCZ,ASCLEPIAS INCARNATA,4,4,4,0,
7542,ASCLEPIAS INCARNATA,ASIN,83,VT_GLHL,ASCLEPIAS INCARNATA,4,4,4,0,
7542,ASCLEPIAS INCARNATA,ASIN,58,VT_NAAMH,ASCLEPIAS INCARNATA,4,4,4,0,
7542,ASCLEPIAS INCARNATA,ASIN,WI,WI,ASCLEPIAS INCARNATA,5,5,5,0,
7543,ASCLEPIAS INCARNATA SSP. INCARNATA,ASINI,59,MA_NCZ,,NA,4,4,NA,
7543,ASCLEPIAS INCARNATA SSP. INCARNATA,ASINI,MN,MN,,NA,4,4,NA,
7543,ASCLEPIAS INCARNATA SSP. INCARNATA,ASINI,83,NY_GLHL,,NA,4,4,NA,
7543,ASCLEPIAS INCARNATA SSP. INCARNATA,ASINI,58,VT_NAAMH,,NA,4,4,NA,
7581,ASCLEPIAS PURPURASCENS,ASPU2,MI,MI,ASCLEPIAS PURPURASCENS,9,9,9,0,
7597,ASCLEPIAS SYRIACA,ASSY,MN,MN,,NA,1,1,NA,
7597,ASCLEPIAS SYRIACA,ASSY,83,NY_GLHL,ASCLEPIAS SYRIACA,1,1,1,0,
7597,ASCLEPIAS SYRIACA,ASSY,WI,WI,ASCLEPIAS SYRIACA,1,1,1,0,
7655,ASIMINA TRILOBA,ASTR,MI,MI,ASIMINA TRILOBA,9,9,9,0,
91437,ASTER S.L.,1ASTSL,58,ME_NAAMH,,NA,Und,Und,NA,
91437,ASTER S.L.,1ASTSL,82,ME_NBPH,,NA,Und,Und,NA,
91437,ASTER S.L.,1ASTSL,MI,MI,,NA,5,5,NA,
91437,ASTER S.L.,1ASTSL,MN,MN,,NA,5,5,NA,
91437,ASTER S.L.,1ASTSL,58,NH_NAAMH,,NA,Und,Und,NA,
91437,ASTER S.L.,1ASTSL,59,NH_NCZ,,NA,Und,Und,NA,
91437,ASTER S.L.,1ASTSL,83,NY_GLHL,,NA,4,4,NA,
91437,ASTER S.L.,1ASTSL,61,OH_APG,,NA,5,5,NA,
91437,ASTER S.L.,1ASTSL,62,PA_AP,,NA,5,5,NA,
91437,ASTER S.L.,1ASTSL,61,PA_APG,,NA,5,5,NA,
91437,ASTER S.L.,1ASTSL,59,RI_NCZ,,NA,Und,Und,NA,
91437,ASTER S.L.,1ASTSL,58,VT_NAAMH,,NA,Und,Und,NA,
91437,ASTER S.L.,1ASTSL,WI,WI,,NA,5,5,NA,
90902,ASTERACEAE,ASTERA,IN,IN,,NA,Und,Und,NA,
90902,ASTERACEAE,ASTERA,82,ME_NBPH,,NA,Und,Und,NA,
90902,ASTERACEAE,ASTERA,MI,MI,,NA,Und,Und,NA,
90902,ASTERACEAE,ASTERA,MN,MN,,NA,Und,Und,NA,
90902,ASTERACEAE,ASTERA,83,NY_GLHL,,NA,Und,Und,NA,
90902,ASTERACEAE,ASTERA,62,PA_AP,,NA,Und,Und,NA,
90902,ASTERACEAE,ASTERA,59,RI_NCZ,,NA,Und,Und,NA,
90902,ASTERACEAE,ASTERA,WI,WI,,NA,Und,Und,NA,
9768,ATHYRIUM FILIX-FEMINA,ATFI,58,CT_NAAMH,ATHYRIUM FILIX-FEMINA,4,4,4,0,
9768,ATHYRIUM FILIX-FEMINA,ATFI,59,CT_NCZ,ATHYRIUM FILIX-FEMINA,5,5,5,0,
9768,ATHYRIUM FILIX-FEMINA,ATFI,58,MA_NAAMH,ATHYRIUM FILIX-FEMINA,4,4,4,0,
9768,ATHYRIUM FILIX-FEMINA,ATFI,59,MA_NCZ,ATHYRIUM FILIX-FEMINA,5,5,5,0,
9768,ATHYRIUM FILIX-FEMINA,ATFI,58,ME_NAAMH,ATHYRIUM FILIX-FEMINA,4,4,4,0,
9768,ATHYRIUM FILIX-FEMINA,ATFI,82,ME_NBPH,ATHYRIUM FILIX-FEMINA,4,4,4,0,
9768,ATHYRIUM FILIX-FEMINA,ATFI,MI,MI,ATHYRIUM FILIX-FEMINA,4,4,4,0,
9768,ATHYRIUM FILIX-FEMINA,ATFI,MN,MN,,NA,5,4,NA,Updated to ssp. Cval/CoC Ref
9768,ATHYRIUM FILIX-FEMINA,ATFI,58,NH_NAAMH,ATHYRIUM FILIX-FEMINA,4,4,4,0,
9768,ATHYRIUM FILIX-FEMINA,ATFI,58,NJ,ATHYRIUM FILIX-FEMINA,4,6,4,-2,
9768,ATHYRIUM FILIX-FEMINA,ATFI,83,NY_GLHL,ATHYRIUM FILIX-FEMINA,5,5,5,0,
9768,ATHYRIUM FILIX-FEMINA,ATFI,61,PA_APG,,NA,5,6,NA,Updated to ssp. Cval/CoC Ref
9768,ATHYRIUM FILIX-FEMINA,ATFI,59,RI_NCZ,ATHYRIUM FILIX-FEMINA,5,5,5,0,
9768,ATHYRIUM FILIX-FEMINA,ATFI,83,VT_GLHL,ATHYRIUM FILIX-FEMINA,5,5,5,0,
9768,ATHYRIUM FILIX-FEMINA,ATFI,58,VT_NAAMH,ATHYRIUM FILIX-FEMINA,4,4,4,0,
9768,ATHYRIUM FILIX-FEMINA,ATFI,WI,WI,ATHYRIUM FILIX-FEMINA,5,5,5,0,
9769,ATHYRIUM FILIX-FEMINA SSP. ANGUSTUM,ATFIA,58,MA_NAAMH,ATHYRIUM FILIX-FEMINA SSP. ANGUSTUM,7,7,7,0,
9769,ATHYRIUM FILIX-FEMINA SSP. ANGUSTUM,ATFIA,59,MA_NCZ,ATHYRIUM FILIX-FEMINA SSP. ANGUSTUM,6,6,6,0,
9769,ATHYRIUM FILIX-FEMINA SSP. ANGUSTUM,ATFIA,82,ME_NBPH,,NA,7,4,NA,Updated to ssp. Cval/CoC Ref
9769,ATHYRIUM FILIX-FEMINA SSP. ANGUSTUM,ATFIA,MN,MN,ATHYRIUM FILIX-FEMINA SSP. ANGUSTUM,4,4,4,0,
9769,ATHYRIUM FILIX-FEMINA SSP. ANGUSTUM,ATFIA,58,NH_NAAMH,ATHYRIUM FILIX-FEMINA SSP. ANGUSTUM,7,7,7,0,
9769,ATHYRIUM FILIX-FEMINA SSP. ANGUSTUM,ATFIA,83,NY_GLHL,ATHYRIUM FILIX-FEMINA SSP. ANGUSTUM,7,7,7,0,
9769,ATHYRIUM FILIX-FEMINA SSP. ANGUSTUM,ATFIA,58,NY_NAAMH,ATHYRIUM FILIX-FEMINA SSP. ANGUSTUM,7,7,7,0,
9769,ATHYRIUM FILIX-FEMINA SSP. ANGUSTUM,ATFIA,83,VT_GLHL,ATHYRIUM FILIX-FEMINA SSP. ANGUSTUM,7,7,7,0,
9769,ATHYRIUM FILIX-FEMINA SSP. ANGUSTUM,ATFIA,58,VT_NAAMH,ATHYRIUM FILIX-FEMINA SSP. ANGUSTUM,7,7,7,0,
9770,ATHYRIUM FILIX-FEMINA SSP. ASPLENIOIDES,ATFIA2,59,CT_NCZ,ATHYRIUM ASPLENIOIDES,7,7,7,0,
9770,ATHYRIUM FILIX-FEMINA SSP. ASPLENIOIDES,ATFIA2,59,MA_NCZ,ATHYRIUM ASPLENIOIDES,7,7,7,0,
9830,ATRIPLEX,ATRIP,59,MA_NCZ,,NA,Und,Und,NA,
10275,AZOLLA CAROLINIANA,AZCA,61,OH_APG,,NA,0,0,NA,
10294,BACCHARIS HALIMIFOLIA,BAHA,59,RI_NCZ,BACCHARIS HALIMIFOLIA,7,8,7,-1,
10735,BARBAREA VULGARIS,BAVU,58,ME_NAAMH,BARBAREA VULGARIS,0,0,0,0,
10735,BARBAREA VULGARIS,BAVU,MI,MI,BARBAREA VULGARIS,0,0,0,0,
10735,BARBAREA VULGARIS,BAVU,61,OH_APG,,NA,0,0,NA,
10735,BARBAREA VULGARIS,BAVU,59,RI_NCZ,BARBAREA VULGARIS,0,0,0,0,
10735,BARBAREA VULGARIS,BAVU,58,VT_NAAMH,BARBAREA VULGARIS,0,0,0,0,
10838,BARTONIA PANICULATA,BAPA2,82,ME_NBPH,BARTONIA PANICULATA,7,7,7,0,
10846,BARTONIA VIRGINICA,BAVI3,59,RI_NCZ,BARTONIA VIRGINICA,6,6,6,0,
11072,BERBERIS THUNBERGII,BETH,58,CT_NAAMH,BERBERIS THUNBERGII,0,0,0,0,
11072,BERBERIS THUNBERGII,BETH,59,CT_NCZ,BERBERIS THUNBERGII,0,0,0,0,
11072,BERBERIS THUNBERGII,BETH,59,MA_NCZ,BERBERIS THUNBERGII,0,0,0,0,
11072,BERBERIS THUNBERGII,BETH,58,NH_NAAMH,BERBERIS THUNBERGII,0,0,0,0,
11072,BERBERIS THUNBERGII,BETH,59,NH_NCZ,BERBERIS THUNBERGII,0,0,0,0,
11072,BERBERIS THUNBERGII,BETH,58,NJ,BERBERIS THUNBERGII,0,0,0,0,
11072,BERBERIS THUNBERGII,BETH,59,RI_NCZ,BERBERIS THUNBERGII,0,0,0,0,
11076,BERBERIS VULGARIS,BEVU,58,VT_NAAMH,BERBERIS VULGARIS,0,0,0,0,
11165,BETULA,BETUL,MI,MI,,NA,6,6,NA,
11165,BETULA,BETUL,61,PA_APG,,NA,5,5,NA,
11193,BETULA ALLEGHANIENSIS,BEAL2,59,CT_NCZ,BETULA ALLEGHANIENSIS,6,6,6,0,
11193,BETULA ALLEGHANIENSIS,BEAL2,58,MA_NAAMH,BETULA ALLEGHANIENSIS,5,5,5,0,
11193,BETULA ALLEGHANIENSIS,BEAL2,59,MA_NCZ,BETULA ALLEGHANIENSIS,6,6,6,0,
11193,BETULA ALLEGHANIENSIS,BEAL2,58,ME_NAAMH,BETULA ALLEGHANIENSIS,5,5,5,0,
11193,BETULA ALLEGHANIENSIS,BEAL2,82,ME_NBPH,BETULA ALLEGHANIENSIS,5,5,5,0,
11193,BETULA ALLEGHANIENSIS,BEAL2,59,ME_NCZ,BETULA ALLEGHANIENSIS,6,6,6,0,
11193,BETULA ALLEGHANIENSIS,BEAL2,MI,MI,BETULA ALLEGHANIENSIS,7,7,7,0,
11193,BETULA ALLEGHANIENSIS,BEAL2,MN,MN,,NA,7,7,NA,
11193,BETULA ALLEGHANIENSIS,BEAL2,58,NH_NAAMH,BETULA ALLEGHANIENSIS,5,5,5,0,
11193,BETULA ALLEGHANIENSIS,BEAL2,58,NJ,BETULA ALLEGHANIENSIS,5,8,5,-3,
11193,BETULA ALLEGHANIENSIS,BEAL2,58,NY_NAAMH,BETULA ALLEGHANIENSIS,5,5,5,0,
11193,BETULA ALLEGHANIENSIS,BEAL2,60,NY_OTH,BETULA ALLEGHANIENSIS,7,4,7,3,
11193,BETULA ALLEGHANIENSIS,BEAL2,62,PA_AP,BETULA ALLEGHANIENSIS,7,7,7,0,
11193,BETULA ALLEGHANIENSIS,BEAL2,59,RI_NCZ,BETULA ALLEGHANIENSIS,6,6,6,0,
11193,BETULA ALLEGHANIENSIS,BEAL2,83,VT_GLHL,BETULA ALLEGHANIENSIS,6,6,6,0,
11193,BETULA ALLEGHANIENSIS,BEAL2,58,VT_NAAMH,BETULA ALLEGHANIENSIS,5,5,5,0,
11193,BETULA ALLEGHANIENSIS,BEAL2,WI,WI,BETULA ALLEGHANIENSIS,7,7,7,0,
11194,BETULA ALLEGHANIENSIS VAR. ALLEGHANIENSIS,BEALA,MN,MN,,NA,7,7,NA,
11211,BETULA LENTA,BELE,59,CT_NCZ,BETULA LENTA,5,5,5,0,
11211,BETULA LENTA,BELE,59,MA_NCZ,BETULA LENTA,5,5,5,0,
11211,BETULA LENTA,BELE,59,NH_NCZ,BETULA LENTA,5,5,5,0,
11211,BETULA LENTA,BELE,58,NJ,BETULA LENTA,5,5,5,0,
11234,BETULA NIGRA,BENI,MI,MI,BETULA NIGRA,5,6,5,-1,
11234,BETULA NIGRA,BENI,58,NJ,BETULA NIGRA,7,5,7,2,
11234,BETULA NIGRA,BENI,61,PA_APG,BETULA NIGRA,7,5,7,2,
11239,BETULA PAPYRIFERA,BEPA,59,CT_NCZ,BETULA PAPYRIFERA,5,5,5,0,
11239,BETULA PAPYRIFERA,BEPA,58,ME_NAAMH,BETULA PAPYRIFERA,4,4,4,0,
11239,BETULA PAPYRIFERA,BEPA,82,ME_NBPH,BETULA PAPYRIFERA,3,3,3,0,
11239,BETULA PAPYRIFERA,BEPA,MI,MI,BETULA PAPYRIFERA,2,2,2,0,
11239,BETULA PAPYRIFERA,BEPA,MN,MN,,NA,3,3,NA,
11239,BETULA PAPYRIFERA,BEPA,58,NH_NAAMH,BETULA PAPYRIFERA,4,4,4,0,
11239,BETULA PAPYRIFERA,BEPA,58,NY_NAAMH,BETULA PAPYRIFERA,4,4,4,0,
11239,BETULA PAPYRIFERA,BEPA,62,PA_AP,BETULA PAPYRIFERA,6,8,6,-2,
11239,BETULA PAPYRIFERA,BEPA,83,VT_GLHL,BETULA PAPYRIFERA,4,4,4,0,
11239,BETULA PAPYRIFERA,BEPA,58,VT_NAAMH,BETULA PAPYRIFERA,4,4,4,0,
11239,BETULA PAPYRIFERA,BEPA,WI,WI,BETULA PAPYRIFERA,3,3,3,0,
11243,BETULA PAPYRIFERA VAR. CORDIFOLIA,BEPAC2,58,NH_NAAMH,BETULA PAPYRIFERA VAR. CORDIFOLIA,6,6,6,0,
11251,BETULA PAPYRIFERA VAR. PAPYRIFERA,BEPAP,MN,MN,BETULA PAPYRIFERA VAR. PAPYRIFERA,3,3,3,0,
11263,BETULA POPULIFOLIA,BEPO,59,CT_NCZ,BETULA POPULIFOLIA,3,3,3,0,
11263,BETULA POPULIFOLIA,BEPO,82,ME_NBPH,BETULA POPULIFOLIA,2,2,2,0,
11263,BETULA POPULIFOLIA,BEPO,59,ME_NCZ,BETULA POPULIFOLIA,3,3,3,0,
11263,BETULA POPULIFOLIA,BEPO,58,NH_NAAMH,BETULA POPULIFOLIA,3,3,3,0,
11263,BETULA POPULIFOLIA,BEPO,83,NY_GLHL,BETULA POPULIFOLIA,3,3,3,0,
11263,BETULA POPULIFOLIA,BEPO,58,NY_NAAMH,BETULA POPULIFOLIA,3,3,3,0,
11263,BETULA POPULIFOLIA,BEPO,62,PA_AP,BETULA POPULIFOLIA,5,5,5,0,
11263,BETULA POPULIFOLIA,BEPO,61,PA_APG,BETULA POPULIFOLIA,5,5,5,0,
11263,BETULA POPULIFOLIA,BEPO,83,VT_GLHL,BETULA POPULIFOLIA,3,3,3,0,
11263,BETULA POPULIFOLIA,BEPO,58,VT_NAAMH,BETULA POPULIFOLIA,3,3,3,0,
11269,BETULA PUMILA,BEPU4,MI,MI,BETULA PUMILA,8,8,8,0,
11269,BETULA PUMILA,BEPU4,MN,MN,,NA,7,7,NA,
11269,BETULA PUMILA,BEPU4,WI,WI,BETULA PUMILA,7,7,7,0,
11271,BETULA PUMILA VAR. GLANDULIFERA,BEPUG,MN,MN,,NA,7,7,NA,
11329,BIDENS,BIDEN,59,CT_NCZ,,NA,4,4,NA,
11329,BIDENS,BIDEN,59,MA_NCZ,,NA,4,4,NA,
11329,BIDENS,BIDEN,82,ME_NBPH,,NA,2,2,NA,
11329,BIDENS,BIDEN,MI,MI,,NA,4,4,NA,
11329,BIDENS,BIDEN,MN,MN,,NA,4,4,NA,
11329,BIDENS,BIDEN,83,NY_GLHL,,NA,5,5,NA,
11329,BIDENS,BIDEN,61,PA_APG,,NA,3,3,NA,
11329,BIDENS,BIDEN,59,RI_NCZ,,NA,4,4,NA,
11329,BIDENS,BIDEN,83,VT_GLHL,,NA,5,5,NA,
11329,BIDENS,BIDEN,58,VT_NAAMH,,NA,5,5,NA,
11329,BIDENS,BIDEN,WI,WI,,NA,4,4,NA,
11339,BIDENS ARISTOSA,BIAR,IN,IN,BIDENS ARISTOSA,1,1,1,0,
11364,BIDENS CERNUA,BICE,58,CT_NAAMH,BIDENS CERNUA,4,4,4,0,
11364,BIDENS CERNUA,BICE,IN,IN,BIDENS CERNUA,2,2,2,0,
11364,BIDENS CERNUA,BICE,MI,MI,BIDENS CERNUA,3,3,3,0,
11364,BIDENS CERNUA,BICE,MN,MN,BIDENS CERNUA,3,3,3,0,
11364,BIDENS CERNUA,BICE,83,NY_GLHL,BIDENS CERNUA,4,4,4,0,
11364,BIDENS CERNUA,BICE,62,PA_AP,BIDENS CERNUA,4,4,4,0,
11364,BIDENS CERNUA,BICE,83,PA_OTH,BIDENS CERNUA,4,4,4,0,
11364,BIDENS CERNUA,BICE,WI,WI,BIDENS CERNUA,4,4,4,0,
11377,BIDENS CONNATA,BICO5,58,CT_NAAMH,BIDENS CONNATA,4,4,4,0,
11377,BIDENS CONNATA,BICO5,59,CT_NCZ,BIDENS CONNATA,4,4,4,0,
11377,BIDENS CONNATA,BICO5,MI,MI,BIDENS CONNATA,5,5,5,0,
11377,BIDENS CONNATA,BICO5,MN,MN,BIDENS CONNATA,3,3,3,0,
11377,BIDENS CONNATA,BICO5,59,NH_NCZ,BIDENS CONNATA,4,4,4,0,
11377,BIDENS CONNATA,BICO5,83,NY_GLHL,BIDENS CONNATA,4,4,4,0,
11377,BIDENS CONNATA,BICO5,62,PA_AP,BIDENS CONNATA,5,5,5,0,
11377,BIDENS CONNATA,BICO5,60,PA_APG,BIDENS CONNATA,5,4,5,1,
11377,BIDENS CONNATA,BICO5,83,VT_GLHL,BIDENS CONNATA,4,4,4,0,
11377,BIDENS CONNATA,BICO5,WI,WI,BIDENS CONNATA,6,6,6,0,
11386,BIDENS CORONATA,BICO,WI,WI,BIDENS TRICHOSPERMA,7,7,7,0,
11399,BIDENS DISCOIDEA,BIDI,58,CT_NAAMH,BIDENS DISCOIDEA,6,6,6,0,
11399,BIDENS DISCOIDEA,BIDI,59,CT_NCZ,BIDENS DISCOIDEA,6,6,6,0,
11417,BIDENS FRONDOSA,BIFR,58,CT_NAAMH,BIDENS FRONDOSA,2,2,2,0,
11417,BIDENS FRONDOSA,BIFR,59,CT_NCZ,BIDENS FRONDOSA,2,2,2,0,
11417,BIDENS FRONDOSA,BIFR,IN,IN,BIDENS FRONDOSA,1,1,1,0,
11417,BIDENS FRONDOSA,BIFR,59,MA_NCZ,BIDENS FRONDOSA,2,2,2,0,
11417,BIDENS FRONDOSA,BIFR,MI,MI,BIDENS FRONDOSA,1,1,1,0,
11417,BIDENS FRONDOSA,BIFR,MN,MN,BIDENS FRONDOSA,1,1,1,0,
11417,BIDENS FRONDOSA,BIFR,58,NH_NAAMH,BIDENS FRONDOSA,2,2,2,0,
11417,BIDENS FRONDOSA,BIFR,59,NH_NCZ,BIDENS FRONDOSA,2,2,2,0,
11417,BIDENS FRONDOSA,BIFR,83,NY_GLHL,BIDENS FRONDOSA,2,2,2,0,
11417,BIDENS FRONDOSA,BIFR,58,NY_NAAMH,BIDENS FRONDOSA,2,2,2,0,
11417,BIDENS FRONDOSA,BIFR,61,OH_APG,BIDENS FRONDOSA,2,2,2,0,
11417,BIDENS FRONDOSA,BIFR,61,PA_APG,BIDENS FRONDOSA,2,2,2,0,
11417,BIDENS FRONDOSA,BIFR,83,PA_OTH,BIDENS FRONDOSA,2,2,2,0,
11417,BIDENS FRONDOSA,BIFR,83,VT_GLHL,BIDENS FRONDOSA,2,2,2,0,
11417,BIDENS FRONDOSA,BIFR,58,VT_NAAMH,BIDENS FRONDOSA,2,2,2,0,
11417,BIDENS FRONDOSA,BIFR,WI,WI,BIDENS FRONDOSA,1,1,1,0,
11518,BIDENS TRIPARTITA,BITR,59,CT_NCZ,BIDENS TRIPARTITA,4,4,4,0,
11518,BIDENS TRIPARTITA,BITR,IN,IN,,NA,2,2,NA,
11518,BIDENS TRIPARTITA,BITR,59,RI_NCZ,BIDENS TRIPARTITA,4,4,4,0,
11653,BLEPHILIA HIRSUTA,BLHI,MI,MI,BLEPHILIA HIRSUTA,8,8,8,0,
11761,BOEHMERIA CYLINDRICA,BOCY,58,CT_NAAMH,BOEHMERIA CYLINDRICA,6,6,6,0,
11761,BOEHMERIA CYLINDRICA,BOCY,59,CT_NCZ,BOEHMERIA CYLINDRICA,4,4,4,0,
11761,BOEHMERIA CYLINDRICA,BOCY,IN,IN,,NA,3,3,NA,
11761,BOEHMERIA CYLINDRICA,BOCY,59,MA_NCZ,BOEHMERIA CYLINDRICA,4,4,4,0,
11761,BOEHMERIA CYLINDRICA,BOCY,82,ME_NBPH,BOEHMERIA CYLINDRICA,5,5,5,0,
11761,BOEHMERIA CYLINDRICA,BOCY,59,ME_NCZ,BOEHMERIA CYLINDRICA,4,4,4,0,
11761,BOEHMERIA CYLINDRICA,BOCY,MI,MI,BOEHMERIA CYLINDRICA,5,5,5,0,
11761,BOEHMERIA CYLINDRICA,BOCY,MN,MN,BOEHMERIA CYLINDRICA,5,5,5,0,
11761,BOEHMERIA CYLINDRICA,BOCY,58,NH_NAAMH,BOEHMERIA CYLINDRICA,6,6,6,0,
11761,BOEHMERIA CYLINDRICA,BOCY,59,NH_NCZ,BOEHMERIA CYLINDRICA,4,4,4,0,
11761,BOEHMERIA CYLINDRICA,BOCY,58,NJ,BOEHMERIA CYLINDRICA,6,4,6,2,
11761,BOEHMERIA CYLINDRICA,BOCY,83,NY_GLHL,BOEHMERIA CYLINDRICA,6,6,6,0,
11761,BOEHMERIA CYLINDRICA,BOCY,61,OH_APG,BOEHMERIA CYLINDRICA,5,5,5,0,
11761,BOEHMERIA CYLINDRICA,BOCY,62,PA_AP,BOEHMERIA CYLINDRICA,5,5,5,0,
11761,BOEHMERIA CYLINDRICA,BOCY,59,RI_NCZ,BOEHMERIA CYLINDRICA,4,4,4,0,
11761,BOEHMERIA CYLINDRICA,BOCY,83,VT_GLHL,BOEHMERIA CYLINDRICA,6,6,6,0,
11761,BOEHMERIA CYLINDRICA,BOCY,58,VT_NAAMH,BOEHMERIA CYLINDRICA,6,6,6,0,
11761,BOEHMERIA CYLINDRICA,BOCY,WI,WI,BOEHMERIA CYLINDRICA,6,6,6,0,
91538,BOLBOSCHOENUS FLUVIATILIS,BOFL3,MN,MN,SCHOENOPLECTUS FLUVIATILIS,4,4,4,0,
11984,BOTRYCHIUM,BOTRY,58,ME_NAAMH,,NA,6,6,NA,
11999,BOTRYCHIUM DISSECTUM,BODI2,59,CT_NCZ,BOTRYCHIUM DISSECTUM,4,4,4,0,
11999,BOTRYCHIUM DISSECTUM,BODI2,83,NY_GLHL,BOTRYCHIUM DISSECTUM,4,4,4,0,
11999,BOTRYCHIUM DISSECTUM,BODI2,59,RI_NCZ,BOTRYCHIUM DISSECTUM,4,4,4,0,
12040,BOTRYCHIUM ONEIDENSE,BOON,MI,MI,,NA,7,7,NA,
12063,BOTRYCHIUM VIRGINIANUM,BOVI,MI,MI,,NA,5,5,NA,
12063,BOTRYCHIUM VIRGINIANUM,BOVI,MN,MN,BOTRYCHIUM VIRGINIANUM,6,6,6,0,
12219,BRACHYELYTRUM,BRACH2,58,VT_NAAMH,,NA,6,6,NA,
12220,BRACHYELYTRUM ARISTOSUM,BRAR9,59,CT_NCZ,BRACHYELYTRUM ARISTOSUM,5,5,5,0,
12220,BRACHYELYTRUM ARISTOSUM,BRAR9,58,MA_NAAMH,BRACHYELYTRUM ARISTOSUM,6,6,6,0,
12220,BRACHYELYTRUM ARISTOSUM,BRAR9,58,ME_NAAMH,BRACHYELYTRUM ARISTOSUM,6,6,6,0,
12220,BRACHYELYTRUM ARISTOSUM,BRAR9,MN,MN,,NA,7,7,NA,
12220,BRACHYELYTRUM ARISTOSUM,BRAR9,58,NH_NAAMH,BRACHYELYTRUM ARISTOSUM,6,6,6,0,
12220,BRACHYELYTRUM ARISTOSUM,BRAR9,58,NY_NAAMH,BRACHYELYTRUM ARISTOSUM,6,6,6,0,
12220,BRACHYELYTRUM ARISTOSUM,BRAR9,59,RI_NCZ,BRACHYELYTRUM ARISTOSUM,5,5,5,0,
12220,BRACHYELYTRUM ARISTOSUM,BRAR9,58,VT_NAAMH,BRACHYELYTRUM ARISTOSUM,6,6,6,0,
12220,BRACHYELYTRUM ARISTOSUM,BRAR9,WI,WI,BRACHYELYTRUM ARISTOSUM,7,7,7,0,
12222,BRACHYELYTRUM ERECTUM,BRER2,58,ME_NAAMH,BRACHYELYTRUM ERECTUM,6,6,6,0,
12222,BRACHYELYTRUM ERECTUM,BRER2,82,ME_NBPH,,NA,6,6,NA,
12222,BRACHYELYTRUM ERECTUM,BRER2,59,ME_NCZ,BRACHYELYTRUM ERECTUM,6,6,6,0,
12222,BRACHYELYTRUM ERECTUM,BRER2,MI,MI,BRACHYELYTRUM ERECTUM,7,7,7,0,
12222,BRACHYELYTRUM ERECTUM,BRER2,62,PA_AP,BRACHYELYTRUM ERECTUM,6,6,6,0,
12222,BRACHYELYTRUM ERECTUM,BRER2,61,PA_APG,BRACHYELYTRUM ERECTUM,6,6,6,0,
12222,BRACHYELYTRUM ERECTUM,BRER2,WI,WI,BRACHYELYTRUM ERECTUM,7,7,7,0,
12375,BRASENIA SCHREBERI,BRSC,82,ME_NBPH,BRASENIA SCHREBERI,5,5,5,0,
12375,BRASENIA SCHREBERI,BRSC,MN,MN,BRASENIA SCHREBERI,7,7,7,0,
12375,BRASENIA SCHREBERI,BRSC,59,RI_NCZ,BRASENIA SCHREBERI,6,6,6,0,
12375,BRASENIA SCHREBERI,BRSC,WI,WI,BRASENIA SCHREBERI,6,6,6,0,
12386,BRASSICA,BRASS2,82,ME_NBPH,,NA,0,0,NA,
90966,BRASSICACEAE,BRASSI,82,ME_NBPH,,NA,Und,Und,NA,
90966,BRASSICACEAE,BRASSI,MN,MN,,NA,Und,Und,NA,
90966,BRASSICACEAE,BRASSI,83,VT_GLHL,,NA,Und,Und,NA,
12783,BROMUS,BROMU,61,PA_APG,,NA,Und,Und,NA,
12820,BROMUS CILIATUS,BRCI2,58,ME_NAAMH,BROMUS CILIATUS,5,5,5,0,
12820,BROMUS CILIATUS,BRCI2,MI,MI,BROMUS CILIATUS,6,6,6,0,
12820,BROMUS CILIATUS,BRCI2,MN,MN,,NA,7,7,NA,
12820,BROMUS CILIATUS,BRCI2,WI,WI,BROMUS CILIATUS,7,7,7,0,
12821,BROMUS CILIATUS VAR. CILIATUS,BRCIC3,MN,MN,,NA,6,6,NA,
12854,BROMUS INERMIS,BRIN2,WI,WI,BROMUS INERMIS,0,0,0,0,
12915,BROMUS PUBESCENS,BRPU6,IN,IN,BROMUS PUBESCENS,4,4,4,0,
12915,BROMUS PUBESCENS,BRPU6,WI,WI,BROMUS PUBESCENS,6,6,6,0,
13630,CABOMBA CAROLINIANA,CACA,59,RI_NCZ,CABOMBA CAROLINIANA,0,0,0,0,
13762,CALAMAGROSTIS,CALAM,62,PA_AP,,NA,7,7,NA,
13779,CALAMAGROSTIS CANADENSIS,CACA4,58,CT_NAAMH,CALAMAGROSTIS CANADENSIS,4,4,4,0,
13779,CALAMAGROSTIS CANADENSIS,CACA4,59,CT_NCZ,CALAMAGROSTIS CANADENSIS,4,4,4,0,
13779,CALAMAGROSTIS CANADENSIS,CACA4,IN,IN,,NA,5,5,NA,
13779,CALAMAGROSTIS CANADENSIS,CACA4,59,MA_NCZ,CALAMAGROSTIS CANADENSIS,4,4,4,0,
13779,CALAMAGROSTIS CANADENSIS,CACA4,58,ME_NAAMH,CALAMAGROSTIS CANADENSIS,4,4,4,0,
13779,CALAMAGROSTIS CANADENSIS,CACA4,82,ME_NBPH,CALAMAGROSTIS CANADENSIS,3,3,3,0,
13779,CALAMAGROSTIS CANADENSIS,CACA4,59,ME_NCZ,CALAMAGROSTIS CANADENSIS,4,4,4,0,
13779,CALAMAGROSTIS CANADENSIS,CACA4,MI,MI,CALAMAGROSTIS CANADENSIS,3,3,3,0,
13779,CALAMAGROSTIS CANADENSIS,CACA4,MN,MN,CALAMAGROSTIS CANADENSIS,4,4,4,0,
13779,CALAMAGROSTIS CANADENSIS,CACA4,58,NH_NAAMH,CALAMAGROSTIS CANADENSIS,4,4,4,0,
13779,CALAMAGROSTIS CANADENSIS,CACA4,59,NH_NCZ,CALAMAGROSTIS CANADENSIS,4,4,4,0,
13779,CALAMAGROSTIS CANADENSIS,CACA4,83,NY_GLHL,CALAMAGROSTIS CANADENSIS,5,5,5,0,
13779,CALAMAGROSTIS CANADENSIS,CACA4,58,NY_NAAMH,CALAMAGROSTIS CANADENSIS,4,4,4,0,
13779,CALAMAGROSTIS CANADENSIS,CACA4,62,PA_AP,CALAMAGROSTIS CANADENSIS,7,7,7,0,
13779,CALAMAGROSTIS CANADENSIS,CACA4,59,RI_NCZ,CALAMAGROSTIS CANADENSIS,4,4,4,0,
13779,CALAMAGROSTIS CANADENSIS,CACA4,83,VT_GLHL,CALAMAGROSTIS CANADENSIS,5,5,5,0,
13779,CALAMAGROSTIS CANADENSIS,CACA4,58,VT_NAAMH,CALAMAGROSTIS CANADENSIS,4,4,4,0,
13779,CALAMAGROSTIS CANADENSIS,CACA4,WI,WI,CALAMAGROSTIS CANADENSIS,5,5,5,0,
13783,CALAMAGROSTIS CANADENSIS VAR. CANADENSIS,CACAC10,58,MA_NAAMH,,NA,4,4,NA,
13783,CALAMAGROSTIS CANADENSIS VAR. CANADENSIS,CACAC10,59,MA_NCZ,,NA,4,4,NA,
13783,CALAMAGROSTIS CANADENSIS VAR. CANADENSIS,CACAC10,82,ME_NBPH,,NA,3,3,NA,
13783,CALAMAGROSTIS CANADENSIS VAR. CANADENSIS,CACAC10,58,NH_NAAMH,,NA,2,2,NA,
13783,CALAMAGROSTIS CANADENSIS VAR. CANADENSIS,CACAC10,83,NY_GLHL,,NA,5,5,NA,
13783,CALAMAGROSTIS CANADENSIS VAR. CANADENSIS,CACAC10,62,PA_AP,,NA,7,7,NA,
13783,CALAMAGROSTIS CANADENSIS VAR. CANADENSIS,CACAC10,83,VT_GLHL,,NA,5,5,NA,
13783,CALAMAGROSTIS CANADENSIS VAR. CANADENSIS,CACAC10,58,VT_NAAMH,,NA,2,2,NA,
13880,CALAMAGROSTIS STRICTA SSP. INEXPANSA,CASTI3,MN,MN,CALAMAGROSTIS STRICTA SSP. INEXPANSA,7,7,7,0,
14008,CALLA PALUSTRIS,CAPA,82,ME_NBPH,CALLA PALUSTRIS,6,6,6,0,
14008,CALLA PALUSTRIS,CAPA,MI,MI,CALLA PALUSTRIS,10,10,10,0,
14008,CALLA PALUSTRIS,CAPA,MN,MN,CALLA PALUSTRIS,8,8,8,0,
14008,CALLA PALUSTRIS,CAPA,58,NH_NAAMH,CALLA PALUSTRIS,7,7,7,0,
14008,CALLA PALUSTRIS,CAPA,58,VT_NAAMH,CALLA PALUSTRIS,7,7,7,0,
14008,CALLA PALUSTRIS,CAPA,WI,WI,CALLA PALUSTRIS,9,9,9,0,
14178,CALLITRICHE,CALLI6,MN,MN,,NA,8,8,NA,
14178,CALLITRICHE,CALLI6,58,NJ,,NA,5,5,NA,
14178,CALLITRICHE,CALLI6,59,RI_NCZ,,NA,4,4,NA,
14178,CALLITRICHE,CALLI6,WI,WI,,NA,6,6,NA,
14189,CALLITRICHE HETEROPHYLLA,CAHE3,58,NH_NAAMH,CALLITRICHE HETEROPHYLLA,6,6,6,0,
14200,CALLITRICHE PALUSTRIS,CAPA52,59,CT_NCZ,CALLITRICHE PALUSTRIS,6,6,6,0,
14200,CALLITRICHE PALUSTRIS,CAPA52,82,ME_NBPH,CALLITRICHE PALUSTRIS,4,4,4,0,
14200,CALLITRICHE PALUSTRIS,CAPA52,83,NY_GLHL,CALLITRICHE PALUSTRIS,5,5,5,0,
14200,CALLITRICHE PALUSTRIS,CAPA52,WI,WI,CALLITRICHE PALUSTRIS,8,8,8,0,
14557,CALOPOGON TUBEROSUS,CATU5,82,ME_NBPH,CALOPOGON TUBEROSUS,7,7,7,0,
14560,CALOPOGON TUBEROSUS VAR. TUBEROSUS,CATUT,82,ME_NBPH,,NA,7,7,NA,
14604,CALTHA PALUSTRIS,CAPA5,59,CT_NCZ,CALTHA PALUSTRIS,6,6,6,0,
14604,CALTHA PALUSTRIS,CAPA5,IN,IN,CALTHA PALUSTRIS,7,7,7,0,
14604,CALTHA PALUSTRIS,CAPA5,MI,MI,CALTHA PALUSTRIS,6,6,6,0,
14604,CALTHA PALUSTRIS,CAPA5,MN,MN,,NA,6,6,NA,
14604,CALTHA PALUSTRIS,CAPA5,58,NJ,CALTHA PALUSTRIS,5,8,5,-3,
14604,CALTHA PALUSTRIS,CAPA5,83,VT_GLHL,CALTHA PALUSTRIS,4,4,4,0,
14604,CALTHA PALUSTRIS,CAPA5,58,VT_NAAMH,CALTHA PALUSTRIS,5,5,5,0,
14604,CALTHA PALUSTRIS,CAPA5,WI,WI,CALTHA PALUSTRIS,6,6,6,0,
14609,CALTHA PALUSTRIS VAR. PALUSTRIS,CAPAP6,MN,MN,,NA,6,6,NA,
14817,CALYSTEGIA SEPIUM,CASE13,59,MA_NCZ,CALYSTEGIA SEPIUM,2,2,2,0,
14817,CALYSTEGIA SEPIUM,CASE13,MI,MI,CALYSTEGIA SEPIUM,2,2,2,0,
14817,CALYSTEGIA SEPIUM,CASE13,83,NY_GLHL,CALYSTEGIA SEPIUM,2,2,2,0,
14817,CALYSTEGIA SEPIUM,CASE13,62,PA_AP,CALYSTEGIA SEPIUM,1,1,1,0,
14817,CALYSTEGIA SEPIUM,CASE13,61,PA_APG,CALYSTEGIA SEPIUM,1,1,1,0,
14817,CALYSTEGIA SEPIUM,CASE13,59,RI_NCZ,CALYSTEGIA SEPIUM,2,2,2,0,
14817,CALYSTEGIA SEPIUM,CASE13,58,VT_NAAMH,CALYSTEGIA SEPIUM,2,2,2,0,
14820,CALYSTEGIA SEPIUM SSP. APPALACHIANA,CASEA4,83,NY_GLHL,,NA,2,2,NA,
15022,CAMPANULA APARINOIDES,CAAP2,59,CT_NCZ,CAMPANULA APARINOIDES,6,6,6,0,
15022,CAMPANULA APARINOIDES,CAAP2,IN,IN,CAMPANULA APARINOIDES,8,8,8,0,
15022,CAMPANULA APARINOIDES,CAAP2,82,ME_NBPH,CAMPANULA APARINOIDES,5,5,5,0,
15022,CAMPANULA APARINOIDES,CAAP2,MI,MI,CAMPANULA APARINOIDES,7,7,7,0,
15022,CAMPANULA APARINOIDES,CAAP2,MN,MN,CAMPANULA APARINOIDES,5,5,5,0,
15022,CAMPANULA APARINOIDES,CAAP2,58,NY_NAAMH,CAMPANULA APARINOIDES,5,5,5,0,
15022,CAMPANULA APARINOIDES,CAAP2,59,RI_NCZ,CAMPANULA APARINOIDES,6,6,6,0,
15022,CAMPANULA APARINOIDES,CAAP2,83,VT_GLHL,CAMPANULA APARINOIDES,7,7,7,0,
15022,CAMPANULA APARINOIDES,CAAP2,WI,WI,CAMPANULA APARINOIDES,7,7,7,0,
15318,CANNABIS SATIVA,CASA3,IN,IN,CANNABIS SATIVA,0,0,0,0,
90891,CAPRIFOLIACEAE,CAPRIF,MI,MI,,NA,Und,Und,NA,
15436,CARDAMINE,CARDA,58,NY_NAAMH,,NA,8,8,NA,
15436,CARDAMINE,CARDA,62,PA_AP,,NA,Und,Und,NA,
15436,CARDAMINE,CARDA,59,RI_NCZ,,NA,4,4,NA,
15456,CARDAMINE BULBOSA,CABU3,IN,IN,CARDAMINE BULBOSA,4,4,4,0,
15456,CARDAMINE BULBOSA,CABU3,MN,MN,CARDAMINE BULBOSA,6,6,6,0,
15456,CARDAMINE BULBOSA,CABU3,58,NJ,CARDAMINE BULBOSA,8,7,8,1,
15456,CARDAMINE BULBOSA,CABU3,83,NY_GLHL,CARDAMINE BULBOSA,8,8,8,0,
15496,CARDAMINE IMPATIENS,CAIM,62,PA_AP,,NA,0,0,NA,
15540,CARDAMINE PENSYLVANICA,CAPE3,59,CT_NCZ,CARDAMINE PENSYLVANICA,4,4,4,0,
15540,CARDAMINE PENSYLVANICA,CAPE3,59,MA_NCZ,CARDAMINE PENSYLVANICA,4,4,4,0,
15540,CARDAMINE PENSYLVANICA,CAPE3,MI,MI,CARDAMINE PENSYLVANICA,1,1,1,0,
15540,CARDAMINE PENSYLVANICA,CAPE3,MN,MN,CARDAMINE PENSYLVANICA,4,4,4,0,
15540,CARDAMINE PENSYLVANICA,CAPE3,58,NJ,CARDAMINE PENSYLVANICA,4,4,4,0,
15540,CARDAMINE PENSYLVANICA,CAPE3,83,NY_GLHL,CARDAMINE PENSYLVANICA,4,4,4,0,
15540,CARDAMINE PENSYLVANICA,CAPE3,59,RI_NCZ,CARDAMINE PENSYLVANICA,4,4,4,0,
15540,CARDAMINE PENSYLVANICA,CAPE3,58,VT_NAAMH,CARDAMINE PENSYLVANICA,4,4,4,0,
15540,CARDAMINE PENSYLVANICA,CAPE3,WI,WI,CARDAMINE PENSYLVANICA,3,3,3,0,
15542,CARDAMINE PRATENSIS,CAPR3,83,NY_GLHL,CARDAMINE PRATENSIS,7,7,7,0,
15555,CARDAMINE ROTUNDIFOLIA,CARO3,83,NY_GLHL,,NA,10,10,NA,
15640,CAREX,CAREX,58,CT_NAAMH,,NA,6,6,NA,
15640,CAREX,CAREX,59,CT_NCZ,,NA,6,6,NA,
15640,CAREX,CAREX,IN,IN,,NA,7,7,NA,
15640,CAREX,CAREX,59,MA_NCZ,,NA,6,6,NA,
15640,CAREX,CAREX,58,ME_NAAMH,,NA,6,6,NA,
15640,CAREX,CAREX,82,ME_NBPH,,NA,5,5,NA,
15640,CAREX,CAREX,59,ME_NCZ,,NA,6,6,NA,
15640,CAREX,CAREX,MI,MI,,NA,7,7,NA,
15640,CAREX,CAREX,MN,MN,,NA,7,7,NA,
15640,CAREX,CAREX,58,NH_NAAMH,,NA,6,6,NA,
15640,CAREX,CAREX,59,NH_NCZ,,NA,6,6,NA,
15640,CAREX,CAREX,58,NJ,,NA,7,7,NA,
15640,CAREX,CAREX,61,OH_APG,,NA,7,7,NA,
15640,CAREX,CAREX,62,PA_AP,,NA,7,7,NA,
15640,CAREX,CAREX,61,PA_APG,,NA,7,7,NA,
15640,CAREX,CAREX,59,RI_NCZ,,NA,5,5,NA,
15640,CAREX,CAREX,58,VT_NAAMH,,NA,6,6,NA,
15640,CAREX,CAREX,WI,WI,,NA,7,7,NA,
15746,CAREX ALATA,CAAL3,83,NY_GLHL,CAREX ALATA,9,9,9,0,
15748,CAREX ALBICANS,CAAL25,59,RI_NCZ,CAREX ALBICANS,6,6,6,0,
15751,CAREX ALBICANS VAR. EMMONSII,CAALE,WI,WI,CAREX ALBICANS VAR. EMMONSII,6,6,6,0,
15760,CAREX ALOPECOIDEA,CAAL8,IN,IN,CAREX ALOPECOIDEA,7,7,7,0,
15777,CAREX ANNECTENS,CAAN6,IN,IN,CAREX ANNECTENS,3,3,3,0,
15777,CAREX ANNECTENS,CAAN6,83,NY_GLHL,CAREX ANNECTENS,2,2,2,0,
15783,CAREX APPALACHICA,CAAP5,58,NY_NAAMH,CAREX APPALACHICA,6,6,6,0,
15784,CAREX AQUATILIS,CAAQ,MI,MI,CAREX AQUATILIS,7,7,7,0,
15784,CAREX AQUATILIS,CAAQ,58,NY_NAAMH,CAREX AQUATILIS,7,7,7,0,
15784,CAREX AQUATILIS,CAAQ,WI,WI,CAREX AQUATILIS,7,7,7,0,
15788,CAREX AQUATILIS VAR. AQUATILIS,CAAQA,MN,MN,,NA,7,7,NA,
15788,CAREX AQUATILIS VAR. AQUATILIS,CAAQA,WI,WI,,NA,7,7,NA,
15795,CAREX ARCTATA,CAAR3,58,ME_NAAMH,CAREX ARCTATA,5,5,5,0,
15795,CAREX ARCTATA,CAAR3,58,NH_NAAMH,CAREX ARCTATA,5,5,5,0,
15795,CAREX ARCTATA,CAAR3,83,VT_GLHL,CAREX ARCTATA,6,6,6,0,
15801,CAREX ARGYRANTHA,CAAR4,59,CT_NCZ,CAREX ARGYRANTHA,6,6,6,0,
15801,CAREX ARGYRANTHA,CAAR4,82,ME_NBPH,CAREX ARGYRANTHA,4,4,4,0,
15808,CAREX ATHERODES,CAAT2,MN,MN,CAREX ATHERODES,5,5,5,0,
15808,CAREX ATHERODES,CAAT2,WI,WI,CAREX ATHERODES,8,8,8,0,
15810,CAREX ATLANTICA,CAAT4,59,CT_NCZ,CAREX ATLANTICA,7,7,7,0,
15810,CAREX ATLANTICA,CAAT4,58,ME_NAAMH,CAREX ATLANTICA,7,7,7,0,
15810,CAREX ATLANTICA,CAAT4,82,ME_NBPH,CAREX ATLANTICA,6,6,6,0,
15810,CAREX ATLANTICA,CAAT4,MI,MI,,NA,7,7,NA,
15810,CAREX ATLANTICA,CAAT4,59,RI_NCZ,CAREX ATLANTICA,7,7,7,0,
15810,CAREX ATLANTICA,CAAT4,WI,WI,,NA,7,7,NA,
15811,CAREX ATLANTICA SSP. ATLANTICA,CAATA2,82,ME_NBPH,,NA,6,6,NA,
15811,CAREX ATLANTICA SSP. ATLANTICA,CAATA2,58,NH_NAAMH,,NA,4,4,NA,
15812,CAREX ATLANTICA SSP. CAPILLACEA,CAATC,MI,MI,,NA,7,7,NA,
15812,CAREX ATLANTICA SSP. CAPILLACEA,CAATC,58,NH_NAAMH,,NA,5,5,NA,
15812,CAREX ATLANTICA SSP. CAPILLACEA,CAATC,59,RI_NCZ,,NA,5,5,NA,
15829,CAREX AUREA,CAAU3,MN,MN,CAREX AUREA,4,4,4,0,
15829,CAREX AUREA,CAAU3,83,NY_GLHL,CAREX AUREA,6,6,6,0,
15829,CAREX AUREA,CAAU3,WI,WI,CAREX AUREA,5,5,5,0,
15837,CAREX BAILEYI,CABA7,83,VT_GLHL,CAREX BAILEYI,6,6,6,0,
15837,CAREX BAILEYI,CABA7,58,VT_NAAMH,CAREX BAILEYI,6,6,6,0,
15843,CAREX BEBBII,CABE2,MI,MI,CAREX BEBBII,4,4,4,0,
15843,CAREX BEBBII,CABE2,MN,MN,CAREX BEBBII,5,5,5,0,
15843,CAREX BEBBII,CABE2,83,NY_GLHL,CAREX BEBBII,5,5,5,0,
15843,CAREX BEBBII,CABE2,WI,WI,CAREX BEBBII,4,4,4,0,
91577,CAREX BILLINGSII,CABI22,82,ME_NBPH,CAREX BILLINGSII,8,8,8,0,
91577,CAREX BILLINGSII,CABI22,58,NH_NAAMH,CAREX BILLINGSII,8,8,8,0,
91577,CAREX BILLINGSII,CABI22,58,NY_NAAMH,CAREX BILLINGSII,8,8,8,0,
15859,CAREX BLANDA,CABL,IN,IN,CAREX BLANDA,1,1,1,0,
15859,CAREX BLANDA,CABL,MI,MI,CAREX BLANDA,1,1,1,0,
15859,CAREX BLANDA,CABL,58,VT_NAAMH,CAREX BLANDA,5,5,5,0,
15876,CAREX BROMOIDES,CABR14,59,CT_NCZ,CAREX BROMOIDES,6,6,6,0,
15876,CAREX BROMOIDES,CABR14,59,ME_NCZ,CAREX BROMOIDES,6,6,6,0,
15876,CAREX BROMOIDES,CABR14,MI,MI,CAREX BROMOIDES,6,6,6,0,
15876,CAREX BROMOIDES,CABR14,58,NJ,CAREX BROMOIDES,5,7,5,-2,
15876,CAREX BROMOIDES,CABR14,83,NY_GLHL,CAREX BROMOIDES,6,6,6,0,
15876,CAREX BROMOIDES,CABR14,WI,WI,CAREX BROMOIDES,8,8,8,0,
15877,CAREX BROMOIDES SSP. BROMOIDES,CABRB6,58,NY_NAAMH,,NA,5,5,NA,
15877,CAREX BROMOIDES SSP. BROMOIDES,CABRB6,61,OH_APG,,NA,7,7,NA,
15877,CAREX BROMOIDES SSP. BROMOIDES,CABRB6,83,VT_GLHL,,NA,6,6,NA,
15877,CAREX BROMOIDES SSP. BROMOIDES,CABRB6,58,VT_NAAMH,,NA,5,5,NA,
15882,CAREX BRUNNESCENS,CABR15,58,ME_NAAMH,CAREX BRUNNESCENS,5,5,5,0,
15882,CAREX BRUNNESCENS,CABR15,82,ME_NBPH,CAREX BRUNNESCENS,4,4,4,0,
15882,CAREX BRUNNESCENS,CABR15,59,ME_NCZ,CAREX BRUNNESCENS,6,6,6,0,
15882,CAREX BRUNNESCENS,CABR15,MI,MI,CAREX BRUNNESCENS,5,5,5,0,
15882,CAREX BRUNNESCENS,CABR15,MN,MN,CAREX BRUNNESCENS,6,6,6,0,
15882,CAREX BRUNNESCENS,CABR15,58,NY_NAAMH,CAREX BRUNNESCENS,5,5,5,0,
15882,CAREX BRUNNESCENS,CABR15,WI,WI,CAREX BRUNNESCENS,7,7,7,0,
15884,CAREX BRUNNESCENS SSP. BRUNNESCENS,CABRB3,82,ME_NBPH,,NA,4,4,NA,
15886,CAREX BRUNNESCENS SSP. SPHAEROSTACHYA,CABRS,WI,WI,CAREX BRUNNESCENS SSP. SPHAEROSTACHYA,7,7,7,0,
15892,CAREX BUXBAUMII,CABU6,IN,IN,CAREX BUXBAUMII,10,10,10,0,
15892,CAREX BUXBAUMII,CABU6,MI,MI,CAREX BUXBAUMII,10,10,10,0,
15892,CAREX BUXBAUMII,CABU6,MN,MN,CAREX BUXBAUMII,8,8,8,0,
15892,CAREX BUXBAUMII,CABU6,WI,WI,CAREX BUXBAUMII,8,8,8,0,
15898,CAREX CANESCENS,CACA11,58,ME_NAAMH,CAREX CANESCENS,6,6,6,0,
15898,CAREX CANESCENS,CACA11,82,ME_NBPH,CAREX CANESCENS,5,5,5,0,
15898,CAREX CANESCENS,CACA11,MN,MN,CAREX CANESCENS,7,7,7,0,
15898,CAREX CANESCENS,CACA11,58,NH_NAAMH,CAREX CANESCENS,6,6,6,0,
15898,CAREX CANESCENS,CACA11,83,NY_GLHL,CAREX CANESCENS,7,7,7,0,
15898,CAREX CANESCENS,CACA11,59,RI_NCZ,CAREX CANESCENS,6,6,6,0,
15898,CAREX CANESCENS,CACA11,58,VT_NAAMH,CAREX CANESCENS,6,6,6,0,
15898,CAREX CANESCENS,CACA11,WI,WI,CAREX CANESCENS,8,8,8,0,
15900,CAREX CANESCENS SSP. CANESCENS,CACAC6,59,MA_NCZ,,NA,6,6,NA,
15900,CAREX CANESCENS SSP. CANESCENS,CACAC6,58,NY_NAAMH,,NA,5,5,NA,
15900,CAREX CANESCENS SSP. CANESCENS,CACAC6,58,VT_NAAMH,,NA,6,6,NA,
15922,CAREX CASTANEA,CACA16,MI,MI,CAREX CASTANEA,6,6,6,0,
15922,CAREX CASTANEA,CACA16,58,VT_NAAMH,CAREX CASTANEA,6,6,6,0,
15934,CAREX CHORDORRHIZA,CACH5,82,ME_NBPH,CAREX CHORDORRHIZA,7,7,7,0,
15934,CAREX CHORDORRHIZA,CACH5,MN,MN,CAREX CHORDORRHIZA,10,10,10,0,
15934,CAREX CHORDORRHIZA,CACH5,WI,WI,CAREX CHORDORRHIZA,10,10,10,0,
15938,CAREX COMMUNIS,CACO7,58,ME_NAAMH,CAREX COMMUNIS,5,5,5,0,
15938,CAREX COMMUNIS,CACO7,59,RI_NCZ,CAREX COMMUNIS,5,5,5,0,
15941,CAREX COMOSA,CACO8,59,CT_NCZ,CAREX COMOSA,5,5,5,0,
15941,CAREX COMOSA,CACO8,IN,IN,CAREX COMOSA,6,6,6,0,
15941,CAREX COMOSA,CACO8,59,MA_NCZ,CAREX COMOSA,5,5,5,0,
15941,CAREX COMOSA,CACO8,MI,MI,CAREX COMOSA,5,5,5,0,
15941,CAREX COMOSA,CACO8,MN,MN,CAREX COMOSA,4,4,4,0,
15941,CAREX COMOSA,CACO8,59,NH_NCZ,CAREX COMOSA,5,5,5,0,
15941,CAREX COMOSA,CACO8,83,NY_GLHL,CAREX COMOSA,5,5,5,0,
15941,CAREX COMOSA,CACO8,60,PA_APG,CAREX COMOSA,8,6,8,2,
15941,CAREX COMOSA,CACO8,59,RI_NCZ,CAREX COMOSA,5,5,5,0,
15941,CAREX COMOSA,CACO8,83,VT_GLHL,CAREX COMOSA,5,5,5,0,
15941,CAREX COMOSA,CACO8,58,VT_NAAMH,CAREX COMOSA,5,5,5,0,
15941,CAREX COMOSA,CACO8,WI,WI,CAREX COMOSA,5,5,5,0,
15948,CAREX CONOIDEA,CACO14,MN,MN,CAREX CONOIDEA,8,8,8,0,
15948,CAREX CONOIDEA,CACO14,83,NY_GLHL,CAREX CONOIDEA,3,3,3,0,
15958,CAREX CRAWFORDII,CACR4,MN,MN,CAREX CRAWFORDII,4,4,4,0,
15958,CAREX CRAWFORDII,CACR4,58,NH_NAAMH,CAREX CRAWFORDII,3,3,3,0,
15958,CAREX CRAWFORDII,CACR4,59,NH_NCZ,CAREX CRAWFORDII,4,4,4,0,
15961,CAREX CRINITA,CACR6,59,CT_NCZ,CAREX CRINITA,4,4,4,0,
15961,CAREX CRINITA,CACR6,58,MA_NAAMH,CAREX CRINITA,4,4,4,0,
15961,CAREX CRINITA,CACR6,59,MA_NCZ,CAREX CRINITA,4,4,4,0,
15961,CAREX CRINITA,CACR6,82,ME_NBPH,CAREX CRINITA,3,3,3,0,
15961,CAREX CRINITA,CACR6,59,ME_NCZ,CAREX CRINITA,4,4,4,0,
15961,CAREX CRINITA,CACR6,MI,MI,CAREX CRINITA,4,4,4,0,
15961,CAREX CRINITA,CACR6,58,NH_NAAMH,CAREX CRINITA,4,4,4,0,
15961,CAREX CRINITA,CACR6,83,NY_GLHL,CAREX CRINITA,3,3,3,0,
15961,CAREX CRINITA,CACR6,61,OH_APG,CAREX CRINITA,5,5,5,0,
15961,CAREX CRINITA,CACR6,62,PA_AP,CAREX CRINITA,5,5,5,0,
15961,CAREX CRINITA,CACR6,61,PA_APG,CAREX CRINITA,5,5,5,0,
15961,CAREX CRINITA,CACR6,59,RI_NCZ,CAREX CRINITA,4,4,4,0,
15961,CAREX CRINITA,CACR6,83,VT_GLHL,CAREX CRINITA,3,3,3,0,
15961,CAREX CRINITA,CACR6,58,VT_NAAMH,CAREX CRINITA,4,4,4,0,
15961,CAREX CRINITA,CACR6,WI,WI,CAREX CRINITA,6,6,6,0,
15963,CAREX CRINITA VAR. CRINITA,CACRC2,58,NH_NAAMH,,NA,5,5,NA,
15969,CAREX CRISTATELLA,CACR7,58,CT_NAAMH,CAREX CRISTATELLA,4,4,4,0,
15969,CAREX CRISTATELLA,CACR7,IN,IN,CAREX CRISTATELLA,3,3,3,0,
15969,CAREX CRISTATELLA,CACR7,MI,MI,CAREX CRISTATELLA,3,3,3,0,
15969,CAREX CRISTATELLA,CACR7,MN,MN,CAREX CRISTATELLA,3,3,3,0,
15969,CAREX CRISTATELLA,CACR7,83,NY_GLHL,CAREX CRISTATELLA,4,4,4,0,
15969,CAREX CRISTATELLA,CACR7,61,OH_APG,CAREX CRISTATELLA,7,7,7,0,
15969,CAREX CRISTATELLA,CACR7,83,VT_GLHL,CAREX CRISTATELLA,4,4,4,0,
15969,CAREX CRISTATELLA,CACR7,58,VT_NAAMH,CAREX CRISTATELLA,4,4,4,0,
15969,CAREX CRISTATELLA,CACR7,WI,WI,CAREX CRISTATELLA,4,4,4,0,
15973,CAREX CRYPTOLEPIS,CACR9,MI,MI,CAREX CRYPTOLEPIS,8,8,8,0,
15973,CAREX CRYPTOLEPIS,CACR9,58,NH_NAAMH,CAREX CRYPTOLEPIS,6,6,6,0,
15973,CAREX CRYPTOLEPIS,CACR9,WI,WI,CAREX CRYPTOLEPIS,8,8,8,0,
15975,CAREX CUMULATA,CACU3,MI,MI,CAREX CUMULATA,8,8,8,0,
15984,CAREX DEBILIS,CADE5,59,CT_NCZ,,NA,5,5,NA,
15984,CAREX DEBILIS,CADE5,59,MA_NCZ,,NA,3,3,NA,
15984,CAREX DEBILIS,CADE5,58,ME_NAAMH,,NA,3,3,NA,
15984,CAREX DEBILIS,CADE5,82,ME_NBPH,,NA,3,3,NA,
15984,CAREX DEBILIS,CADE5,59,ME_NCZ,,NA,3,3,NA,
15984,CAREX DEBILIS,CADE5,MI,MI,CAREX DEBILIS,6,6,6,0,
15984,CAREX DEBILIS,CADE5,58,NH_NAAMH,,NA,3,3,NA,
15984,CAREX DEBILIS,CADE5,62,PA_AP,CAREX DEBILIS,6,6,6,0,
15984,CAREX DEBILIS,CADE5,61,PA_APG,CAREX DEBILIS,6,6,6,0,
15984,CAREX DEBILIS,CADE5,59,RI_NCZ,,NA,3,3,NA,
15984,CAREX DEBILIS,CADE5,WI,WI,CAREX DEBILIS,5,5,5,0,
15987,CAREX DEBILIS VAR. DEBILIS,CADED,58,NY_NAAMH,CAREX DEBILIS VAR. DEBILIS,5,5,5,0,
15987,CAREX DEBILIS VAR. DEBILIS,CADED,61,OH_APG,,NA,7,7,NA,
15987,CAREX DEBILIS VAR. DEBILIS,CADED,83,VT_GLHL,,NA,3,3,NA,
15991,CAREX DEBILIS VAR. RUDGEI,CADER,59,RI_NCZ,CAREX DEBILIS VAR. RUDGEI,5,5,5,0,
16001,CAREX DEWEYANA,CADE9,MN,MN,CAREX DEWEYANA,6,6,6,0,
16008,CAREX DIANDRA,CADI4,82,ME_NBPH,CAREX DIANDRA,8,8,8,0,
16008,CAREX DIANDRA,CADI4,MI,MI,CAREX DIANDRA,8,8,8,0,
16008,CAREX DIANDRA,CADI4,MN,MN,CAREX DIANDRA,8,8,8,0,
16008,CAREX DIANDRA,CADI4,WI,WI,CAREX DIANDRA,9,9,9,0,
16009,CAREX DIGITALIS,CADI5,59,RI_NCZ,CAREX DIGITALIS,6,6,6,0,
16017,CAREX DISPERMA,CADI6,58,MA_NAAMH,CAREX DISPERMA,7,7,7,0,
16017,CAREX DISPERMA,CADI6,82,ME_NBPH,CAREX DISPERMA,5,5,5,0,
16017,CAREX DISPERMA,CADI6,MI,MI,CAREX DISPERMA,10,10,10,0,
16017,CAREX DISPERMA,CADI6,MN,MN,CAREX DISPERMA,6,6,6,0,
16017,CAREX DISPERMA,CADI6,58,NY_NAAMH,CAREX DISPERMA,7,7,7,0,
16017,CAREX DISPERMA,CADI6,62,PA_AP,CAREX DISPERMA,10,10,10,0,
16017,CAREX DISPERMA,CADI6,83,VT_GLHL,CAREX DISPERMA,8,8,8,0,
16017,CAREX DISPERMA,CADI6,58,VT_NAAMH,CAREX DISPERMA,7,7,7,0,
16017,CAREX DISPERMA,CADI6,WI,WI,CAREX DISPERMA,10,10,10,0,
16035,CAREX EBURNEA,CAEB2,MI,MI,CAREX EBURNEA,7,7,7,0,
16036,CAREX ECHINATA,CAEC,58,ME_NAAMH,CAREX ECHINATA,5,5,5,0,
16036,CAREX ECHINATA,CAEC,82,ME_NBPH,CAREX ECHINATA,3,3,3,0,
16036,CAREX ECHINATA,CAEC,59,ME_NCZ,CAREX ECHINATA,6,6,6,0,
16036,CAREX ECHINATA,CAEC,MI,MI,,NA,6,6,NA,
16036,CAREX ECHINATA,CAEC,58,NH_NAAMH,CAREX ECHINATA,5,5,5,0,
16036,CAREX ECHINATA,CAEC,58,NY_NAAMH,CAREX ECHINATA,5,5,5,0,
16036,CAREX ECHINATA,CAEC,62,PA_AP,CAREX ECHINATA,8,8,8,0,
16036,CAREX ECHINATA,CAEC,59,RI_NCZ,CAREX ECHINATA,6,6,6,0,
16036,CAREX ECHINATA,CAEC,58,VT_NAAMH,CAREX ECHINATA,5,5,5,0,
16036,CAREX ECHINATA,CAEC,WI,WI,CAREX ECHINATA,8,8,8,0,
16037,CAREX ECHINATA SSP. ECHINATA,CAECE,82,ME_NBPH,,NA,4,4,NA,
16037,CAREX ECHINATA SSP. ECHINATA,CAECE,MN,MN,,NA,8,8,NA,
16037,CAREX ECHINATA SSP. ECHINATA,CAECE,58,VT_NAAMH,,NA,3,3,NA,
16064,CAREX EXILIS,CAEX7,82,ME_NBPH,CAREX EXILIS,8,8,8,0,
16064,CAREX EXILIS,CAEX7,WI,WI,CAREX EXILIS,10,10,10,0,
16089,CAREX FLAVA,CAFL4,MI,MI,CAREX FLAVA,4,4,4,0,
16089,CAREX FLAVA,CAFL4,58,NH_NAAMH,CAREX FLAVA,4,4,4,0,
16089,CAREX FLAVA,CAFL4,83,NY_GLHL,CAREX FLAVA,4,4,4,0,
16089,CAREX FLAVA,CAFL4,83,VT_GLHL,CAREX FLAVA,4,4,4,0,
16089,CAREX FLAVA,CAFL4,58,VT_NAAMH,CAREX FLAVA,4,4,4,0,
16089,CAREX FLAVA,CAFL4,WI,WI,CAREX FLAVA,6,6,6,0,
16107,CAREX FOLLICULATA,CAFO6,59,CT_NCZ,CAREX FOLLICULATA,6,6,6,0,
16107,CAREX FOLLICULATA,CAFO6,58,MA_NAAMH,CAREX FOLLICULATA,6,6,6,0,
16107,CAREX FOLLICULATA,CAFO6,59,MA_NCZ,CAREX FOLLICULATA,6,6,6,0,
16107,CAREX FOLLICULATA,CAFO6,82,ME_NBPH,CAREX FOLLICULATA,5,5,5,0,
16107,CAREX FOLLICULATA,CAFO6,MN,MN,,NA,9,9,NA,
16107,CAREX FOLLICULATA,CAFO6,58,NH_NAAMH,CAREX FOLLICULATA,6,6,6,0,
16107,CAREX FOLLICULATA,CAFO6,59,NH_NCZ,CAREX FOLLICULATA,6,6,6,0,
16107,CAREX FOLLICULATA,CAFO6,58,NY_NAAMH,CAREX FOLLICULATA,6,6,6,0,
16107,CAREX FOLLICULATA,CAFO6,62,PA_AP,CAREX FOLLICULATA,7,7,7,0,
16107,CAREX FOLLICULATA,CAFO6,59,RI_NCZ,CAREX FOLLICULATA,6,6,6,0,
16139,CAREX GRACILESCENS,CAGR8,61,PA_APG,CAREX GRACILESCENS,6,6,6,0,
16141,CAREX GRACILLIMA,CAGR2,59,CT_NCZ,CAREX GRACILLIMA,4,4,4,0,
16141,CAREX GRACILLIMA,CAGR2,59,MA_NCZ,CAREX GRACILLIMA,4,4,4,0,
16141,CAREX GRACILLIMA,CAGR2,58,ME_NAAMH,CAREX GRACILLIMA,3,3,3,0,
16141,CAREX GRACILLIMA,CAGR2,MI,MI,CAREX GRACILLIMA,4,4,4,0,
16141,CAREX GRACILLIMA,CAGR2,MN,MN,CAREX GRACILLIMA,4,4,4,0,
16141,CAREX GRACILLIMA,CAGR2,58,NJ,CAREX GRACILLIMA,3,7,3,-4,
16141,CAREX GRACILLIMA,CAGR2,83,NY_GLHL,CAREX GRACILLIMA,3,3,3,0,
16141,CAREX GRACILLIMA,CAGR2,58,NY_NAAMH,CAREX GRACILLIMA,3,3,3,0,
16141,CAREX GRACILLIMA,CAGR2,83,VT_GLHL,CAREX GRACILLIMA,3,3,3,0,
16141,CAREX GRACILLIMA,CAGR2,58,VT_NAAMH,CAREX GRACILLIMA,3,3,3,0,
16141,CAREX GRACILLIMA,CAGR2,WI,WI,CAREX GRACILLIMA,5,5,5,0,
16144,CAREX GRANULARIS,CAGR3,IN,IN,CAREX GRANULARIS,2,2,2,0,
16144,CAREX GRANULARIS,CAGR3,MI,MI,CAREX GRANULARIS,2,2,2,0,
16144,CAREX GRANULARIS,CAGR3,83,NY_GLHL,CAREX GRANULARIS,3,3,3,0,
16144,CAREX GRANULARIS,CAGR3,61,PA_APG,CAREX GRANULARIS,5,5,5,0,
16144,CAREX GRANULARIS,CAGR3,WI,WI,CAREX GRANULARIS,3,3,3,0,
16151,CAREX GRAYI,CAGR5,IN,IN,CAREX GRAYI,5,5,5,0,
16151,CAREX GRAYI,CAGR5,MI,MI,CAREX GRAYI,6,6,6,0,
16151,CAREX GRAYI,CAGR5,61,OH_APG,CAREX GRAYI,7,7,7,0,
16153,CAREX GRISEA,CAGR24,59,CT_NCZ,CAREX GRISEA,6,6,6,0,
16153,CAREX GRISEA,CAGR24,IN,IN,CAREX GRISEA,3,3,3,0,
16153,CAREX GRISEA,CAGR24,83,NY_GLHL,CAREX GRISEA,6,6,6,0,
16153,CAREX GRISEA,CAGR24,WI,WI,CAREX GRISEA,4,4,4,0,
16156,CAREX GYNANDRA,CAGY4,59,CT_NCZ,CAREX GYNANDRA,4,4,4,0,
16156,CAREX GYNANDRA,CAGY4,58,MA_NAAMH,CAREX GYNANDRA,3,3,3,0,
16156,CAREX GYNANDRA,CAGY4,58,ME_NAAMH,CAREX GYNANDRA,3,3,3,0,
16156,CAREX GYNANDRA,CAGY4,MI,MI,CAREX GYNANDRA,3,3,3,0,
16156,CAREX GYNANDRA,CAGY4,58,NH_NAAMH,CAREX GYNANDRA,3,3,3,0,
16156,CAREX GYNANDRA,CAGY4,83,NY_GLHL,CAREX GYNANDRA,3,3,3,0,
16156,CAREX GYNANDRA,CAGY4,58,NY_NAAMH,CAREX GYNANDRA,3,3,3,0,
16156,CAREX GYNANDRA,CAGY4,62,PA_AP,CAREX GYNANDRA,6,6,6,0,
16156,CAREX GYNANDRA,CAGY4,59,RI_NCZ,CAREX GYNANDRA,4,4,4,0,
16156,CAREX GYNANDRA,CAGY4,58,VT_NAAMH,CAREX GYNANDRA,3,3,3,0,
16156,CAREX GYNANDRA,CAGY4,WI,WI,CAREX GYNANDRA,6,6,6,0,
16157,CAREX GYNOCRATES,CAGY2,MN,MN,CAREX GYNOCRATES,9,9,9,0,
16171,CAREX HAYDENII,CAHA7,82,ME_NBPH,CAREX HAYDENII,4,4,4,0,
16171,CAREX HAYDENII,CAHA7,58,VT_NAAMH,CAREX HAYDENII,5,5,5,0,
16171,CAREX HAYDENII,CAHA7,WI,WI,CAREX HAYDENII,8,8,8,0,
16189,CAREX HIRTIFOLIA,CAHI5,IN,IN,CAREX HIRTIFOLIA,5,5,5,0,
16200,CAREX HOUGHTONIANA,CAHO9,83,VT_GLHL,CAREX HOUGHTONIANA,5,5,5,0,
16208,CAREX HYSTERICINA,CAHY4,MI,MI,CAREX HYSTERICINA,2,2,2,0,
16208,CAREX HYSTERICINA,CAHY4,MN,MN,CAREX HYSTERICINA,4,4,4,0,
16208,CAREX HYSTERICINA,CAHY4,83,NY_GLHL,CAREX HYSTERICINA,4,4,4,0,
16208,CAREX HYSTERICINA,CAHY4,83,VT_GLHL,CAREX HYSTERICINA,4,4,4,0,
16208,CAREX HYSTERICINA,CAHY4,58,VT_NAAMH,CAREX HYSTERICINA,4,4,4,0,
16208,CAREX HYSTERICINA,CAHY4,WI,WI,CAREX HYSTERICINA,3,3,3,0,
16226,CAREX INTERIOR,CAIN11,82,ME_NBPH,CAREX INTERIOR,6,6,6,0,
16226,CAREX INTERIOR,CAIN11,MI,MI,CAREX INTERIOR,3,3,3,0,
16226,CAREX INTERIOR,CAIN11,MN,MN,CAREX INTERIOR,7,7,7,0,
16226,CAREX INTERIOR,CAIN11,58,NY_NAAMH,CAREX INTERIOR,7,7,7,0,
16226,CAREX INTERIOR,CAIN11,83,VT_GLHL,CAREX INTERIOR,7,7,7,0,
16226,CAREX INTERIOR,CAIN11,58,VT_NAAMH,CAREX INTERIOR,7,7,7,0,
16226,CAREX INTERIOR,CAIN11,WI,WI,CAREX INTERIOR,7,7,7,0,
16232,CAREX INTUMESCENS,CAIN12,59,CT_NCZ,CAREX INTUMESCENS,4,4,4,0,
16232,CAREX INTUMESCENS,CAIN12,58,MA_NAAMH,CAREX INTUMESCENS,5,5,5,0,
16232,CAREX INTUMESCENS,CAIN12,59,MA_NCZ,CAREX INTUMESCENS,4,4,4,0,
16232,CAREX INTUMESCENS,CAIN12,58,ME_NAAMH,CAREX INTUMESCENS,5,5,5,0,
16232,CAREX INTUMESCENS,CAIN12,82,ME_NBPH,CAREX INTUMESCENS,4,4,4,0,
16232,CAREX INTUMESCENS,CAIN12,59,ME_NCZ,CAREX INTUMESCENS,4,4,4,0,
16232,CAREX INTUMESCENS,CAIN12,MI,MI,CAREX INTUMESCENS,3,3,3,0,
16232,CAREX INTUMESCENS,CAIN12,MN,MN,CAREX INTUMESCENS,5,5,5,0,
16232,CAREX INTUMESCENS,CAIN12,58,NH_NAAMH,CAREX INTUMESCENS,5,5,5,0,
16232,CAREX INTUMESCENS,CAIN12,58,NJ,CAREX INTUMESCENS,5,5,5,0,
16232,CAREX INTUMESCENS,CAIN12,58,NY_NAAMH,CAREX INTUMESCENS,5,5,5,0,
16232,CAREX INTUMESCENS,CAIN12,61,OH_APG,CAREX INTUMESCENS,5,5,5,0,
16232,CAREX INTUMESCENS,CAIN12,62,PA_AP,CAREX INTUMESCENS,5,5,5,0,
16232,CAREX INTUMESCENS,CAIN12,61,PA_APG,CAREX INTUMESCENS,5,5,5,0,
16232,CAREX INTUMESCENS,CAIN12,59,RI_NCZ,CAREX INTUMESCENS,4,4,4,0,
16232,CAREX INTUMESCENS,CAIN12,83,VT_GLHL,CAREX INTUMESCENS,6,6,6,0,
16232,CAREX INTUMESCENS,CAIN12,58,VT_NAAMH,CAREX INTUMESCENS,5,5,5,0,
16232,CAREX INTUMESCENS,CAIN12,WI,WI,CAREX INTUMESCENS,5,5,5,0,
16255,CAREX LACUSTRIS,CALA16,58,CT_NAAMH,CAREX LACUSTRIS,5,5,5,0,
16255,CAREX LACUSTRIS,CALA16,IN,IN,CAREX LACUSTRIS,7,7,7,0,
16255,CAREX LACUSTRIS,CALA16,59,MA_NCZ,CAREX LACUSTRIS,5,5,5,0,
16255,CAREX LACUSTRIS,CALA16,82,ME_NBPH,CAREX LACUSTRIS,4,4,4,0,
16255,CAREX LACUSTRIS,CALA16,MI,MI,CAREX LACUSTRIS,6,6,6,0,
16255,CAREX LACUSTRIS,CALA16,MN,MN,CAREX LACUSTRIS,5,5,5,0,
16255,CAREX LACUSTRIS,CALA16,83,NY_GLHL,CAREX LACUSTRIS,5,5,5,0,
16255,CAREX LACUSTRIS,CALA16,58,NY_NAAMH,CAREX LACUSTRIS,5,5,5,0,
16255,CAREX LACUSTRIS,CALA16,61,OH_APG,CAREX LACUSTRIS,6,9,6,-3,
16255,CAREX LACUSTRIS,CALA16,83,PA_OTH,CAREX LACUSTRIS,5,9,5,-4,
16255,CAREX LACUSTRIS,CALA16,83,VT_GLHL,CAREX LACUSTRIS,5,5,5,0,
16255,CAREX LACUSTRIS,CALA16,58,VT_NAAMH,CAREX LACUSTRIS,5,5,5,0,
16255,CAREX LACUSTRIS,CALA16,WI,WI,CAREX LACUSTRIS,6,6,6,0,
16259,CAREX LAEVIVAGINATA,CALA14,59,CT_NCZ,CAREX LAEVIVAGINATA,6,6,6,0,
16259,CAREX LAEVIVAGINATA,CALA14,IN,IN,CAREX LAEVIVAGINATA,7,7,7,0,
16265,CAREX LASIOCARPA,CALA11,82,ME_NBPH,CAREX LASIOCARPA,6,6,6,0,
16265,CAREX LASIOCARPA,CALA11,MI,MI,CAREX LASIOCARPA,8,8,8,0,
16265,CAREX LASIOCARPA,CALA11,MN,MN,,NA,9,7,NA,Updated to ssp. Cval/CoC Ref
16265,CAREX LASIOCARPA,CALA11,58,NH_NAAMH,CAREX LASIOCARPA,7,7,7,0,
16265,CAREX LASIOCARPA,CALA11,59,NH_NCZ,CAREX LASIOCARPA,7,7,7,0,
16265,CAREX LASIOCARPA,CALA11,83,NY_GLHL,CAREX LASIOCARPA,8,8,8,0,
16265,CAREX LASIOCARPA,CALA11,58,VT_NAAMH,CAREX LASIOCARPA,7,7,7,0,
16265,CAREX LASIOCARPA,CALA11,WI,WI,CAREX LASIOCARPA,9,9,9,0,
16267,CAREX LASIOCARPA VAR. AMERICANA,CALAA,82,ME_NBPH,,NA,4,4,NA,
16267,CAREX LASIOCARPA VAR. AMERICANA,CALAA,MN,MN,CAREX LASIOCARPA VAR. AMERICANA,7,7,7,0,
16267,CAREX LASIOCARPA VAR. AMERICANA,CALAA,58,VT_NAAMH,,NA,4,4,NA,
16272,CAREX LAXICULMIS,CALA18,61,PA_APG,CAREX LAXICULMIS,6,7,6,-1,
16272,CAREX LAXICULMIS,CALA18,WI,WI,CAREX LAXICULMIS,10,10,10,0,
16275,CAREX LAXIFLORA,CALA19,MI,MI,CAREX LAXIFLORA,8,8,8,0,
16275,CAREX LAXIFLORA,CALA19,61,PA_APG,CAREX LAXIFLORA,5,5,5,0,
16290,CAREX LENTICULARIS,CALE8,58,ME_NAAMH,CAREX LENTICULARIS,7,7,7,0,
16304,CAREX LEPTALEA,CALE10,59,CT_NCZ,CAREX LEPTALEA,7,7,7,0,
16304,CAREX LEPTALEA,CALE10,82,ME_NBPH,CAREX LEPTALEA,5,5,5,0,
16304,CAREX LEPTALEA,CALE10,MI,MI,CAREX LEPTALEA,5,5,5,0,
16304,CAREX LEPTALEA,CALE10,MN,MN,,NA,9,7,NA,Updated to ssp. Cval/CoC Ref
16304,CAREX LEPTALEA,CALE10,58,NH_NAAMH,CAREX LEPTALEA,6,6,6,0,
16304,CAREX LEPTALEA,CALE10,83,NY_GLHL,CAREX LEPTALEA,7,7,7,0,
16304,CAREX LEPTALEA,CALE10,58,NY_NAAMH,CAREX LEPTALEA,6,6,6,0,
16304,CAREX LEPTALEA,CALE10,59,RI_NCZ,CAREX LEPTALEA,7,7,7,0,
16304,CAREX LEPTALEA,CALE10,58,VT_NAAMH,CAREX LEPTALEA,6,6,6,0,
16304,CAREX LEPTALEA,CALE10,WI,WI,CAREX LEPTALEA,9,9,9,0,
16306,CAREX LEPTALEA SSP. LEPTALEA,CALEL4,MN,MN,,NA,7,7,NA,
16306,CAREX LEPTALEA SSP. LEPTALEA,CALEL4,83,VT_GLHL,,NA,7,7,NA,
16306,CAREX LEPTALEA SSP. LEPTALEA,CALEL4,58,VT_NAAMH,,NA,5,6,NA,Updated to ssp. Cval/CoC Ref
16310,CAREX LEPTONERVIA,CALE11,58,ME_NAAMH,CAREX LEPTONERVIA,5,5,5,0,
16310,CAREX LEPTONERVIA,CALE11,82,ME_NBPH,CAREX LEPTONERVIA,5,5,5,0,
16310,CAREX LEPTONERVIA,CALE11,MI,MI,CAREX LEPTONERVIA,3,3,3,0,
16310,CAREX LEPTONERVIA,CALE11,83,VT_GLHL,CAREX LEPTONERVIA,6,6,6,0,
16310,CAREX LEPTONERVIA,CALE11,WI,WI,CAREX LEPTONERVIA,6,6,6,0,
16315,CAREX LIMOSA,CALI7,82,ME_NBPH,CAREX LIMOSA,7,7,7,0,
16315,CAREX LIMOSA,CALI7,MI,MI,CAREX LIMOSA,10,10,10,0,
16315,CAREX LIMOSA,CALI7,MN,MN,CAREX LIMOSA,9,9,9,0,
16315,CAREX LIMOSA,CALI7,59,RI_NCZ,CAREX LIMOSA,8,8,8,0,
16315,CAREX LIMOSA,CALI7,WI,WI,CAREX LIMOSA,10,10,10,0,
16325,CAREX LUCORUM,CALU17,59,ME_NCZ,CAREX LUCORUM,6,6,6,0,
16330,CAREX LUPULIFORMIS,CALU3,61,OH_APG,CAREX LUPULIFORMIS,9,9,9,0,
16331,CAREX LUPULINA,CALU4,58,CT_NAAMH,CAREX LUPULINA,6,6,6,0,
16331,CAREX LUPULINA,CALU4,59,CT_NCZ,CAREX LUPULINA,5,5,5,0,
16331,CAREX LUPULINA,CALU4,59,MA_NCZ,CAREX LUPULINA,5,5,5,0,
16331,CAREX LUPULINA,CALU4,MI,MI,CAREX LUPULINA,4,4,4,0,
16331,CAREX LUPULINA,CALU4,MN,MN,CAREX LUPULINA,6,6,6,0,
16331,CAREX LUPULINA,CALU4,58,NH_NAAMH,CAREX LUPULINA,6,6,6,0,
16331,CAREX LUPULINA,CALU4,59,NH_NCZ,CAREX LUPULINA,5,5,5,0,
16331,CAREX LUPULINA,CALU4,83,NY_GLHL,CAREX LUPULINA,7,7,7,0,
16331,CAREX LUPULINA,CALU4,61,OH_APG,CAREX LUPULINA,5,5,5,0,
16331,CAREX LUPULINA,CALU4,62,PA_AP,CAREX LUPULINA,5,5,5,0,
16331,CAREX LUPULINA,CALU4,61,PA_APG,CAREX LUPULINA,5,5,5,0,
16331,CAREX LUPULINA,CALU4,59,RI_NCZ,CAREX LUPULINA,5,5,5,0,
16331,CAREX LUPULINA,CALU4,58,VT_NAAMH,CAREX LUPULINA,6,6,6,0,
16331,CAREX LUPULINA,CALU4,WI,WI,CAREX LUPULINA,6,6,6,0,
16333,CAREX LURIDA,CALU5,59,CT_NCZ,CAREX LURIDA,3,3,3,0,
16333,CAREX LURIDA,CALU5,IN,IN,CAREX LURIDA,4,4,4,0,
16333,CAREX LURIDA,CALU5,58,MA_NAAMH,CAREX LURIDA,3,3,3,0,
16333,CAREX LURIDA,CALU5,59,MA_NCZ,CAREX LURIDA,3,3,3,0,
16333,CAREX LURIDA,CALU5,82,ME_NBPH,CAREX LURIDA,2,2,2,0,
16333,CAREX LURIDA,CALU5,MI,MI,CAREX LURIDA,3,3,3,0,
16333,CAREX LURIDA,CALU5,58,NH_NAAMH,CAREX LURIDA,3,3,3,0,
16333,CAREX LURIDA,CALU5,59,NH_NCZ,CAREX LURIDA,3,3,3,0,
16333,CAREX LURIDA,CALU5,83,NY_GLHL,CAREX LURIDA,4,4,4,0,
16333,CAREX LURIDA,CALU5,58,NY_NAAMH,CAREX LURIDA,3,3,3,0,
16333,CAREX LURIDA,CALU5,61,OH_APG,CAREX LURIDA,3,3,3,0,
16333,CAREX LURIDA,CALU5,61,PA_APG,CAREX LURIDA,3,3,3,0,
16333,CAREX LURIDA,CALU5,59,RI_NCZ,CAREX LURIDA,3,3,3,0,
16333,CAREX LURIDA,CALU5,83,VT_GLHL,CAREX LURIDA,4,4,4,0,
16333,CAREX LURIDA,CALU5,58,VT_NAAMH,CAREX LURIDA,3,3,3,0,
16357,CAREX MAGELLANICA,CAMA12,82,ME_NBPH,CAREX MAGELLANICA,7,7,7,0,
16357,CAREX MAGELLANICA,CAMA12,MI,MI,,NA,8,8,NA,
16357,CAREX MAGELLANICA,CAMA12,58,NH_NAAMH,CAREX MAGELLANICA,8,8,8,0,
16357,CAREX MAGELLANICA,CAMA12,WI,WI,CAREX MAGELLANICA,10,10,10,0,
16358,CAREX MAGELLANICA SSP. IRRIGUA,CAMAI2,82,ME_NBPH,,NA,7,7,NA,
16358,CAREX MAGELLANICA SSP. IRRIGUA,CAMAI2,MI,MI,,NA,8,8,NA,
16358,CAREX MAGELLANICA SSP. IRRIGUA,CAMAI2,MN,MN,CAREX MAGELLANICA SSP. IRRIGUA,8,8,8,0,
16358,CAREX MAGELLANICA SSP. IRRIGUA,CAMAI2,WI,WI,CAREX MAGELLANICA SSP. IRRIGUA,10,10,10,0,
16386,CAREX MICHAUXIANA,CAMI15,58,VT_NAAMH,CAREX MICHAUXIANA,8,8,8,0,
16407,CAREX MOLESTA,CAMO11,83,NY_GLHL,CAREX MOLESTA,3,3,3,0,
16423,CAREX MURICATA,CAMU7,MI,MI,,NA,0,0,NA,
16453,CAREX NORMALIS,CANO,59,CT_NCZ,CAREX NORMALIS,4,4,4,0,
16453,CAREX NORMALIS,CANO,IN,IN,CAREX NORMALIS,3,3,3,0,
16453,CAREX NORMALIS,CANO,MI,MI,CAREX NORMALIS,5,5,5,0,
16453,CAREX NORMALIS,CANO,MN,MN,CAREX NORMALIS,4,4,4,0,
16453,CAREX NORMALIS,CANO,83,NY_GLHL,CAREX NORMALIS,2,2,2,0,
16453,CAREX NORMALIS,CANO,WI,WI,CAREX NORMALIS,5,5,5,0,
16462,CAREX NOVAE-ANGLIAE,CANO4,58,ME_NAAMH,CAREX NOVAE-ANGLIAE,6,6,6,0,
16478,CAREX OLIGOSPERMA,CAOL3,58,ME_NAAMH,CAREX OLIGOSPERMA,8,8,8,0,
16478,CAREX OLIGOSPERMA,CAOL3,82,ME_NBPH,CAREX OLIGOSPERMA,8,8,8,0,
16478,CAREX OLIGOSPERMA,CAOL3,MI,MI,CAREX OLIGOSPERMA,10,10,10,0,
16478,CAREX OLIGOSPERMA,CAOL3,MN,MN,CAREX OLIGOSPERMA,8,8,8,0,
16478,CAREX OLIGOSPERMA,CAOL3,61,OH_APG,CAREX OLIGOSPERMA,10,10,10,0,
16478,CAREX OLIGOSPERMA,CAOL3,WI,WI,CAREX OLIGOSPERMA,10,10,10,0,
16485,CAREX ORMOSTACHYA,CAOR5,MI,MI,CAREX ORMOSTACHYA,5,5,5,0,
16489,CAREX OVALIS,CAOV8,83,NY_GLHL,CAREX OVALIS,0,0,0,0,
16503,CAREX PALLESCENS,CAPA17,83,NY_GLHL,CAREX PALLESCENS,2,2,2,0,
16503,CAREX PALLESCENS,CAPA17,83,VT_GLHL,CAREX PALLESCENS,2,2,2,0,
16522,CAREX PAUCIFLORA,CAPA19,82,ME_NBPH,CAREX PAUCIFLORA,8,8,8,0,
16522,CAREX PAUCIFLORA,CAPA19,MN,MN,CAREX PAUCIFLORA,9,9,9,0,
16522,CAREX PAUCIFLORA,CAPA19,58,NY_NAAMH,CAREX PAUCIFLORA,9,9,9,0,
16530,CAREX PEDUNCULATA,CAPE4,MI,MI,CAREX PEDUNCULATA,5,5,5,0,
16530,CAREX PEDUNCULATA,CAPE4,WI,WI,CAREX PEDUNCULATA,7,7,7,0,
16531,CAREX PELLITA,CAPE42,IN,IN,CAREX PELLITA,2,2,2,0,
16531,CAREX PELLITA,CAPE42,MI,MI,,NA,2,2,NA,
16531,CAREX PELLITA,CAPE42,MN,MN,CAREX PELLITA,4,4,4,0,
16531,CAREX PELLITA,CAPE42,83,VT_GLHL,CAREX PELLITA,4,4,4,0,
16531,CAREX PELLITA,CAPE42,WI,WI,CAREX PELLITA,4,4,4,0,
16534,CAREX PENSYLVANICA,CAPE6,59,CT_NCZ,CAREX PENSYLVANICA,5,5,5,0,
16534,CAREX PENSYLVANICA,CAPE6,59,MA_NCZ,CAREX PENSYLVANICA,5,5,5,0,
16534,CAREX PENSYLVANICA,CAPE6,59,RI_NCZ,CAREX PENSYLVANICA,5,5,5,0,
16534,CAREX PENSYLVANICA,CAPE6,WI,WI,CAREX PENSYLVANICA,3,3,3,0,
16567,CAREX PLATYPHYLLA,CAPL5,59,CT_NCZ,CAREX PLATYPHYLLA,6,6,6,0,
16579,CAREX PRAEGRACILIS,CAPR5,MN,MN,CAREX PRAEGRACILIS,5,5,5,0,
16580,CAREX PRAIREA,CAPR6,MN,MN,CAREX PRAIREA,8,8,8,0,
16581,CAREX PRASINA,CAPR12,MI,MI,CAREX PRASINA,10,10,10,0,
16581,CAREX PRASINA,CAPR12,58,NJ,CAREX PRASINA,6,6,6,0,
16581,CAREX PRASINA,CAPR12,83,VT_GLHL,CAREX PRASINA,8,8,8,0,
16587,CAREX PROJECTA,CAPR9,59,CT_NCZ,CAREX PROJECTA,5,5,5,0,
16587,CAREX PROJECTA,CAPR9,58,ME_NAAMH,CAREX PROJECTA,3,3,3,0,
16587,CAREX PROJECTA,CAPR9,82,ME_NBPH,CAREX PROJECTA,3,3,3,0,
16587,CAREX PROJECTA,CAPR9,58,NH_NAAMH,CAREX PROJECTA,3,3,3,0,
16587,CAREX PROJECTA,CAPR9,83,NY_GLHL,CAREX PROJECTA,4,4,4,0,
16587,CAREX PROJECTA,CAPR9,58,NY_NAAMH,CAREX PROJECTA,3,3,3,0,
16587,CAREX PROJECTA,CAPR9,83,VT_GLHL,CAREX PROJECTA,4,4,4,0,
16587,CAREX PROJECTA,CAPR9,58,VT_NAAMH,CAREX PROJECTA,3,3,3,0,
16587,CAREX PROJECTA,CAPR9,WI,WI,CAREX PROJECTA,4,4,4,0,
16589,CAREX PSEUDOCYPERUS,CAPS,82,ME_NBPH,CAREX PSEUDOCYPERUS,5,5,5,0,
16589,CAREX PSEUDOCYPERUS,CAPS,MI,MI,,NA,5,5,NA,
16589,CAREX PSEUDOCYPERUS,CAPS,MN,MN,CAREX PSEUDOCYPERUS,5,5,5,0,
16589,CAREX PSEUDOCYPERUS,CAPS,83,NY_GLHL,CAREX PSEUDOCYPERUS,6,6,6,0,
16589,CAREX PSEUDOCYPERUS,CAPS,58,VT_NAAMH,CAREX PSEUDOCYPERUS,6,6,6,0,
16600,CAREX RADIATA,CARA8,59,CT_NCZ,CAREX RADIATA,6,6,6,0,
16600,CAREX RADIATA,CARA8,IN,IN,CAREX RADIATA,4,4,4,0,
16600,CAREX RADIATA,CARA8,59,MA_NCZ,CAREX RADIATA,6,6,6,0,
16600,CAREX RADIATA,CARA8,82,ME_NBPH,CAREX RADIATA,5,5,5,0,
16600,CAREX RADIATA,CARA8,MI,MI,,NA,2,2,NA,
16600,CAREX RADIATA,CARA8,MN,MN,CAREX RADIATA,4,4,4,0,
16600,CAREX RADIATA,CARA8,83,NY_GLHL,CAREX RADIATA,7,7,7,0,
16600,CAREX RADIATA,CARA8,61,OH_APG,CAREX RADIATA,5,5,5,0,
16600,CAREX RADIATA,CARA8,58,VT_NAAMH,CAREX RADIATA,6,6,6,0,
16600,CAREX RADIATA,CARA8,WI,WI,CAREX RADIATA,4,4,4,0,
16617,CAREX RETRORSA,CARE4,82,ME_NBPH,CAREX RETRORSA,5,5,5,0,
16617,CAREX RETRORSA,CARE4,MI,MI,CAREX RETRORSA,3,3,3,0,
16617,CAREX RETRORSA,CARE4,MN,MN,CAREX RETRORSA,5,5,5,0,
16617,CAREX RETRORSA,CARE4,WI,WI,CAREX RETRORSA,6,6,6,0,
16626,CAREX ROSEA,CARO22,IN,IN,CAREX ROSEA,5,5,5,0,
16626,CAREX ROSEA,CARO22,MI,MI,,NA,2,2,NA,
16626,CAREX ROSEA,CARO22,58,NJ,CAREX ROSEA,6,4,6,2,
16626,CAREX ROSEA,CARO22,83,VT_GLHL,CAREX ROSEA,5,5,5,0,
16626,CAREX ROSEA,CARO22,WI,WI,CAREX ROSEA,4,4,4,0,
16631,CAREX ROSTRATA,CARO6,MN,MN,CAREX ROSTRATA,8,8,8,0,
16631,CAREX ROSTRATA,CARO6,WI,WI,CAREX ROSTRATA,10,10,10,0,
16664,CAREX SCABRATA,CASC13,58,MA_NAAMH,CAREX SCABRATA,7,7,7,0,
16664,CAREX SCABRATA,CASC13,58,ME_NAAMH,CAREX SCABRATA,7,7,7,0,
16664,CAREX SCABRATA,CASC13,MI,MI,CAREX SCABRATA,4,4,4,0,
16664,CAREX SCABRATA,CASC13,58,VT_NAAMH,CAREX SCABRATA,7,7,7,0,
16681,CAREX SCOPARIA,CASC11,59,CT_NCZ,CAREX SCOPARIA,2,2,2,0,
16681,CAREX SCOPARIA,CASC11,58,ME_NAAMH,CAREX SCOPARIA,2,2,2,0,
16681,CAREX SCOPARIA,CASC11,82,ME_NBPH,CAREX SCOPARIA,2,2,2,0,
16681,CAREX SCOPARIA,CASC11,MI,MI,CAREX SCOPARIA,4,4,4,0,
16681,CAREX SCOPARIA,CASC11,MN,MN,,NA,4,4,NA,
16681,CAREX SCOPARIA,CASC11,83,NY_GLHL,CAREX SCOPARIA,1,1,1,0,
16681,CAREX SCOPARIA,CASC11,58,NY_NAAMH,CAREX SCOPARIA,2,2,2,0,
16681,CAREX SCOPARIA,CASC11,59,RI_NCZ,CAREX SCOPARIA,2,2,2,0,
16681,CAREX SCOPARIA,CASC11,83,VT_GLHL,CAREX SCOPARIA,1,1,1,0,
16681,CAREX SCOPARIA,CASC11,58,VT_NAAMH,CAREX SCOPARIA,2,2,2,0,
16681,CAREX SCOPARIA,CASC11,WI,WI,CAREX SCOPARIA,4,4,4,0,
16684,CAREX SCOPARIA VAR. SCOPARIA,CASCS,58,NH_NAAMH,,NA,2,2,NA,
16693,CAREX SEORSA,CASE6,59,RI_NCZ,CAREX SEORSA,7,7,7,0,
16701,CAREX SHORTIANA,CASH2,61,OH_APG,CAREX SHORTIANA,8,2,8,6,
16721,CAREX SPRENGELII,CASP7,MN,MN,CAREX SPRENGELII,4,4,4,0,
16722,CAREX SQUARROSA,CASQ2,61,OH_APG,CAREX SQUARROSA,4,4,4,0,
16734,CAREX STERILIS,CAST16,WI,WI,CAREX STERILIS,10,10,10,0,
16737,CAREX STIPATA,CAST5,59,CT_NCZ,CAREX STIPATA,5,5,5,0,
16737,CAREX STIPATA,CAST5,IN,IN,,NA,2,2,NA,
16737,CAREX STIPATA,CAST5,59,MA_NCZ,CAREX STIPATA,5,5,5,0,
16737,CAREX STIPATA,CAST5,58,ME_NAAMH,CAREX STIPATA,4,4,4,0,
16737,CAREX STIPATA,CAST5,82,ME_NBPH,CAREX STIPATA,3,3,3,0,
16737,CAREX STIPATA,CAST5,MI,MI,CAREX STIPATA,1,1,1,0,
16737,CAREX STIPATA,CAST5,MN,MN,,NA,2,2,NA,
16737,CAREX STIPATA,CAST5,58,NH_NAAMH,CAREX STIPATA,4,4,4,0,
16737,CAREX STIPATA,CAST5,58,NJ,CAREX STIPATA,4,2,4,2,
16737,CAREX STIPATA,CAST5,83,NY_GLHL,CAREX STIPATA,5,5,5,0,
16737,CAREX STIPATA,CAST5,58,NY_NAAMH,CAREX STIPATA,4,4,4,0,
16737,CAREX STIPATA,CAST5,61,OH_APG,CAREX STIPATA,3,3,3,0,
16737,CAREX STIPATA,CAST5,61,PA_APG,CAREX STIPATA,3,3,3,0,
16737,CAREX STIPATA,CAST5,59,RI_NCZ,CAREX STIPATA,5,5,5,0,
16737,CAREX STIPATA,CAST5,83,VT_GLHL,CAREX STIPATA,5,5,5,0,
16737,CAREX STIPATA,CAST5,58,VT_NAAMH,CAREX STIPATA,4,4,4,0,
16737,CAREX STIPATA,CAST5,WI,WI,CAREX STIPATA,2,2,2,0,
16741,CAREX STIPATA VAR. STIPATA,CASTS3,58,MA_NAAMH,,NA,4,4,NA,
16741,CAREX STIPATA VAR. STIPATA,CASTS3,59,MA_NCZ,,NA,5,5,NA,
16741,CAREX STIPATA VAR. STIPATA,CASTS3,MN,MN,,NA,3,4,NA,Updated to ssp. Cval/CoC Ref
16741,CAREX STIPATA VAR. STIPATA,CASTS3,59,NH_NCZ,,NA,3,5,NA,Updated to ssp. Cval/CoC Ref
16741,CAREX STIPATA VAR. STIPATA,CASTS3,61,OH_APG,,NA,3,3,NA,
16741,CAREX STIPATA VAR. STIPATA,CASTS3,83,VT_GLHL,,NA,5,5,NA,
16741,CAREX STIPATA VAR. STIPATA,CASTS3,58,VT_NAAMH,,NA,3,4,NA,Updated to ssp. Cval/CoC Ref
16744,CAREX STRAMINEA,CAST6,59,MA_NCZ,CAREX STRAMINEA,7,7,7,0,
16753,CAREX STRICTA,CAST8,58,CT_NAAMH,CAREX STRICTA,4,4,4,0,
16753,CAREX STRICTA,CAST8,59,CT_NCZ,CAREX STRICTA,4,4,4,0,
16753,CAREX STRICTA,CAST8,IN,IN,CAREX STRICTA,5,5,5,0,
16753,CAREX STRICTA,CAST8,58,MA_NAAMH,CAREX STRICTA,4,4,4,0,
16753,CAREX STRICTA,CAST8,59,MA_NCZ,CAREX STRICTA,4,4,4,0,
16753,CAREX STRICTA,CAST8,82,ME_NBPH,CAREX STRICTA,4,4,4,0,
16753,CAREX STRICTA,CAST8,59,ME_NCZ,CAREX STRICTA,4,4,4,0,
16753,CAREX STRICTA,CAST8,MI,MI,CAREX STRICTA,4,4,4,0,
16753,CAREX STRICTA,CAST8,MN,MN,CAREX STRICTA,5,5,5,0,
16753,CAREX STRICTA,CAST8,58,NH_NAAMH,CAREX STRICTA,4,4,4,0,
16753,CAREX STRICTA,CAST8,59,NH_NCZ,CAREX STRICTA,4,4,4,0,
16753,CAREX STRICTA,CAST8,58,NJ,CAREX STRICTA,4,5,4,-1,
16753,CAREX STRICTA,CAST8,83,NY_GLHL,CAREX STRICTA,4,4,4,0,
16753,CAREX STRICTA,CAST8,58,NY_NAAMH,CAREX STRICTA,4,4,4,0,
16753,CAREX STRICTA,CAST8,62,PA_AP,CAREX STRICTA,6,6,6,0,
16753,CAREX STRICTA,CAST8,83,PA_OTH,CAREX STRICTA,4,6,4,-2,
16753,CAREX STRICTA,CAST8,59,RI_NCZ,CAREX STRICTA,4,4,4,0,
16753,CAREX STRICTA,CAST8,58,VT_NAAMH,CAREX STRICTA,4,4,4,0,
16753,CAREX STRICTA,CAST8,WI,WI,CAREX STRICTA,7,7,7,0,
16777,CAREX SWANII,CASW,59,CT_NCZ,CAREX SWANII,4,4,4,0,
16777,CAREX SWANII,CASW,MI,MI,CAREX SWANII,4,4,4,0,
16777,CAREX SWANII,CASW,61,PA_APG,CAREX SWANII,5,4,5,1,
16777,CAREX SWANII,CASW,59,RI_NCZ,CAREX SWANII,4,4,4,0,
16777,CAREX SWANII,CASW,83,VT_GLHL,CAREX SWANII,6,6,6,0,
16783,CAREX TENERA,CATE3,MI,MI,CAREX TENERA,4,5,4,-1,
16783,CAREX TENERA,CATE3,MN,MN,CAREX TENERA,4,4,4,0,
16783,CAREX TENERA,CATE3,WI,WI,CAREX TENERA,4,4,4,0,
16786,CAREX TENUIFLORA,CATE5,MI,MI,CAREX TENUIFLORA,10,10,10,0,
16786,CAREX TENUIFLORA,CATE5,MN,MN,CAREX TENUIFLORA,8,8,8,0,
16786,CAREX TENUIFLORA,CATE5,WI,WI,CAREX TENUIFLORA,10,10,10,0,
16805,CAREX TORTA,CATO4,58,ME_NAAMH,CAREX TORTA,8,8,8,0,
16808,CAREX TRIBULOIDES,CATR7,82,ME_NBPH,CAREX TRIBULOIDES,3,3,3,0,
16808,CAREX TRIBULOIDES,CATR7,MI,MI,CAREX TRIBULOIDES,3,3,3,0,
16808,CAREX TRIBULOIDES,CATR7,MN,MN,,NA,4,4,NA,
16808,CAREX TRIBULOIDES,CATR7,83,NY_GLHL,CAREX TRIBULOIDES,4,4,4,0,
16808,CAREX TRIBULOIDES,CATR7,61,OH_APG,CAREX TRIBULOIDES,4,4,4,0,
16808,CAREX TRIBULOIDES,CATR7,58,VT_NAAMH,CAREX TRIBULOIDES,4,4,4,0,
16808,CAREX TRIBULOIDES,CATR7,WI,WI,CAREX TRIBULOIDES,4,4,4,0,
16811,CAREX TRIBULOIDES VAR. TRIBULOIDES,CATRT2,59,MA_NCZ,,NA,4,4,NA,
16811,CAREX TRIBULOIDES VAR. TRIBULOIDES,CATRT2,83,NY_GLHL,,NA,4,4,NA,
16813,CAREX TRICHOCARPA,CATR8,83,NY_GLHL,CAREX TRICHOCARPA,6,6,6,0,
16813,CAREX TRICHOCARPA,CATR8,62,PA_AP,CAREX TRICHOCARPA,7,7,7,0,
16815,CAREX TRISPERMA,CATR10,58,MA_NAAMH,CAREX TRISPERMA,6,6,6,0,
16815,CAREX TRISPERMA,CATR10,58,ME_NAAMH,CAREX TRISPERMA,6,6,6,0,
16815,CAREX TRISPERMA,CATR10,82,ME_NBPH,CAREX TRISPERMA,5,5,5,0,
16815,CAREX TRISPERMA,CATR10,MI,MI,CAREX TRISPERMA,9,9,9,0,
16815,CAREX TRISPERMA,CATR10,MN,MN,,NA,9,7,NA,Updated to ssp. Cval/CoC Ref
16815,CAREX TRISPERMA,CATR10,58,NH_NAAMH,CAREX TRISPERMA,6,6,6,0,
16815,CAREX TRISPERMA,CATR10,83,NY_GLHL,CAREX TRISPERMA,7,7,7,0,
16815,CAREX TRISPERMA,CATR10,58,NY_NAAMH,CAREX TRISPERMA,6,6,6,0,
16815,CAREX TRISPERMA,CATR10,61,OH_APG,CAREX TRISPERMA,10,10,10,0,
16815,CAREX TRISPERMA,CATR10,61,PA_APG,CAREX TRISPERMA,10,10,10,0,
16815,CAREX TRISPERMA,CATR10,59,RI_NCZ,CAREX TRISPERMA,6,6,6,0,
16815,CAREX TRISPERMA,CATR10,58,VT_NAAMH,CAREX TRISPERMA,6,6,6,0,
16815,CAREX TRISPERMA,CATR10,WI,WI,CAREX TRISPERMA,9,9,9,0,
16817,CAREX TRISPERMA VAR. TRISPERMA,CATRT3,MN,MN,,NA,7,7,NA,
16817,CAREX TRISPERMA VAR. TRISPERMA,CATRT3,58,NH_NAAMH,,NA,6,6,NA,
16817,CAREX TRISPERMA VAR. TRISPERMA,CATRT3,58,NY_NAAMH,,NA,7,6,NA,Updated to ssp. Cval/CoC Ref
16817,CAREX TRISPERMA VAR. TRISPERMA,CATRT3,60,NY_OTH,,NA,7,10,NA,Updated to ssp. Cval/CoC Ref
16818,CAREX TUCKERMANII,CATU2,MI,MI,CAREX TUCKERMANII,8,8,8,0,
16818,CAREX TUCKERMANII,CATU2,WI,WI,CAREX TUCKERMANII,8,8,8,0,
16831,CAREX UTRICULATA,CAUT,59,MA_NCZ,CAREX UTRICULATA,6,6,6,0,
16831,CAREX UTRICULATA,CAUT,82,ME_NBPH,CAREX UTRICULATA,5,5,5,0,
16831,CAREX UTRICULATA,CAUT,59,ME_NCZ,CAREX UTRICULATA,6,6,6,0,
16831,CAREX UTRICULATA,CAUT,MI,MI,,NA,5,5,NA,
16831,CAREX UTRICULATA,CAUT,MN,MN,CAREX UTRICULATA,7,7,7,0,
16831,CAREX UTRICULATA,CAUT,58,NH_NAAMH,CAREX UTRICULATA,6,6,6,0,
16831,CAREX UTRICULATA,CAUT,59,NH_NCZ,CAREX UTRICULATA,6,6,6,0,
16831,CAREX UTRICULATA,CAUT,58,NY_NAAMH,CAREX UTRICULATA,6,6,6,0,
16831,CAREX UTRICULATA,CAUT,59,RI_NCZ,CAREX UTRICULATA,6,6,6,0,
16831,CAREX UTRICULATA,CAUT,83,VT_GLHL,CAREX UTRICULATA,7,7,7,0,
16831,CAREX UTRICULATA,CAUT,58,VT_NAAMH,CAREX UTRICULATA,6,6,6,0,
16831,CAREX UTRICULATA,CAUT,WI,WI,CAREX UTRICULATA,7,7,7,0,
16847,CAREX VESICARIA,CAVE6,58,ME_NAAMH,CAREX VESICARIA,6,6,6,0,
16847,CAREX VESICARIA,CAVE6,MI,MI,CAREX VESICARIA,7,7,7,0,
16847,CAREX VESICARIA,CAVE6,MN,MN,CAREX VESICARIA,6,6,6,0,
16847,CAREX VESICARIA,CAVE6,58,NH_NAAMH,CAREX VESICARIA,6,6,6,0,
16847,CAREX VESICARIA,CAVE6,59,NH_NCZ,CAREX VESICARIA,6,6,6,0,
16847,CAREX VESICARIA,CAVE6,83,NY_GLHL,CAREX VESICARIA,7,7,7,0,
16847,CAREX VESICARIA,CAVE6,58,VT_NAAMH,CAREX VESICARIA,6,6,6,0,
16847,CAREX VESICARIA,CAVE6,WI,WI,CAREX VESICARIA,7,7,7,0,
16871,CAREX VULPINOIDEA,CAVU2,MI,MI,CAREX VULPINOIDEA,1,1,1,0,
16871,CAREX VULPINOIDEA,CAVU2,MN,MN,CAREX VULPINOIDEA,3,3,3,0,
16871,CAREX VULPINOIDEA,CAVU2,83,NY_GLHL,CAREX VULPINOIDEA,2,2,2,0,
16871,CAREX VULPINOIDEA,CAVU2,61,PA_APG,CAREX VULPINOIDEA,2,2,2,0,
16871,CAREX VULPINOIDEA,CAVU2,83,VT_GLHL,CAREX VULPINOIDEA,2,2,2,0,
16871,CAREX VULPINOIDEA,CAVU2,58,VT_NAAMH,CAREX VULPINOIDEA,3,3,3,0,
16871,CAREX VULPINOIDEA,CAVU2,WI,WI,CAREX VULPINOIDEA,2,2,2,0,
16888,CAREX WOODII,CAWO2,MN,MN,CAREX WOODII,9,9,9,0,
91436,"CAREX, SECTION OVALES",1CAOVAL,MI,MI,,NA,7,7,NA,
91436,"CAREX, SECTION OVALES",1CAOVAL,MN,MN,,NA,7,7,NA,
91436,"CAREX, SECTION OVALES",1CAOVAL,61,PA_APG,,NA,Und,Und,NA,
91436,"CAREX, SECTION OVALES",1CAOVAL,WI,WI,,NA,7,7,NA,
91435,"CAREX, SECTION STELLULATAE",1CASTEL,MI,MI,,NA,6,6,NA,
16948,CARPINUS CAROLINIANA,CACA18,59,CT_NCZ,CARPINUS CAROLINIANA,5,5,5,0,
16948,CARPINUS CAROLINIANA,CACA18,IN,IN,,NA,5,5,NA,
16948,CARPINUS CAROLINIANA,CACA18,59,MA_NCZ,CARPINUS CAROLINIANA,5,5,5,0,
16948,CARPINUS CAROLINIANA,CACA18,MI,MI,CARPINUS CAROLINIANA,6,6,6,0,
16948,CARPINUS CAROLINIANA,CACA18,58,NH_NAAMH,CARPINUS CAROLINIANA,5,5,5,0,
16948,CARPINUS CAROLINIANA,CACA18,58,NJ,CARPINUS CAROLINIANA,5,7,5,-2,
16948,CARPINUS CAROLINIANA,CACA18,61,OH_APG,CARPINUS CAROLINIANA,6,6,6,0,
16948,CARPINUS CAROLINIANA,CACA18,62,PA_AP,CARPINUS CAROLINIANA,6,6,6,0,
16948,CARPINUS CAROLINIANA,CACA18,61,PA_APG,CARPINUS CAROLINIANA,6,6,6,0,
16948,CARPINUS CAROLINIANA,CACA18,WI,WI,CARPINUS CAROLINIANA,6,6,6,0,
16950,CARPINUS CAROLINIANA SSP. VIRGINIANA,CACAV,MN,MN,CARPINUS CAROLINIANA SSP. VIRGINIANA,5,5,5,0,
16950,CARPINUS CAROLINIANA SSP. VIRGINIANA,CACAV,58,NY_NAAMH,,NA,4,5,NA,Updated to ssp. Cval/CoC Ref
16985,CARYA,CARYA,59,CT_NCZ,,NA,6,6,NA,
16985,CARYA,CARYA,IN,IN,,NA,6,6,NA,
16985,CARYA,CARYA,MI,MI,,NA,5,5,NA,
16985,CARYA,CARYA,58,NJ,,NA,6,6,NA,
17005,CARYA CORDIFORMIS,CACO15,59,CT_NCZ,CARYA CORDIFORMIS,6,6,6,0,
17005,CARYA CORDIFORMIS,CACO15,IN,IN,CARYA CORDIFORMIS,5,5,5,0,
17005,CARYA CORDIFORMIS,CACO15,59,MA_NCZ,CARYA CORDIFORMIS,6,6,6,0,
17005,CARYA CORDIFORMIS,CACO15,MN,MN,CARYA CORDIFORMIS,5,5,5,0,
17005,CARYA CORDIFORMIS,CACO15,83,NY_GLHL,CARYA CORDIFORMIS,6,6,6,0,
17005,CARYA CORDIFORMIS,CACO15,61,PA_APG,CARYA CORDIFORMIS,5,5,5,0,
17005,CARYA CORDIFORMIS,CACO15,83,VT_GLHL,CARYA CORDIFORMIS,6,6,6,0,
17015,CARYA LACINIOSA,CALA21,MI,MI,CARYA LACINIOSA,9,9,9,0,
17015,CARYA LACINIOSA,CALA21,58,NJ,CARYA LACINIOSA,7,1,7,6,
17027,CARYA OVATA,CAOV2,59,CT_NCZ,CARYA OVATA,6,6,6,0,
17027,CARYA OVATA,CAOV2,IN,IN,CARYA OVATA,4,4,4,0,
17027,CARYA OVATA,CAOV2,59,MA_NCZ,CARYA OVATA,6,6,6,0,
17027,CARYA OVATA,CAOV2,MI,MI,CARYA OVATA,5,5,5,0,
17027,CARYA OVATA,CAOV2,58,NH_NAAMH,CARYA OVATA,6,6,6,0,
17027,CARYA OVATA,CAOV2,59,NH_NCZ,CARYA OVATA,6,6,6,0,
17027,CARYA OVATA,CAOV2,58,NJ,CARYA OVATA,6,6,6,0,
17027,CARYA OVATA,CAOV2,83,NY_GLHL,CARYA OVATA,6,6,6,0,
17027,CARYA OVATA,CAOV2,58,NY_NAAMH,CARYA OVATA,6,6,6,0,
17027,CARYA OVATA,CAOV2,61,OH_APG,CARYA OVATA,6,6,6,0,
17027,CARYA OVATA,CAOV2,61,PA_APG,CARYA OVATA,6,6,6,0,
91596,CARYA TOMENTOSA,CATO6,59,MA_NCZ,CARYA TOMENTOSA,6,6,6,0,
18008,CELASTRUS,CELAS,58,NH_NAAMH,,NA,0,0,NA,
18013,CELASTRUS ORBICULATUS,CEOR7,58,CT_NAAMH,CELASTRUS ORBICULATUS,0,0,0,0,
18013,CELASTRUS ORBICULATUS,CEOR7,59,CT_NCZ,CELASTRUS ORBICULATUS,0,0,0,0,
18013,CELASTRUS ORBICULATUS,CEOR7,IN,IN,CELASTRUS ORBICULATUS,0,0,0,0,
18013,CELASTRUS ORBICULATUS,CEOR7,59,MA_NCZ,CELASTRUS ORBICULATUS,0,0,0,0,
18013,CELASTRUS ORBICULATUS,CEOR7,58,NJ,CELASTRUS ORBICULATUS,0,0,0,0,
18013,CELASTRUS ORBICULATUS,CEOR7,59,RI_NCZ,CELASTRUS ORBICULATUS,0,0,0,0,
18014,CELASTRUS SCANDENS,CESC,58,VT_NAAMH,CELASTRUS SCANDENS,7,7,7,0,
18137,CENTAUREA JACEA,CEJA,59,RI_NCZ,CENTAUREA JACEA,0,0,0,0,
18268,CEPHALANTHUS OCCIDENTALIS,CEOC2,59,CT_NCZ,CEPHALANTHUS OCCIDENTALIS,6,6,6,0,
18268,CEPHALANTHUS OCCIDENTALIS,CEOC2,IN,IN,CEPHALANTHUS OCCIDENTALIS,5,5,5,0,
18268,CEPHALANTHUS OCCIDENTALIS,CEOC2,59,MA_NCZ,CEPHALANTHUS OCCIDENTALIS,6,6,6,0,
18268,CEPHALANTHUS OCCIDENTALIS,CEOC2,82,ME_NBPH,CEPHALANTHUS OCCIDENTALIS,6,6,6,0,
18268,CEPHALANTHUS OCCIDENTALIS,CEOC2,MI,MI,CEPHALANTHUS OCCIDENTALIS,7,7,7,0,
18268,CEPHALANTHUS OCCIDENTALIS,CEOC2,58,NH_NAAMH,CEPHALANTHUS OCCIDENTALIS,6,6,6,0,
18268,CEPHALANTHUS OCCIDENTALIS,CEOC2,59,NH_NCZ,CEPHALANTHUS OCCIDENTALIS,6,6,6,0,
18268,CEPHALANTHUS OCCIDENTALIS,CEOC2,83,NY_GLHL,CEPHALANTHUS OCCIDENTALIS,7,7,7,0,
18268,CEPHALANTHUS OCCIDENTALIS,CEOC2,61,OH_APG,CEPHALANTHUS OCCIDENTALIS,7,7,7,0,
18268,CEPHALANTHUS OCCIDENTALIS,CEOC2,62,PA_AP,CEPHALANTHUS OCCIDENTALIS,7,7,7,0,
18268,CEPHALANTHUS OCCIDENTALIS,CEOC2,83,PA_OTH,CEPHALANTHUS OCCIDENTALIS,7,7,7,0,
18268,CEPHALANTHUS OCCIDENTALIS,CEOC2,59,RI_NCZ,CEPHALANTHUS OCCIDENTALIS,6,6,6,0,
18268,CEPHALANTHUS OCCIDENTALIS,CEOC2,83,VT_GLHL,CEPHALANTHUS OCCIDENTALIS,7,7,7,0,
18268,CEPHALANTHUS OCCIDENTALIS,CEOC2,58,VT_NAAMH,CEPHALANTHUS OCCIDENTALIS,6,6,6,0,
18422,CERASTIUM FONTANUM,CEFO2,MI,MI,CERASTIUM FONTANUM,0,0,0,0,
18422,CERASTIUM FONTANUM,CEFO2,58,VT_NAAMH,CERASTIUM FONTANUM,2,0,2,2,
18422,CERASTIUM FONTANUM,CEFO2,WI,WI,CERASTIUM FONTANUM,0,0,0,0,
18426,CERASTIUM FONTANUM SSP. VULGARE,CEFOV2,83,NY_GLHL,,NA,0,2,NA,Updated to ssp. Cval/CoC Ref
18426,CERASTIUM FONTANUM SSP. VULGARE,CEFOV2,58,VT_NAAMH,,NA,0,2,NA,Updated to ssp. Cval/CoC Ref
18535,CERATOPHYLLUM,CERAT,61,OH_APG,,NA,5,5,NA,
18535,CERATOPHYLLUM,CERAT,62,PA_AP,,NA,5,5,NA,
18539,CERATOPHYLLUM DEMERSUM,CEDE4,58,CT_NAAMH,CERATOPHYLLUM DEMERSUM,4,4,4,0,
18539,CERATOPHYLLUM DEMERSUM,CEDE4,59,CT_NCZ,CERATOPHYLLUM DEMERSUM,4,4,4,0,
18539,CERATOPHYLLUM DEMERSUM,CEDE4,IN,IN,CERATOPHYLLUM DEMERSUM,1,1,1,0,
18539,CERATOPHYLLUM DEMERSUM,CEDE4,59,MA_NCZ,CERATOPHYLLUM DEMERSUM,4,4,4,0,
18539,CERATOPHYLLUM DEMERSUM,CEDE4,MI,MI,CERATOPHYLLUM DEMERSUM,1,1,1,0,
18539,CERATOPHYLLUM DEMERSUM,CEDE4,MN,MN,CERATOPHYLLUM DEMERSUM,2,2,2,0,
18539,CERATOPHYLLUM DEMERSUM,CEDE4,83,NY_GLHL,CERATOPHYLLUM DEMERSUM,3,3,3,0,
18539,CERATOPHYLLUM DEMERSUM,CEDE4,61,OH_APG,CERATOPHYLLUM DEMERSUM,4,4,4,0,
18539,CERATOPHYLLUM DEMERSUM,CEDE4,61,PA_APG,CERATOPHYLLUM DEMERSUM,4,4,4,0,
18539,CERATOPHYLLUM DEMERSUM,CEDE4,58,VT_NAAMH,CERATOPHYLLUM DEMERSUM,4,4,4,0,
18544,CERATOPHYLLUM ECHINATUM,CEEC2,82,ME_NBPH,CERATOPHYLLUM ECHINATUM,6,6,6,0,
18544,CERATOPHYLLUM ECHINATUM,CEEC2,WI,WI,CERATOPHYLLUM ECHINATUM,10,10,10,0,
19057,CHAMAECYPARIS THYOIDES,CHTH2,59,RI_NCZ,CHAMAECYPARIS THYOIDES,8,8,8,0,
19071,CHAMAEDAPHNE CALYCULATA,CHCA2,58,ME_NAAMH,CHAMAEDAPHNE CALYCULATA,6,6,6,0,
19071,CHAMAEDAPHNE CALYCULATA,CHCA2,82,ME_NBPH,CHAMAEDAPHNE CALYCULATA,5,5,5,0,
19071,CHAMAEDAPHNE CALYCULATA,CHCA2,59,ME_NCZ,CHAMAEDAPHNE CALYCULATA,7,7,7,0,
19071,CHAMAEDAPHNE CALYCULATA,CHCA2,MI,MI,CHAMAEDAPHNE CALYCULATA,8,8,8,0,
19071,CHAMAEDAPHNE CALYCULATA,CHCA2,MN,MN,,NA,8,8,NA,
19071,CHAMAEDAPHNE CALYCULATA,CHCA2,58,NH_NAAMH,CHAMAEDAPHNE CALYCULATA,6,6,6,0,
19071,CHAMAEDAPHNE CALYCULATA,CHCA2,59,NH_NCZ,CHAMAEDAPHNE CALYCULATA,7,7,7,0,
19071,CHAMAEDAPHNE CALYCULATA,CHCA2,58,NY_NAAMH,CHAMAEDAPHNE CALYCULATA,6,6,6,0,
19071,CHAMAEDAPHNE CALYCULATA,CHCA2,62,PA_AP,CHAMAEDAPHNE CALYCULATA,9,9,9,0,
19071,CHAMAEDAPHNE CALYCULATA,CHCA2,59,RI_NCZ,CHAMAEDAPHNE CALYCULATA,7,7,7,0,
19071,CHAMAEDAPHNE CALYCULATA,CHCA2,58,VT_NAAMH,CHAMAEDAPHNE CALYCULATA,6,6,6,0,
19071,CHAMAEDAPHNE CALYCULATA,CHCA2,WI,WI,CHAMAEDAPHNE CALYCULATA,9,9,9,0,
19358,CHAMERION ANGUSTIFOLIUM SSP. CIRCUMVAGUM,CHANC,MN,MN,CHAMERION ANGUSTIFOLIUM SSP. CIRCUMVAGUM,3,3,3,0,
19542,CHELONE GLABRA,CHGL2,58,CT_NAAMH,CHELONE GLABRA,6,6,6,0,
19542,CHELONE GLABRA,CHGL2,59,CT_NCZ,CHELONE GLABRA,6,6,6,0,
19542,CHELONE GLABRA,CHGL2,IN,IN,CHELONE GLABRA,7,7,7,0,
19542,CHELONE GLABRA,CHGL2,58,MA_NAAMH,CHELONE GLABRA,6,6,6,0,
19542,CHELONE GLABRA,CHGL2,59,MA_NCZ,CHELONE GLABRA,6,6,6,0,
19542,CHELONE GLABRA,CHGL2,58,ME_NAAMH,CHELONE GLABRA,6,6,6,0,
19542,CHELONE GLABRA,CHGL2,82,ME_NBPH,CHELONE GLABRA,6,6,6,0,
19542,CHELONE GLABRA,CHGL2,MI,MI,CHELONE GLABRA,7,7,7,0,
19542,CHELONE GLABRA,CHGL2,MN,MN,CHELONE GLABRA,7,7,7,0,
19542,CHELONE GLABRA,CHGL2,58,NH_NAAMH,CHELONE GLABRA,6,6,6,0,
19542,CHELONE GLABRA,CHGL2,58,NJ,CHELONE GLABRA,6,6,6,0,
19542,CHELONE GLABRA,CHGL2,83,NY_GLHL,CHELONE GLABRA,6,6,6,0,
19542,CHELONE GLABRA,CHGL2,58,NY_NAAMH,CHELONE GLABRA,6,6,6,0,
19542,CHELONE GLABRA,CHGL2,61,OH_APG,CHELONE GLABRA,7,7,7,0,
19542,CHELONE GLABRA,CHGL2,60,PA_APG,CHELONE GLABRA,7,7,7,0,
19542,CHELONE GLABRA,CHGL2,83,VT_GLHL,CHELONE GLABRA,6,6,6,0,
19542,CHELONE GLABRA,CHGL2,58,VT_NAAMH,CHELONE GLABRA,6,6,6,0,
19542,CHELONE GLABRA,CHGL2,WI,WI,CHELONE GLABRA,7,7,7,0,
19750,CHIMAPHILA MACULATA,CHMA3,59,CT_NCZ,CHIMAPHILA MACULATA,6,6,6,0,
19750,CHIMAPHILA MACULATA,CHMA3,59,MA_NCZ,CHIMAPHILA MACULATA,6,6,6,0,
19750,CHIMAPHILA MACULATA,CHMA3,MI,MI,CHIMAPHILA MACULATA,8,8,8,0,
20261,CHRYSOSPLENIUM AMERICANUM,CHAM2,59,CT_NCZ,CHRYSOSPLENIUM AMERICANUM,7,7,7,0,
20261,CHRYSOSPLENIUM AMERICANUM,CHAM2,59,MA_NCZ,CHRYSOSPLENIUM AMERICANUM,7,7,7,0,
20261,CHRYSOSPLENIUM AMERICANUM,CHAM2,MI,MI,CHRYSOSPLENIUM AMERICANUM,6,8,6,-2,
20261,CHRYSOSPLENIUM AMERICANUM,CHAM2,MN,MN,CHRYSOSPLENIUM AMERICANUM,9,9,9,0,
20261,CHRYSOSPLENIUM AMERICANUM,CHAM2,58,VT_NAAMH,CHRYSOSPLENIUM AMERICANUM,7,7,7,0,
20431,CICUTA BULBIFERA,CIBU,58,CT_NAAMH,CICUTA BULBIFERA,5,5,5,0,
20431,CICUTA BULBIFERA,CIBU,59,CT_NCZ,CICUTA BULBIFERA,6,6,6,0,
20431,CICUTA BULBIFERA,CIBU,59,MA_NCZ,CICUTA BULBIFERA,6,6,6,0,
20431,CICUTA BULBIFERA,CIBU,82,ME_NBPH,CICUTA BULBIFERA,4,4,4,0,
20431,CICUTA BULBIFERA,CIBU,59,ME_NCZ,CICUTA BULBIFERA,6,6,6,0,
20431,CICUTA BULBIFERA,CIBU,MI,MI,CICUTA BULBIFERA,5,5,5,0,
20431,CICUTA BULBIFERA,CIBU,MN,MN,CICUTA BULBIFERA,7,7,7,0,
20431,CICUTA BULBIFERA,CIBU,58,NH_NAAMH,CICUTA BULBIFERA,5,5,5,0,
20431,CICUTA BULBIFERA,CIBU,83,NY_GLHL,CICUTA BULBIFERA,6,6,6,0,
20431,CICUTA BULBIFERA,CIBU,62,PA_AP,CICUTA BULBIFERA,8,8,8,0,
20431,CICUTA BULBIFERA,CIBU,83,PA_OTH,CICUTA BULBIFERA,6,8,6,-2,
20431,CICUTA BULBIFERA,CIBU,59,RI_NCZ,CICUTA BULBIFERA,6,6,6,0,
20431,CICUTA BULBIFERA,CIBU,83,VT_GLHL,CICUTA BULBIFERA,6,6,6,0,
20431,CICUTA BULBIFERA,CIBU,58,VT_NAAMH,CICUTA BULBIFERA,5,5,5,0,
20431,CICUTA BULBIFERA,CIBU,WI,WI,CICUTA BULBIFERA,7,7,7,0,
20435,CICUTA MACULATA,CIMA2,59,CT_NCZ,CICUTA MACULATA,5,5,5,0,
20435,CICUTA MACULATA,CIMA2,MI,MI,CICUTA MACULATA,4,4,4,0,
20435,CICUTA MACULATA,CIMA2,MN,MN,CICUTA MACULATA,5,5,5,0,
20435,CICUTA MACULATA,CIMA2,59,NH_NCZ,CICUTA MACULATA,5,5,5,0,
20435,CICUTA MACULATA,CIMA2,83,NY_GLHL,CICUTA MACULATA,5,5,5,0,
20435,CICUTA MACULATA,CIMA2,61,OH_APG,CICUTA MACULATA,6,6,6,0,
20435,CICUTA MACULATA,CIMA2,83,VT_GLHL,CICUTA MACULATA,5,5,5,0,
20435,CICUTA MACULATA,CIMA2,WI,WI,CICUTA MACULATA,6,6,6,0,
20440,CICUTA MACULATA VAR. MACULATA,CIMAM,59,MA_NCZ,,NA,5,5,NA,
20483,CINNA,CINNA,MN,MN,,NA,6,5,NA,Updated to ssp. Cval/CoC Ref
20483,CINNA,CINNA,83,NY_GLHL,,NA,5,5,NA,
20485,CINNA ARUNDINACEA,CIAR2,59,CT_NCZ,CINNA ARUNDINACEA,6,6,6,0,
20485,CINNA ARUNDINACEA,CIAR2,IN,IN,CINNA ARUNDINACEA,4,4,4,0,
20485,CINNA ARUNDINACEA,CIAR2,59,MA_NCZ,CINNA ARUNDINACEA,6,6,6,0,
20485,CINNA ARUNDINACEA,CIAR2,MI,MI,CINNA ARUNDINACEA,7,7,7,0,
20485,CINNA ARUNDINACEA,CIAR2,MN,MN,CINNA ARUNDINACEA,5,5,5,0,
20485,CINNA ARUNDINACEA,CIAR2,58,NH_NAAMH,CINNA ARUNDINACEA,6,6,6,0,
20485,CINNA ARUNDINACEA,CIAR2,58,NJ,CINNA ARUNDINACEA,6,5,6,1,
20485,CINNA ARUNDINACEA,CIAR2,61,OH_APG,CINNA ARUNDINACEA,5,5,5,0,
20485,CINNA ARUNDINACEA,CIAR2,61,PA_APG,CINNA ARUNDINACEA,5,5,5,0,
20485,CINNA ARUNDINACEA,CIAR2,59,RI_NCZ,CINNA ARUNDINACEA,6,6,6,0,
20485,CINNA ARUNDINACEA,CIAR2,83,VT_GLHL,CINNA ARUNDINACEA,7,7,7,0,
20485,CINNA ARUNDINACEA,CIAR2,WI,WI,CINNA ARUNDINACEA,5,5,5,0,
20489,CINNA LATIFOLIA,CILA2,58,ME_NAAMH,CINNA LATIFOLIA,5,5,5,0,
20489,CINNA LATIFOLIA,CILA2,MI,MI,CINNA LATIFOLIA,5,5,5,0,
20489,CINNA LATIFOLIA,CILA2,MN,MN,CINNA LATIFOLIA,5,5,5,0,
20489,CINNA LATIFOLIA,CILA2,58,NH_NAAMH,CINNA LATIFOLIA,5,5,5,0,
20489,CINNA LATIFOLIA,CILA2,62,PA_AP,CINNA LATIFOLIA,7,7,7,0,
20489,CINNA LATIFOLIA,CILA2,83,VT_GLHL,CINNA LATIFOLIA,6,6,6,0,
20489,CINNA LATIFOLIA,CILA2,58,VT_NAAMH,CINNA LATIFOLIA,5,5,5,0,
20489,CINNA LATIFOLIA,CILA2,WI,WI,CINNA LATIFOLIA,7,7,7,0,
20503,CIRCAEA,CIRCA,83,NY_GLHL,,NA,4,4,NA,
20503,CIRCAEA,CIRCA,WI,WI,,NA,2,2,NA,
20505,CIRCAEA ALPINA,CIAL,58,ME_NAAMH,CIRCAEA ALPINA,7,7,7,0,
20505,CIRCAEA ALPINA,CIAL,82,ME_NBPH,CIRCAEA ALPINA,6,6,6,0,
20505,CIRCAEA ALPINA,CIAL,MI,MI,CIRCAEA ALPINA,4,4,4,0,
20505,CIRCAEA ALPINA,CIAL,MN,MN,,NA,7,6,NA,Updated to ssp. Cval/CoC Ref
20505,CIRCAEA ALPINA,CIAL,58,NH_NAAMH,CIRCAEA ALPINA,7,7,7,0,
20505,CIRCAEA ALPINA,CIAL,58,NJ,CIRCAEA ALPINA,7,9,7,-2,
20505,CIRCAEA ALPINA,CIAL,58,VT_NAAMH,CIRCAEA ALPINA,7,7,7,0,
20506,CIRCAEA ALPINA SSP. ALPINA,CIALA,MN,MN,,NA,6,6,NA,
20506,CIRCAEA ALPINA SSP. ALPINA,CIALA,58,VT_NAAMH,,NA,7,7,NA,
20512,CIRCAEA LUTETIANA,CILU,59,CT_NCZ,CIRCAEA LUTETIANA,4,4,4,0,
20512,CIRCAEA LUTETIANA,CILU,IN,IN,,NA,3,2,NA,Updated to ssp. Cval/CoC Ref
20512,CIRCAEA LUTETIANA,CILU,MI,MI,,NA,2,2,NA,
20512,CIRCAEA LUTETIANA,CILU,MN,MN,,NA,2,2,NA,
20512,CIRCAEA LUTETIANA,CILU,58,NH_NAAMH,CIRCAEA LUTETIANA,4,4,4,0,
20512,CIRCAEA LUTETIANA,CILU,83,NY_GLHL,CIRCAEA LUTETIANA,4,4,4,0,
20512,CIRCAEA LUTETIANA,CILU,62,PA_AP,,NA,3,2,NA,Updated to ssp. Cval/CoC Ref
20512,CIRCAEA LUTETIANA,CILU,61,PA_APG,,NA,3,2,NA,Updated to ssp. Cval/CoC Ref
20512,CIRCAEA LUTETIANA,CILU,59,RI_NCZ,CIRCAEA LUTETIANA,4,4,4,0,
20513,CIRCAEA LUTETIANA SSP. CANADENSIS,CILUC,59,CT_NCZ,,NA,5,4,NA,
20513,CIRCAEA LUTETIANA SSP. CANADENSIS,CILUC,59,MA_NCZ,,NA,4,4,NA,
20513,CIRCAEA LUTETIANA SSP. CANADENSIS,CILUC,MI,MI,,NA,2,2,NA,
20513,CIRCAEA LUTETIANA SSP. CANADENSIS,CILUC,MN,MN,CIRCAEA LUTETIANA SSP. CANADENSIS,2,2,2,0,
20513,CIRCAEA LUTETIANA SSP. CANADENSIS,CILUC,83,NY_GLHL,,NA,3,4,NA,Updated to ssp. Cval/CoC Ref
20513,CIRCAEA LUTETIANA SSP. CANADENSIS,CILUC,62,PA_AP,CIRCAEA LUTETIANA SSP. CANADENSIS,2,2,2,0,
20513,CIRCAEA LUTETIANA SSP. CANADENSIS,CILUC,83,VT_GLHL,,NA,4,4,NA,
20513,CIRCAEA LUTETIANA SSP. CANADENSIS,CILUC,58,VT_NAAMH,,NA,4,4,NA,
20525,CIRSIUM,CIRSI,MI,MI,,NA,Und,Und,NA,
20525,CIRSIUM,CIRSI,MN,MN,,NA,Und,Und,NA,
20525,CIRSIUM,CIRSI,WI,WI,,NA,Und,Und,NA,
20535,CIRSIUM ALTISSIMUM,CIAL2,MI,MI,CIRSIUM ALTISSIMUM,5,5,5,0,
20548,CIRSIUM ARVENSE,CIAR4,IN,IN,CIRSIUM ARVENSE,0,0,0,0,
20548,CIRSIUM ARVENSE,CIAR4,MI,MI,CIRSIUM ARVENSE,0,0,0,0,
20548,CIRSIUM ARVENSE,CIAR4,MN,MN,CIRSIUM ARVENSE,0,0,0,0,
20548,CIRSIUM ARVENSE,CIAR4,83,NY_GLHL,CIRSIUM ARVENSE,0,0,0,0,
20548,CIRSIUM ARVENSE,CIAR4,61,OH_APG,,NA,0,0,NA,
20548,CIRSIUM ARVENSE,CIAR4,58,VT_NAAMH,CIRSIUM ARVENSE,0,0,0,0,
20548,CIRSIUM ARVENSE,CIAR4,WI,WI,CIRSIUM ARVENSE,0,0,0,0,
20596,CIRSIUM DISCOLOR,CIDI,MN,MN,,NA,4,4,NA,
20670,CIRSIUM MUTICUM,CIMU,IN,IN,CIRSIUM MUTICUM,8,8,8,0,
20670,CIRSIUM MUTICUM,CIMU,MI,MI,CIRSIUM MUTICUM,6,6,6,0,
20670,CIRSIUM MUTICUM,CIMU,MN,MN,CIRSIUM MUTICUM,6,6,6,0,
20670,CIRSIUM MUTICUM,CIMU,WI,WI,CIRSIUM MUTICUM,8,8,8,0,
20701,CIRSIUM PALUSTRE,CIPA6,MI,MI,CIRSIUM PALUSTRE,0,0,0,0,
20701,CIRSIUM PALUSTRE,CIPA6,WI,WI,CIRSIUM PALUSTRE,0,0,0,0,
20778,CIRSIUM VULGARE,CIVU,MI,MI,CIRSIUM VULGARE,0,0,0,0,
20778,CIRSIUM VULGARE,CIVU,59,RI_NCZ,CIRSIUM VULGARE,0,0,0,0,
20778,CIRSIUM VULGARE,CIVU,WI,WI,CIRSIUM VULGARE,0,0,0,0,
20935,CLADIUM MARISCOIDES,CLMA,58,ME_NAAMH,CLADIUM MARISCOIDES,7,7,7,0,
20935,CLADIUM MARISCOIDES,CLMA,82,ME_NBPH,CLADIUM MARISCOIDES,6,6,6,0,
20935,CLADIUM MARISCOIDES,CLMA,WI,WI,CLADIUM MARISCOIDES,10,10,10,0,
21514,CLEMATIS VIRGINIANA,CLVI5,58,CT_NAAMH,CLEMATIS VIRGINIANA,3,3,3,0,
21514,CLEMATIS VIRGINIANA,CLVI5,59,CT_NCZ,CLEMATIS VIRGINIANA,3,3,3,0,
21514,CLEMATIS VIRGINIANA,CLVI5,IN,IN,CLEMATIS VIRGINIANA,3,3,3,0,
21514,CLEMATIS VIRGINIANA,CLVI5,58,ME_NAAMH,CLEMATIS VIRGINIANA,3,3,3,0,
21514,CLEMATIS VIRGINIANA,CLVI5,82,ME_NBPH,CLEMATIS VIRGINIANA,3,3,3,0,
21514,CLEMATIS VIRGINIANA,CLVI5,MI,MI,CLEMATIS VIRGINIANA,4,4,4,0,
21514,CLEMATIS VIRGINIANA,CLVI5,58,NH_NAAMH,CLEMATIS VIRGINIANA,3,3,3,0,
21514,CLEMATIS VIRGINIANA,CLVI5,83,NY_GLHL,CLEMATIS VIRGINIANA,3,3,3,0,
21514,CLEMATIS VIRGINIANA,CLVI5,58,NY_NAAMH,CLEMATIS VIRGINIANA,3,3,3,0,
21514,CLEMATIS VIRGINIANA,CLVI5,61,OH_APG,CLEMATIS VIRGINIANA,3,3,3,0,
21514,CLEMATIS VIRGINIANA,CLVI5,62,PA_AP,CLEMATIS VIRGINIANA,3,3,3,0,
21514,CLEMATIS VIRGINIANA,CLVI5,61,PA_APG,CLEMATIS VIRGINIANA,3,3,3,0,
21514,CLEMATIS VIRGINIANA,CLVI5,83,VT_GLHL,CLEMATIS VIRGINIANA,3,3,3,0,
21514,CLEMATIS VIRGINIANA,CLVI5,58,VT_NAAMH,CLEMATIS VIRGINIANA,3,3,3,0,
21514,CLEMATIS VIRGINIANA,CLVI5,WI,WI,CLEMATIS VIRGINIANA,4,4,4,0,
21709,CLETHRA ALNIFOLIA,CLAL3,59,CT_NCZ,CLETHRA ALNIFOLIA,5,5,5,0,
21709,CLETHRA ALNIFOLIA,CLAL3,59,MA_NCZ,CLETHRA ALNIFOLIA,5,5,5,0,
21709,CLETHRA ALNIFOLIA,CLAL3,61,PA_APG,CLETHRA ALNIFOLIA,5,5,5,0,
21709,CLETHRA ALNIFOLIA,CLAL3,59,RI_NCZ,CLETHRA ALNIFOLIA,5,5,5,0,
21758,CLINOPODIUM VULGARE,CLVU,MI,MI,CLINOPODIUM VULGARE,3,3,3,0,
21758,CLINOPODIUM VULGARE,CLVU,62,PA_AP,CLINOPODIUM VULGARE,1,1,1,0,
21763,CLINTONIA BOREALIS,CLBO3,58,MA_NAAMH,CLINTONIA BOREALIS,5,5,5,0,
21763,CLINTONIA BOREALIS,CLBO3,58,ME_NAAMH,CLINTONIA BOREALIS,5,5,5,0,
21763,CLINTONIA BOREALIS,CLBO3,MI,MI,CLINTONIA BOREALIS,5,5,5,0,
21763,CLINTONIA BOREALIS,CLBO3,MN,MN,CLINTONIA BOREALIS,7,7,7,0,
21763,CLINTONIA BOREALIS,CLBO3,58,NH_NAAMH,CLINTONIA BOREALIS,5,5,5,0,
21763,CLINTONIA BOREALIS,CLBO3,58,NY_NAAMH,CLINTONIA BOREALIS,5,5,5,0,
21763,CLINTONIA BOREALIS,CLBO3,83,VT_GLHL,CLINTONIA BOREALIS,7,7,7,0,
21763,CLINTONIA BOREALIS,CLBO3,58,VT_NAAMH,CLINTONIA BOREALIS,5,5,5,0,
21763,CLINTONIA BOREALIS,CLBO3,WI,WI,CLINTONIA BOREALIS,7,7,7,0,
22166,COLLINSONIA CANADENSIS,COCA4,61,OH_APG,COLLINSONIA CANADENSIS,5,5,5,0,
22284,COMARUM PALUSTRE,COPA28,MI,MI,,NA,7,7,NA,
22284,COMARUM PALUSTRE,COPA28,MN,MN,COMARUM PALUSTRE,7,7,7,0,
22284,COMARUM PALUSTRE,COPA28,83,NY_GLHL,COMARUM PALUSTRE,9,9,9,0,
22284,COMARUM PALUSTRE,COPA28,58,NY_NAAMH,COMARUM PALUSTRE,7,7,7,0,
22284,COMARUM PALUSTRE,COPA28,58,VT_NAAMH,COMARUM PALUSTRE,7,7,7,0,
22284,COMARUM PALUSTRE,COPA28,WI,WI,COMARUM PALUSTRE,8,8,8,0,
22356,COMPTONIA PEREGRINA,COPE80,59,CT_NCZ,COMPTONIA PEREGRINA,5,5,5,0,
22565,CONYZA CANADENSIS,COCA5,59,CT_NCZ,CONYZA CANADENSIS,1,1,1,0,
22565,CONYZA CANADENSIS,COCA5,MN,MN,,NA,1,1,NA,
22642,COPTIS TRIFOLIA,COTR2,58,MA_NAAMH,COPTIS TRIFOLIA,6,6,6,0,
22642,COPTIS TRIFOLIA,COTR2,58,ME_NAAMH,COPTIS TRIFOLIA,6,6,6,0,
22642,COPTIS TRIFOLIA,COTR2,82,ME_NBPH,COPTIS TRIFOLIA,6,6,6,0,
22642,COPTIS TRIFOLIA,COTR2,59,ME_NCZ,COPTIS TRIFOLIA,7,7,7,0,
22642,COPTIS TRIFOLIA,COTR2,MI,MI,COPTIS TRIFOLIA,5,5,5,0,
22642,COPTIS TRIFOLIA,COTR2,MN,MN,COPTIS TRIFOLIA,7,7,7,0,
22642,COPTIS TRIFOLIA,COTR2,58,NH_NAAMH,COPTIS TRIFOLIA,6,6,6,0,
22642,COPTIS TRIFOLIA,COTR2,59,NH_NCZ,COPTIS TRIFOLIA,7,7,7,0,
22642,COPTIS TRIFOLIA,COTR2,58,NY_NAAMH,COPTIS TRIFOLIA,6,6,6,0,
22642,COPTIS TRIFOLIA,COTR2,60,NY_OTH,COPTIS TRIFOLIA,9,6,9,3,
22642,COPTIS TRIFOLIA,COTR2,62,PA_AP,COPTIS TRIFOLIA,9,9,9,0,
22642,COPTIS TRIFOLIA,COTR2,59,RI_NCZ,COPTIS TRIFOLIA,7,7,7,0,
22642,COPTIS TRIFOLIA,COTR2,83,VT_GLHL,COPTIS TRIFOLIA,7,7,7,0,
22642,COPTIS TRIFOLIA,COTR2,58,VT_NAAMH,COPTIS TRIFOLIA,6,6,6,0,
22642,COPTIS TRIFOLIA,COTR2,WI,WI,COPTIS TRIFOLIA,8,8,8,0,
22673,CORALLORHIZA TRIFIDA,COTR18,MN,MN,,NA,6,6,NA,
22673,CORALLORHIZA TRIFIDA,COTR18,WI,WI,CORALLORHIZA TRIFIDA,7,7,7,0,
23034,CORNUS,CORNU,MI,MI,,NA,6,6,NA,
23034,CORNUS,CORNU,61,PA_APG,,NA,4,4,NA,
23048,CORNUS ALTERNIFOLIA,COAL2,59,CT_NCZ,CORNUS ALTERNIFOLIA,5,5,5,0,
23048,CORNUS ALTERNIFOLIA,COAL2,IN,IN,CORNUS ALTERNIFOLIA,8,8,8,0,
23048,CORNUS ALTERNIFOLIA,COAL2,82,ME_NBPH,CORNUS ALTERNIFOLIA,4,4,4,0,
23048,CORNUS ALTERNIFOLIA,COAL2,MI,MI,CORNUS ALTERNIFOLIA,5,5,5,0,
23048,CORNUS ALTERNIFOLIA,COAL2,MN,MN,,NA,7,7,NA,
23048,CORNUS ALTERNIFOLIA,COAL2,83,NY_GLHL,CORNUS ALTERNIFOLIA,7,7,7,0,
23049,CORNUS AMOMUM,COAM2,58,CT_NAAMH,CORNUS AMOMUM,4,4,4,0,
23049,CORNUS AMOMUM,COAM2,59,CT_NCZ,CORNUS AMOMUM,4,4,4,0,
23049,CORNUS AMOMUM,COAM2,IN,IN,CORNUS AMOMUM,10,10,10,0,
23049,CORNUS AMOMUM,COAM2,59,MA_NCZ,CORNUS AMOMUM,4,4,4,0,
23049,CORNUS AMOMUM,COAM2,MI,MI,CORNUS AMOMUM,2,2,2,0,
23049,CORNUS AMOMUM,COAM2,MN,MN,,NA,4,4,NA,
23049,CORNUS AMOMUM,COAM2,58,NH_NAAMH,CORNUS AMOMUM,4,4,4,0,
23049,CORNUS AMOMUM,COAM2,83,NY_GLHL,CORNUS AMOMUM,5,5,5,0,
23049,CORNUS AMOMUM,COAM2,58,NY_NAAMH,CORNUS AMOMUM,4,4,4,0,
23049,CORNUS AMOMUM,COAM2,61,OH_APG,CORNUS AMOMUM,4,4,4,0,
23049,CORNUS AMOMUM,COAM2,62,PA_AP,CORNUS AMOMUM,4,4,4,0,
23049,CORNUS AMOMUM,COAM2,61,PA_APG,CORNUS AMOMUM,4,4,4,0,
23049,CORNUS AMOMUM,COAM2,59,RI_NCZ,CORNUS AMOMUM,4,4,4,0,
23049,CORNUS AMOMUM,COAM2,58,VT_NAAMH,CORNUS AMOMUM,4,4,4,0,
23049,CORNUS AMOMUM,COAM2,WI,WI,CORNUS AMOMUM,4,4,4,0,
23054,CORNUS CANADENSIS,COCA13,58,MA_NAAMH,CORNUS CANADENSIS,5,5,5,0,
23054,CORNUS CANADENSIS,COCA13,58,ME_NAAMH,CORNUS CANADENSIS,5,5,5,0,
23054,CORNUS CANADENSIS,COCA13,82,ME_NBPH,CORNUS CANADENSIS,5,5,5,0,
23054,CORNUS CANADENSIS,COCA13,MI,MI,CORNUS CANADENSIS,6,6,6,0,
23054,CORNUS CANADENSIS,COCA13,MN,MN,CORNUS CANADENSIS,6,6,6,0,
23054,CORNUS CANADENSIS,COCA13,58,NH_NAAMH,CORNUS CANADENSIS,5,5,5,0,
23054,CORNUS CANADENSIS,COCA13,58,NY_NAAMH,CORNUS CANADENSIS,5,5,5,0,
23054,CORNUS CANADENSIS,COCA13,62,PA_AP,CORNUS CANADENSIS,9,9,9,0,
23054,CORNUS CANADENSIS,COCA13,83,VT_GLHL,CORNUS CANADENSIS,6,6,6,0,
23054,CORNUS CANADENSIS,COCA13,58,VT_NAAMH,CORNUS CANADENSIS,5,5,5,0,
23054,CORNUS CANADENSIS,COCA13,WI,WI,CORNUS CANADENSIS,7,7,7,0,
23061,CORNUS FOEMINA,COFO,MI,MI,CORNUS FOEMINA,1,1,1,0,
23072,CORNUS OBLIQUA,COOB9,IN,IN,CORNUS OBLIQUA,5,5,5,0,
23072,CORNUS OBLIQUA,COOB9,58,NH_NAAMH,CORNUS OBLIQUA,4,4,4,0,
23079,CORNUS RACEMOSA,CORA6,IN,IN,CORNUS RACEMOSA,2,2,2,0,
23079,CORNUS RACEMOSA,CORA6,59,MA_NCZ,CORNUS RACEMOSA,3,3,3,0,
23079,CORNUS RACEMOSA,CORA6,82,ME_NBPH,CORNUS RACEMOSA,4,4,4,0,
23079,CORNUS RACEMOSA,CORA6,MN,MN,CORNUS RACEMOSA,2,2,2,0,
23079,CORNUS RACEMOSA,CORA6,58,NH_NAAMH,CORNUS RACEMOSA,3,3,3,0,
23079,CORNUS RACEMOSA,CORA6,83,NY_GLHL,CORNUS RACEMOSA,2,2,2,0,
23079,CORNUS RACEMOSA,CORA6,61,PA_APG,CORNUS RACEMOSA,5,5,5,0,
23079,CORNUS RACEMOSA,CORA6,83,VT_GLHL,CORNUS RACEMOSA,2,2,2,0,
23079,CORNUS RACEMOSA,CORA6,58,VT_NAAMH,CORNUS RACEMOSA,3,3,3,0,
23079,CORNUS RACEMOSA,CORA6,WI,WI,CORNUS RACEMOSA,2,2,2,0,
23080,CORNUS RUGOSA,CORU,59,MA_NCZ,CORNUS RUGOSA,6,6,6,0,
23080,CORNUS RUGOSA,CORU,58,NH_NAAMH,CORNUS RUGOSA,6,6,6,0,
23080,CORNUS RUGOSA,CORU,58,VT_NAAMH,CORNUS RUGOSA,6,6,6,0,
23080,CORNUS RUGOSA,CORU,WI,WI,CORNUS RUGOSA,7,7,7,0,
23084,CORNUS SERICEA,COSE16,IN,IN,,NA,4,4,NA,
23084,CORNUS SERICEA,COSE16,82,ME_NBPH,CORNUS SERICEA,3,3,3,0,
23084,CORNUS SERICEA,COSE16,MI,MI,,NA,3,3,NA,
23084,CORNUS SERICEA,COSE16,MN,MN,,NA,3,3,NA,
23084,CORNUS SERICEA,COSE16,58,NH_NAAMH,CORNUS SERICEA,4,4,4,0,
23084,CORNUS SERICEA,COSE16,59,NH_NCZ,CORNUS SERICEA,5,5,5,0,
23084,CORNUS SERICEA,COSE16,83,NY_GLHL,CORNUS SERICEA,5,5,5,0,
23084,CORNUS SERICEA,COSE16,62,PA_AP,CORNUS SERICEA,4,4,4,0,
23084,CORNUS SERICEA,COSE16,60,PA_APG,CORNUS SERICEA,4,4,4,0,
23084,CORNUS SERICEA,COSE16,61,PA_APG,CORNUS SERICEA,4,4,4,0,
23084,CORNUS SERICEA,COSE16,83,VT_GLHL,CORNUS SERICEA,5,5,5,0,
23084,CORNUS SERICEA,COSE16,58,VT_NAAMH,CORNUS SERICEA,4,4,4,0,
23084,CORNUS SERICEA,COSE16,WI,WI,CORNUS SERICEA,3,3,3,0,
23086,CORNUS SERICEA SSP. SERICEA,COSES,IN,IN,,NA,4,4,NA,
23086,CORNUS SERICEA SSP. SERICEA,COSES,82,ME_NBPH,,NA,3,3,NA,
23086,CORNUS SERICEA SSP. SERICEA,COSES,MI,MI,,NA,2,2,NA,
23086,CORNUS SERICEA SSP. SERICEA,COSES,MN,MN,,NA,3,3,NA,
23086,CORNUS SERICEA SSP. SERICEA,COSES,83,NY_GLHL,,NA,4,5,NA,Updated to ssp. Cval/CoC Ref
23086,CORNUS SERICEA SSP. SERICEA,COSES,58,NY_NAAMH,,NA,4,4,NA,
23086,CORNUS SERICEA SSP. SERICEA,COSES,59,RI_NCZ,,NA,5,5,NA,
23086,CORNUS SERICEA SSP. SERICEA,COSES,58,VT_NAAMH,,NA,4,4,NA,
23086,CORNUS SERICEA SSP. SERICEA,COSES,WI,WI,CORNUS STOLONIFERA,3,3,3,0,
23201,CORYLUS,CORYL,WI,WI,,NA,5,5,NA,
23202,CORYLUS AMERICANA,COAM3,59,MA_NCZ,CORYLUS AMERICANA,5,5,5,0,
23202,CORYLUS AMERICANA,COAM3,MI,MI,CORYLUS AMERICANA,5,5,5,0,
23202,CORYLUS AMERICANA,COAM3,MN,MN,CORYLUS AMERICANA,3,3,3,0,
23202,CORYLUS AMERICANA,COAM3,58,NH_NAAMH,CORYLUS AMERICANA,5,5,5,0,
23202,CORYLUS AMERICANA,COAM3,59,RI_NCZ,CORYLUS AMERICANA,5,5,5,0,
23202,CORYLUS AMERICANA,COAM3,WI,WI,CORYLUS AMERICANA,5,5,5,0,
23210,CORYLUS CORNUTA,COCO6,59,CT_NCZ,CORYLUS CORNUTA,5,5,5,0,
23210,CORYLUS CORNUTA,COCO6,59,MA_NCZ,CORYLUS CORNUTA,5,5,5,0,
23210,CORYLUS CORNUTA,COCO6,58,ME_NAAMH,CORYLUS CORNUTA,4,4,4,0,
23210,CORYLUS CORNUTA,COCO6,82,ME_NBPH,CORYLUS CORNUTA,4,4,4,0,
23210,CORYLUS CORNUTA,COCO6,59,ME_NCZ,CORYLUS CORNUTA,5,5,5,0,
23210,CORYLUS CORNUTA,COCO6,MI,MI,CORYLUS CORNUTA,5,5,5,0,
23210,CORYLUS CORNUTA,COCO6,MN,MN,,NA,5,5,NA,
23210,CORYLUS CORNUTA,COCO6,58,NH_NAAMH,CORYLUS CORNUTA,4,4,4,0,
23210,CORYLUS CORNUTA,COCO6,59,RI_NCZ,CORYLUS CORNUTA,5,5,5,0,
23210,CORYLUS CORNUTA,COCO6,58,VT_NAAMH,CORYLUS CORNUTA,4,4,4,0,
23210,CORYLUS CORNUTA,COCO6,WI,WI,CORYLUS CORNUTA,5,5,5,0,
23213,CORYLUS CORNUTA VAR. CORNUTA,COCOC2,MN,MN,,NA,5,5,NA,
23213,CORYLUS CORNUTA VAR. CORNUTA,COCOC2,58,VT_NAAMH,,NA,4,4,NA,
23369,COTONEASTER DIVARICATUS,CODI19,58,NJ,,NA,0,0,NA,
23563,CRATAEGUS,CRATA,IN,IN,,NA,3,3,NA,
23563,CRATAEGUS,CRATA,59,MA_NCZ,,NA,3,3,NA,
23563,CRATAEGUS,CRATA,MI,MI,,NA,4,4,NA,
23563,CRATAEGUS,CRATA,MN,MN,,NA,4,4,NA,
23563,CRATAEGUS,CRATA,83,NY_GLHL,,NA,4,4,NA,
23563,CRATAEGUS,CRATA,60,PA_APG,,NA,3,3,NA,
23563,CRATAEGUS,CRATA,61,PA_APG,,NA,3,3,NA,
23563,CRATAEGUS,CRATA,58,VT_NAAMH,,NA,3,3,NA,
23563,CRATAEGUS,CRATA,WI,WI,,NA,4,4,NA,
23730,CRATAEGUS CRUS-GALLI,CRCR2,61,OH_APG,CRATAEGUS CRUS-GALLI,5,5,5,0,
23966,CRATAEGUS MOLLIS,CRMO2,IN,IN,CRATAEGUS MOLLIS,2,2,2,0,
24901,CRYPTOTAENIA CANADENSIS,CRCA9,IN,IN,CRYPTOTAENIA CANADENSIS,3,3,3,0,
24901,CRYPTOTAENIA CANADENSIS,CRCA9,MI,MI,CRYPTOTAENIA CANADENSIS,2,2,2,0,
24901,CRYPTOTAENIA CANADENSIS,CRCA9,MN,MN,CRYPTOTAENIA CANADENSIS,3,3,3,0,
24901,CRYPTOTAENIA CANADENSIS,CRCA9,58,NJ,CRYPTOTAENIA CANADENSIS,6,5,6,1,
24901,CRYPTOTAENIA CANADENSIS,CRCA9,WI,WI,CRYPTOTAENIA CANADENSIS,4,4,4,0,
25087,CUSCUTA,CUSCU,59,CT_NCZ,,NA,3,3,NA,
25087,CUSCUTA,CUSCU,MI,MI,,NA,3,3,NA,
25087,CUSCUTA,CUSCU,MN,MN,,NA,3,3,NA,
25087,CUSCUTA,CUSCU,61,OH_APG,,NA,3,3,NA,
25087,CUSCUTA,CUSCU,62,PA_AP,,NA,6,6,NA,
25132,CUSCUTA GRONOVII,CUGR,59,CT_NCZ,,NA,3,3,NA,
25132,CUSCUTA GRONOVII,CUGR,IN,IN,,NA,2,2,NA,
25132,CUSCUTA GRONOVII,CUGR,59,ME_NCZ,,NA,2,2,NA,
25132,CUSCUTA GRONOVII,CUGR,MN,MN,CUSCUTA GRONOVII,3,3,3,0,
25132,CUSCUTA GRONOVII,CUGR,59,RI_NCZ,,NA,3,3,NA,
25135,CUSCUTA GRONOVII VAR. GRONOVII,CUGRG,83,VT_GLHL,CUSCUTA GRONOVII VAR. GRONOVII,4,4,4,0,
25651,CYNANCHUM LOUISEAE,CYLO11,83,NY_GLHL,CYNANCHUM LOUISEAE,0,0,0,0,
90895,CYPERACEAE,CYPERA,IN,IN,,NA,Und,Und,NA,
90895,CYPERACEAE,CYPERA,MI,MI,,NA,Und,Und,NA,
25756,CYPERUS,CYPER,59,CT_NCZ,,NA,4,4,NA,
25756,CYPERUS,CYPER,83,PA_OTH,,NA,4,4,NA,
25756,CYPERUS,CYPER,WI,WI,,NA,4,4,NA,
25760,CYPERUS ACUMINATUS,CYAC2,MI,MI,CYPERUS ACUMINATUS,6,6,6,0,
25823,CYPERUS ESCULENTUS,CYES,MI,MI,CYPERUS ESCULENTUS,1,1,1,0,
25936,CYPERUS ODORATUS,CYOD,MI,MI,CYPERUS ODORATUS,3,3,3,0,
25936,CYPERUS ODORATUS,CYOD,MN,MN,CYPERUS ODORATUS,4,4,4,0,
26018,CYPERUS STRIGOSUS,CYST,83,NY_GLHL,CYPERUS STRIGOSUS,3,3,3,0,
26081,CYPRIPEDIUM,CYPRI,MN,MN,,NA,8,8,NA,
26081,CYPRIPEDIUM,CYPRI,WI,WI,,NA,8,8,NA,
26090,CYPRIPEDIUM ACAULE,CYAC3,59,MA_NCZ,CYPRIPEDIUM ACAULE,6,6,6,0,
26090,CYPRIPEDIUM ACAULE,CYAC3,MI,MI,CYPRIPEDIUM ACAULE,5,5,5,0,
26090,CYPRIPEDIUM ACAULE,CYAC3,MN,MN,CYPRIPEDIUM ACAULE,8,8,8,0,
26090,CYPRIPEDIUM ACAULE,CYAC3,WI,WI,CYPRIPEDIUM ACAULE,7,7,7,0,
26106,CYPRIPEDIUM PARVIFLORUM,CYPA19,WI,WI,CYPRIPEDIUM PARVIFLORUM,9,9,9,0,
26109,CYPRIPEDIUM PARVIFLORUM VAR. PUBESCENS,CYPAP3,MN,MN,,NA,8,8,NA,
26116,CYPRIPEDIUM REGINAE,CYRE6,MN,MN,CYPRIPEDIUM REGINAE,8,8,8,0,
26388,CYSTOPTERIS BULBIFERA,CYBU3,MI,MI,CYSTOPTERIS BULBIFERA,5,5,5,0,
26388,CYSTOPTERIS BULBIFERA,CYBU3,MN,MN,CYSTOPTERIS BULBIFERA,8,8,8,0,
26388,CYSTOPTERIS BULBIFERA,CYBU3,WI,WI,CYSTOPTERIS BULBIFERA,8,8,8,0,
26391,CYSTOPTERIS FRAGILIS,CYFR2,MI,MI,CYSTOPTERIS FRAGILIS,4,4,4,0,
26404,CYSTOPTERIS PROTRUSA,CYPR4,IN,IN,CYSTOPTERIS PROTRUSA,4,4,4,0,
26458,DACTYLIS GLOMERATA,DAGL,MI,MI,DACTYLIS GLOMERATA,0,0,0,0,
26458,DACTYLIS GLOMERATA,DAGL,58,VT_NAAMH,DACTYLIS GLOMERATA,0,0,0,0,
26668,DALIBARDA REPENS,DARE,58,ME_NAAMH,DALIBARDA REPENS,5,5,5,0,
26668,DALIBARDA REPENS,DARE,82,ME_NBPH,DALIBARDA REPENS,5,5,5,0,
26668,DALIBARDA REPENS,DARE,58,NH_NAAMH,DALIBARDA REPENS,5,5,5,0,
26668,DALIBARDA REPENS,DARE,58,NY_NAAMH,DALIBARDA REPENS,5,5,5,0,
26668,DALIBARDA REPENS,DARE,WI,WI,,NA,10,10,NA,
26685,DANTHONIA,DANTH,61,PA_APG,,NA,4,4,NA,
26695,DANTHONIA COMPRESSA,DACO,59,CT_NCZ,DANTHONIA COMPRESSA,5,5,5,0,
26712,DANTHONIA SPICATA,DASP2,MI,MI,DANTHONIA SPICATA,4,4,4,0,
26712,DANTHONIA SPICATA,DASP2,58,NH_NAAMH,DANTHONIA SPICATA,3,3,3,0,
26740,DASIPHORA FRUTICOSA,DAFR6,58,ME_NAAMH,DASIPHORA FRUTICOSA,6,6,6,0,
26740,DASIPHORA FRUTICOSA,DAFR6,MI,MI,,NA,8,8,NA,
26742,DASIPHORA FRUTICOSA SSP. FLORIBUNDA,DAFRF,83,VT_GLHL,,NA,4,8,NA,Updated to ssp. Cval/CoC Ref
26742,DASIPHORA FRUTICOSA SSP. FLORIBUNDA,DAFRF,58,VT_NAAMH,,NA,4,6,NA,Updated to ssp. Cval/CoC Ref
26814,DAUCUS CAROTA,DACA6,MI,MI,DAUCUS CAROTA,0,0,0,0,
26814,DAUCUS CAROTA,DACA6,83,NY_GLHL,DAUCUS CAROTA,0,0,0,0,
26829,DECODON VERTICILLATUS,DEVE,59,MA_NCZ,DECODON VERTICILLATUS,6,6,6,0,
26829,DECODON VERTICILLATUS,DEVE,MI,MI,DECODON VERTICILLATUS,7,7,7,0,
26829,DECODON VERTICILLATUS,DEVE,83,NY_GLHL,DECODON VERTICILLATUS,7,7,7,0,
26829,DECODON VERTICILLATUS,DEVE,61,OH_APG,DECODON VERTICILLATUS,8,8,8,0,
26829,DECODON VERTICILLATUS,DEVE,59,RI_NCZ,DECODON VERTICILLATUS,6,6,6,0,
27180,DENNSTAEDTIA,DENNS,61,PA_APG,,NA,2,2,NA,
27187,DENNSTAEDTIA PUNCTILOBULA,DEPU2,59,CT_NCZ,DENNSTAEDTIA PUNCTILOBULA,3,3,3,0,
27187,DENNSTAEDTIA PUNCTILOBULA,DEPU2,59,ME_NCZ,DENNSTAEDTIA PUNCTILOBULA,3,3,3,0,
27187,DENNSTAEDTIA PUNCTILOBULA,DEPU2,59,NH_NCZ,DENNSTAEDTIA PUNCTILOBULA,3,3,3,0,
27187,DENNSTAEDTIA PUNCTILOBULA,DEPU2,62,PA_AP,DENNSTAEDTIA PUNCTILOBULA,2,2,2,0,
27187,DENNSTAEDTIA PUNCTILOBULA,DEPU2,58,VT_NAAMH,DENNSTAEDTIA PUNCTILOBULA,3,3,3,0,
27224,DEPARIA ACROSTICHOIDES,DEAC4,MI,MI,DEPARIA ACROSTICHOIDES,6,6,6,0,
27480,DESMODIUM,DESMO,MI,MI,,NA,6,6,NA,
27532,DESMODIUM GLUTINOSUM,DEGL5,MN,MN,,NA,6,6,NA,
27532,DESMODIUM GLUTINOSUM,DEGL5,WI,WI,DESMODIUM GLUTINOSUM,6,6,6,0,
27563,DESMODIUM NUDIFLORUM,DENU4,MI,MI,,NA,7,7,NA,
27655,DIANTHUS ARMERIA,DIAR,MI,MI,DIANTHUS ARMERIA,0,0,0,0,
27745,DICHANTHELIUM,DICHA2,58,NH_NAAMH,,NA,5,5,NA,
27745,DICHANTHELIUM,DICHA2,61,PA_APG,,NA,5,5,NA,
27745,DICHANTHELIUM,DICHA2,59,RI_NCZ,,NA,5,5,NA,
27747,DICHANTHELIUM ACICULARE,DIAC,58,NJ,,NA,10,10,NA,
27748,DICHANTHELIUM ACUMINATUM,DIAC2,58,NH_NAAMH,DICHANTHELIUM ACUMINATUM,4,4,4,0,
27748,DICHANTHELIUM ACUMINATUM,DIAC2,59,RI_NCZ,DICHANTHELIUM ACUMINATUM,5,5,5,0,
27751,DICHANTHELIUM ACUMINATUM VAR. FASCICULATUM,DIACF,IN,IN,,NA,2,2,NA,
27751,DICHANTHELIUM ACUMINATUM VAR. FASCICULATUM,DIACF,59,MA_NCZ,,NA,3,5,NA,Updated to ssp. Cval/CoC Ref
27751,DICHANTHELIUM ACUMINATUM VAR. FASCICULATUM,DIACF,58,NH_NAAMH,,NA,3,4,NA,Updated to ssp. Cval/CoC Ref
27753,DICHANTHELIUM ACUMINATUM VAR. LINDHEIMERI,DIACL,58,VT_NAAMH,DICHANTHELIUM LINDHEIMERI,8,8,8,0,
27763,DICHANTHELIUM BOREALE,DIBO,MI,MI,,NA,7,7,NA,
27763,DICHANTHELIUM BOREALE,DIBO,WI,WI,DICHANTHELIUM BOREALE,5,5,5,0,
27767,DICHANTHELIUM CLANDESTINUM,DICL,59,CT_NCZ,DICHANTHELIUM CLANDESTINUM,3,3,3,0,
27767,DICHANTHELIUM CLANDESTINUM,DICL,IN,IN,DICHANTHELIUM CLANDESTINUM,3,3,3,0,
27767,DICHANTHELIUM CLANDESTINUM,DICL,59,MA_NCZ,DICHANTHELIUM CLANDESTINUM,3,3,3,0,
27767,DICHANTHELIUM CLANDESTINUM,DICL,MI,MI,,NA,3,3,NA,
27767,DICHANTHELIUM CLANDESTINUM,DICL,58,NH_NAAMH,DICHANTHELIUM CLANDESTINUM,3,3,3,0,
27767,DICHANTHELIUM CLANDESTINUM,DICL,58,NJ,DICHANTHELIUM CLANDESTINUM,3,2,3,1,
27767,DICHANTHELIUM CLANDESTINUM,DICL,61,OH_APG,DICHANTHELIUM CLANDESTINUM,2,2,2,0,
27767,DICHANTHELIUM CLANDESTINUM,DICL,62,PA_AP,DICHANTHELIUM CLANDESTINUM,2,2,2,0,
27767,DICHANTHELIUM CLANDESTINUM,DICL,61,PA_APG,DICHANTHELIUM CLANDESTINUM,2,2,2,0,
27767,DICHANTHELIUM CLANDESTINUM,DICL,59,RI_NCZ,DICHANTHELIUM CLANDESTINUM,3,3,3,0,
27778,DICHANTHELIUM DICHOTOMUM,DIDI6,59,CT_NCZ,DICHANTHELIUM DICHOTOMUM,5,5,5,0,
27778,DICHANTHELIUM DICHOTOMUM,DIDI6,61,OH_APG,DICHANTHELIUM DICHOTOMUM,6,4,6,2,
27805,DICHANTHELIUM LATIFOLIUM,DILA8,58,NH_NAAMH,DICHANTHELIUM LATIFOLIUM,5,5,5,0,
27806,DICHANTHELIUM LAXIFLORUM,DILA9,IN,IN,DICHANTHELIUM LAXIFLORUM,5,5,5,0,
28172,DIERVILLA LONICERA,DILO,58,ME_NAAMH,DIERVILLA LONICERA,5,5,5,0,
28172,DIERVILLA LONICERA,DILO,MI,MI,DIERVILLA LONICERA,4,4,4,0,
28172,DIERVILLA LONICERA,DILO,MN,MN,,NA,6,6,NA,
28172,DIERVILLA LONICERA,DILO,58,NH_NAAMH,DIERVILLA LONICERA,5,5,5,0,
28172,DIERVILLA LONICERA,DILO,WI,WI,DIERVILLA LONICERA,6,6,6,0,
28435,DIOSCOREA VILLOSA,DIVI4,59,CT_NCZ,DIOSCOREA VILLOSA,7,7,7,0,
28435,DIOSCOREA VILLOSA,DIVI4,58,NJ,DIOSCOREA VILLOSA,6,5,6,1,
28435,DIOSCOREA VILLOSA,DIVI4,61,PA_APG,DIOSCOREA VILLOSA,5,5,5,0,
28435,DIOSCOREA VILLOSA,DIVI4,59,RI_NCZ,DIOSCOREA VILLOSA,7,7,7,0,
28673,DIRCA PALUSTRIS,DIPA9,83,VT_GLHL,DIRCA PALUSTRIS,8,8,8,0,
28732,DISTICHLIS,DISTI,61,PA_APG,,NA,Und,Und,NA,
28970,DOELLINGERIA UMBELLATA,DOUM2,58,MA_NAAMH,DOELLINGERIA UMBELLATA,3,3,3,0,
28970,DOELLINGERIA UMBELLATA,DOUM2,58,ME_NAAMH,DOELLINGERIA UMBELLATA,3,3,3,0,
28970,DOELLINGERIA UMBELLATA,DOUM2,82,ME_NBPH,DOELLINGERIA UMBELLATA,3,3,3,0,
28970,DOELLINGERIA UMBELLATA,DOUM2,59,ME_NCZ,DOELLINGERIA UMBELLATA,4,4,4,0,
28970,DOELLINGERIA UMBELLATA,DOUM2,MI,MI,,NA,5,5,NA,
28970,DOELLINGERIA UMBELLATA,DOUM2,MN,MN,DOELLINGERIA UMBELLATA,5,5,5,0,
28970,DOELLINGERIA UMBELLATA,DOUM2,58,NH_NAAMH,DOELLINGERIA UMBELLATA,3,3,3,0,
28970,DOELLINGERIA UMBELLATA,DOUM2,83,NY_GLHL,DOELLINGERIA UMBELLATA,3,3,3,0,
28970,DOELLINGERIA UMBELLATA,DOUM2,59,RI_NCZ,DOELLINGERIA UMBELLATA,4,4,4,0,
28970,DOELLINGERIA UMBELLATA,DOUM2,58,VT_NAAMH,DOELLINGERIA UMBELLATA,3,3,3,0,
28970,DOELLINGERIA UMBELLATA,DOUM2,WI,WI,DOELLINGERIA UMBELLATA,6,6,6,0,
28974,DOELLINGERIA UMBELLATA VAR. UMBELLATA,DOUMU,59,CT_NCZ,,NA,4,4,NA,
28974,DOELLINGERIA UMBELLATA VAR. UMBELLATA,DOUMU,58,MA_NAAMH,,NA,3,3,NA,
28974,DOELLINGERIA UMBELLATA VAR. UMBELLATA,DOUMU,82,ME_NBPH,,NA,2,2,NA,
28974,DOELLINGERIA UMBELLATA VAR. UMBELLATA,DOUMU,MI,MI,,NA,5,5,NA,
28974,DOELLINGERIA UMBELLATA VAR. UMBELLATA,DOUMU,MN,MN,,NA,6,5,NA,Updated to ssp. Cval/CoC Ref
28974,DOELLINGERIA UMBELLATA VAR. UMBELLATA,DOUMU,83,NY_GLHL,,NA,3,3,NA,
28974,DOELLINGERIA UMBELLATA VAR. UMBELLATA,DOUMU,58,NY_NAAMH,,NA,3,3,NA,
28974,DOELLINGERIA UMBELLATA VAR. UMBELLATA,DOUMU,83,VT_GLHL,,NA,2,3,NA,Updated to ssp. Cval/CoC Ref
28974,DOELLINGERIA UMBELLATA VAR. UMBELLATA,DOUMU,58,VT_NAAMH,,NA,2,3,NA,Updated to ssp. Cval/CoC Ref
28974,DOELLINGERIA UMBELLATA VAR. UMBELLATA,DOUMU,WI,WI,ASTER UMBELLATUS,6,6,6,0,
29508,DROSERA INTERMEDIA,DRIN3,58,ME_NAAMH,DROSERA INTERMEDIA,6,6,6,0,
29508,DROSERA INTERMEDIA,DRIN3,82,ME_NBPH,DROSERA INTERMEDIA,5,5,5,0,
29508,DROSERA INTERMEDIA,DRIN3,WI,WI,DROSERA INTERMEDIA,8,8,8,0,
29510,DROSERA LINEARIS,DRLI,WI,WI,DROSERA LINEARIS,10,10,10,0,
29512,DROSERA ROTUNDIFOLIA,DRRO,58,ME_NAAMH,DROSERA ROTUNDIFOLIA,5,5,5,0,
29512,DROSERA ROTUNDIFOLIA,DRRO,82,ME_NBPH,DROSERA ROTUNDIFOLIA,4,4,4,0,
29512,DROSERA ROTUNDIFOLIA,DRRO,MI,MI,DROSERA ROTUNDIFOLIA,6,6,6,0,
29512,DROSERA ROTUNDIFOLIA,DRRO,MN,MN,,NA,7,8,NA,Updated to ssp. Cval/CoC Ref
29512,DROSERA ROTUNDIFOLIA,DRRO,58,NH_NAAMH,DROSERA ROTUNDIFOLIA,5,5,5,0,
29512,DROSERA ROTUNDIFOLIA,DRRO,58,NY_NAAMH,DROSERA ROTUNDIFOLIA,5,5,5,0,
29512,DROSERA ROTUNDIFOLIA,DRRO,62,PA_AP,DROSERA ROTUNDIFOLIA,10,10,10,0,
29512,DROSERA ROTUNDIFOLIA,DRRO,58,VT_NAAMH,DROSERA ROTUNDIFOLIA,5,5,5,0,
29512,DROSERA ROTUNDIFOLIA,DRRO,WI,WI,DROSERA ROTUNDIFOLIA,7,7,7,0,
29515,DROSERA ROTUNDIFOLIA VAR. ROTUNDIFOLIA,DRROR,MN,MN,,NA,8,8,NA,
29585,DRYOPTERIS,DRYOP,MI,MI,,NA,9,9,NA,
29585,DRYOPTERIS,DRYOP,58,NH_NAAMH,,NA,6,6,NA,
29585,DRYOPTERIS,DRYOP,61,PA_APG,,NA,8,8,NA,
29617,DRYOPTERIS CAMPYLOPTERA,DRCA3,58,ME_NAAMH,DRYOPTERIS CAMPYLOPTERA,6,6,6,0,
29617,DRYOPTERIS CAMPYLOPTERA,DRCA3,82,ME_NBPH,DRYOPTERIS CAMPYLOPTERA,6,6,6,0,
29617,DRYOPTERIS CAMPYLOPTERA,DRCA3,58,NH_NAAMH,DRYOPTERIS CAMPYLOPTERA,6,6,6,0,
29617,DRYOPTERIS CAMPYLOPTERA,DRCA3,58,VT_NAAMH,DRYOPTERIS CAMPYLOPTERA,6,6,6,0,
29618,DRYOPTERIS CARTHUSIANA,DRCA11,59,CT_NCZ,DRYOPTERIS CARTHUSIANA,5,5,5,0,
29618,DRYOPTERIS CARTHUSIANA,DRCA11,IN,IN,DRYOPTERIS CARTHUSIANA,6,6,6,0,
29618,DRYOPTERIS CARTHUSIANA,DRCA11,59,MA_NCZ,DRYOPTERIS CARTHUSIANA,5,5,5,0,
29618,DRYOPTERIS CARTHUSIANA,DRCA11,82,ME_NBPH,DRYOPTERIS CARTHUSIANA,4,4,4,0,
29618,DRYOPTERIS CARTHUSIANA,DRCA11,59,ME_NCZ,DRYOPTERIS CARTHUSIANA,5,5,5,0,
29618,DRYOPTERIS CARTHUSIANA,DRCA11,MI,MI,DRYOPTERIS CARTHUSIANA,5,5,5,0,
29618,DRYOPTERIS CARTHUSIANA,DRCA11,MN,MN,DRYOPTERIS CARTHUSIANA,6,6,6,0,
29618,DRYOPTERIS CARTHUSIANA,DRCA11,58,NH_NAAMH,DRYOPTERIS CARTHUSIANA,5,5,5,0,
29618,DRYOPTERIS CARTHUSIANA,DRCA11,58,NJ,DRYOPTERIS CARTHUSIANA,5,5,5,0,
29618,DRYOPTERIS CARTHUSIANA,DRCA11,83,NY_GLHL,DRYOPTERIS CARTHUSIANA,6,6,6,0,
29618,DRYOPTERIS CARTHUSIANA,DRCA11,58,NY_NAAMH,DRYOPTERIS CARTHUSIANA,5,5,5,0,
29618,DRYOPTERIS CARTHUSIANA,DRCA11,61,OH_APG,DRYOPTERIS CARTHUSIANA,5,5,5,0,
29618,DRYOPTERIS CARTHUSIANA,DRCA11,62,PA_AP,DRYOPTERIS CARTHUSIANA,5,5,5,0,
29618,DRYOPTERIS CARTHUSIANA,DRCA11,61,PA_APG,DRYOPTERIS CARTHUSIANA,5,5,5,0,
29618,DRYOPTERIS CARTHUSIANA,DRCA11,59,RI_NCZ,DRYOPTERIS CARTHUSIANA,5,5,5,0,
29618,DRYOPTERIS CARTHUSIANA,DRCA11,83,VT_GLHL,DRYOPTERIS CARTHUSIANA,6,6,6,0,
29618,DRYOPTERIS CARTHUSIANA,DRCA11,58,VT_NAAMH,DRYOPTERIS CARTHUSIANA,5,5,5,0,
29618,DRYOPTERIS CARTHUSIANA,DRCA11,WI,WI,DRYOPTERIS CARTHUSIANA,7,7,7,0,
29622,DRYOPTERIS CLINTONIANA,DRCL,58,ME_NAAMH,DRYOPTERIS CLINTONIANA,7,7,7,0,
29622,DRYOPTERIS CLINTONIANA,DRCL,82,ME_NBPH,DRYOPTERIS CLINTONIANA,6,6,6,0,
29622,DRYOPTERIS CLINTONIANA,DRCL,MI,MI,DRYOPTERIS CLINTONIANA,8,8,8,0,
29622,DRYOPTERIS CLINTONIANA,DRCL,MN,MN,,NA,10,10,NA,
29622,DRYOPTERIS CLINTONIANA,DRCL,83,NY_GLHL,DRYOPTERIS CLINTONIANA,8,8,8,0,
29622,DRYOPTERIS CLINTONIANA,DRCL,61,OH_APG,DRYOPTERIS CLINTONIANA,9,9,9,0,
29626,DRYOPTERIS CRISTATA,DRCR4,59,CT_NCZ,DRYOPTERIS CRISTATA,7,7,7,0,
29626,DRYOPTERIS CRISTATA,DRCR4,59,MA_NCZ,DRYOPTERIS CRISTATA,7,7,7,0,
29626,DRYOPTERIS CRISTATA,DRCR4,58,ME_NAAMH,DRYOPTERIS CRISTATA,6,6,6,0,
29626,DRYOPTERIS CRISTATA,DRCR4,82,ME_NBPH,DRYOPTERIS CRISTATA,6,6,6,0,
29626,DRYOPTERIS CRISTATA,DRCR4,59,ME_NCZ,DRYOPTERIS CRISTATA,7,7,7,0,
29626,DRYOPTERIS CRISTATA,DRCR4,MI,MI,DRYOPTERIS CRISTATA,6,6,6,0,
29626,DRYOPTERIS CRISTATA,DRCR4,MN,MN,DRYOPTERIS CRISTATA,7,7,7,0,
29626,DRYOPTERIS CRISTATA,DRCR4,58,NH_NAAMH,DRYOPTERIS CRISTATA,6,6,6,0,
29626,DRYOPTERIS CRISTATA,DRCR4,83,NY_GLHL,DRYOPTERIS CRISTATA,8,8,8,0,
29626,DRYOPTERIS CRISTATA,DRCR4,58,NY_NAAMH,DRYOPTERIS CRISTATA,6,6,6,0,
29626,DRYOPTERIS CRISTATA,DRCR4,62,PA_AP,DRYOPTERIS CRISTATA,8,8,8,0,
29626,DRYOPTERIS CRISTATA,DRCR4,61,PA_APG,DRYOPTERIS CRISTATA,8,8,8,0,
29626,DRYOPTERIS CRISTATA,DRCR4,59,RI_NCZ,DRYOPTERIS CRISTATA,7,7,7,0,
29626,DRYOPTERIS CRISTATA,DRCR4,83,VT_GLHL,DRYOPTERIS CRISTATA,8,8,8,0,
29626,DRYOPTERIS CRISTATA,DRCR4,58,VT_NAAMH,DRYOPTERIS CRISTATA,6,6,6,0,
29626,DRYOPTERIS CRISTATA,DRCR4,WI,WI,DRYOPTERIS CRISTATA,7,7,7,0,
91672,DRYOPTERIS GOLDIEANA,DRGO3,MN,MN,DRYOPTERIS GOLDIANA,10,10,10,0,
29659,DRYOPTERIS INTERMEDIA,DRIN5,58,CT_NAAMH,DRYOPTERIS INTERMEDIA,4,4,4,0,
29659,DRYOPTERIS INTERMEDIA,DRIN5,59,CT_NCZ,DRYOPTERIS INTERMEDIA,4,4,4,0,
29659,DRYOPTERIS INTERMEDIA,DRIN5,58,MA_NAAMH,DRYOPTERIS INTERMEDIA,4,4,4,0,
29659,DRYOPTERIS INTERMEDIA,DRIN5,59,MA_NCZ,DRYOPTERIS INTERMEDIA,4,4,4,0,
29659,DRYOPTERIS INTERMEDIA,DRIN5,58,ME_NAAMH,DRYOPTERIS INTERMEDIA,4,4,4,0,
29659,DRYOPTERIS INTERMEDIA,DRIN5,82,ME_NBPH,DRYOPTERIS INTERMEDIA,4,4,4,0,
29659,DRYOPTERIS INTERMEDIA,DRIN5,MI,MI,DRYOPTERIS INTERMEDIA,5,5,5,0,
29659,DRYOPTERIS INTERMEDIA,DRIN5,MN,MN,DRYOPTERIS INTERMEDIA,7,7,7,0,
29659,DRYOPTERIS INTERMEDIA,DRIN5,58,NH_NAAMH,DRYOPTERIS INTERMEDIA,4,4,4,0,
29659,DRYOPTERIS INTERMEDIA,DRIN5,59,NH_NCZ,DRYOPTERIS INTERMEDIA,4,4,4,0,
29659,DRYOPTERIS INTERMEDIA,DRIN5,83,NY_GLHL,DRYOPTERIS INTERMEDIA,5,5,5,0,
29659,DRYOPTERIS INTERMEDIA,DRIN5,58,NY_NAAMH,DRYOPTERIS INTERMEDIA,4,4,4,0,
29659,DRYOPTERIS INTERMEDIA,DRIN5,83,VT_GLHL,DRYOPTERIS INTERMEDIA,5,5,5,0,
29659,DRYOPTERIS INTERMEDIA,DRIN5,58,VT_NAAMH,DRYOPTERIS INTERMEDIA,4,4,4,0,
29659,DRYOPTERIS INTERMEDIA,DRIN5,WI,WI,DRYOPTERIS INTERMEDIA,7,7,7,0,
29589,DRYOPTERIS xBOOTTII,DRBO2,59,MA_NCZ,DRYOPTERIS ×BOOTTII,6,6,6,0,
29601,DRYOPTERIS xTRIPLOIDEA,DRTR,WI,WI,,NA,10,10,NA,
91673,DUCHESNEA INDICA,DUIN2,61,PA_APG,,NA,0,0,NA,
29926,DULICHIUM,DULIC,MI,MI,,NA,8,8,NA,
29927,DULICHIUM ARUNDINACEUM,DUAR3,58,CT_NAAMH,DULICHIUM ARUNDINACEUM,6,6,6,0,
29927,DULICHIUM ARUNDINACEUM,DUAR3,59,CT_NCZ,DULICHIUM ARUNDINACEUM,6,6,6,0,
29927,DULICHIUM ARUNDINACEUM,DUAR3,59,MA_NCZ,DULICHIUM ARUNDINACEUM,6,6,6,0,
29927,DULICHIUM ARUNDINACEUM,DUAR3,58,ME_NAAMH,DULICHIUM ARUNDINACEUM,6,6,6,0,
29927,DULICHIUM ARUNDINACEUM,DUAR3,82,ME_NBPH,DULICHIUM ARUNDINACEUM,5,5,5,0,
29927,DULICHIUM ARUNDINACEUM,DUAR3,MI,MI,DULICHIUM ARUNDINACEUM,8,8,8,0,
29927,DULICHIUM ARUNDINACEUM,DUAR3,MN,MN,DULICHIUM ARUNDINACEUM,8,8,8,0,
29927,DULICHIUM ARUNDINACEUM,DUAR3,58,NH_NAAMH,DULICHIUM ARUNDINACEUM,6,6,6,0,
29927,DULICHIUM ARUNDINACEUM,DUAR3,59,NH_NCZ,DULICHIUM ARUNDINACEUM,6,6,6,0,
29927,DULICHIUM ARUNDINACEUM,DUAR3,83,NY_GLHL,DULICHIUM ARUNDINACEUM,6,6,6,0,
29927,DULICHIUM ARUNDINACEUM,DUAR3,58,NY_NAAMH,DULICHIUM ARUNDINACEUM,6,6,6,0,
29927,DULICHIUM ARUNDINACEUM,DUAR3,61,OH_APG,DULICHIUM ARUNDINACEUM,6,5,6,1,
29927,DULICHIUM ARUNDINACEUM,DUAR3,62,PA_AP,DULICHIUM ARUNDINACEUM,5,5,5,0,
29927,DULICHIUM ARUNDINACEUM,DUAR3,60,PA_APG,DULICHIUM ARUNDINACEUM,6,5,6,1,
29927,DULICHIUM ARUNDINACEUM,DUAR3,83,PA_OTH,DULICHIUM ARUNDINACEUM,6,5,6,1,
29927,DULICHIUM ARUNDINACEUM,DUAR3,59,RI_NCZ,DULICHIUM ARUNDINACEUM,6,6,6,0,
29927,DULICHIUM ARUNDINACEUM,DUAR3,58,VT_NAAMH,DULICHIUM ARUNDINACEUM,6,6,6,0,
29927,DULICHIUM ARUNDINACEUM,DUAR3,WI,WI,DULICHIUM ARUNDINACEUM,9,9,9,0,
29928,DULICHIUM ARUNDINACEUM VAR. ARUNDINACEUM,DUARA,58,NY_NAAMH,,NA,6,6,NA,
30263,ECHINOCHLOA CRUS-GALLI,ECCR,59,CT_NCZ,ECHINOCHLOA CRUS-GALLI,0,0,0,0,
30263,ECHINOCHLOA CRUS-GALLI,ECCR,83,NY_GLHL,ECHINOCHLOA CRUS-GALLI,0,0,0,0,
30279,ECHINOCHLOA MURICATA,ECMU2,58,NH_NAAMH,ECHINOCHLOA MURICATA,2,2,2,0,
30279,ECHINOCHLOA MURICATA,ECMU2,WI,WI,ECHINOCHLOA MURICATA,1,1,1,0,
30283,ECHINOCHLOA MURICATA VAR. MURICATA,ECMUM2,83,NY_GLHL,,NA,2,2,NA,
30312,ECHINOCYSTIS LOBATA,ECLO,82,ME_NBPH,ECHINOCYSTIS LOBATA,3,3,3,0,
30312,ECHINOCYSTIS LOBATA,ECLO,MI,MI,ECHINOCYSTIS LOBATA,2,2,2,0,
30312,ECHINOCYSTIS LOBATA,ECLO,MN,MN,ECHINOCYSTIS LOBATA,2,2,2,0,
30312,ECHINOCYSTIS LOBATA,ECLO,58,VT_NAAMH,ECHINOCYSTIS LOBATA,3,3,3,0,
30312,ECHINOCYSTIS LOBATA,ECLO,WI,WI,ECHINOCYSTIS LOBATA,2,2,2,0,
30431,ELAEAGNUS ANGUSTIFOLIA,ELAN,MI,MI,ELAEAGNUS ANGUSTIFOLIA,0,0,0,0,
30440,ELAEAGNUS UMBELLATA,ELUM,59,CT_NCZ,ELAEAGNUS UMBELLATA,0,0,0,0,
30440,ELAEAGNUS UMBELLATA,ELUM,IN,IN,ELAEAGNUS UMBELLATA,0,0,0,0,
30440,ELAEAGNUS UMBELLATA,ELUM,MI,MI,ELAEAGNUS UMBELLATA,0,0,0,0,
30440,ELAEAGNUS UMBELLATA,ELUM,83,NY_GLHL,ELAEAGNUS UMBELLATA,0,0,0,0,
30500,ELATINE,ELATI,58,NH_NAAMH,,NA,5,5,NA,
30510,ELATINE MINIMA,ELMI,58,NH_NAAMH,ELATINE MINIMA,7,7,7,0,
30522,ELEOCHARIS,ELEOC,58,MA_NAAMH,,NA,4,4,NA,
30522,ELEOCHARIS,ELEOC,59,MA_NCZ,,NA,8,8,NA,
30522,ELEOCHARIS,ELEOC,58,ME_NAAMH,,NA,7,7,NA,
30522,ELEOCHARIS,ELEOC,MI,MI,,NA,8,8,NA,
30522,ELEOCHARIS,ELEOC,MN,MN,,NA,8,8,NA,
30522,ELEOCHARIS,ELEOC,83,NY_GLHL,,NA,8,8,NA,
30522,ELEOCHARIS,ELEOC,62,PA_AP,,NA,5,5,NA,
30522,ELEOCHARIS,ELEOC,58,VT_NAAMH,,NA,4,4,NA,
30522,ELEOCHARIS,ELEOC,WI,WI,,NA,8,8,NA,
30523,ELEOCHARIS ACICULARIS,ELAC,58,CT_NAAMH,ELEOCHARIS ACICULARIS,4,4,4,0,
30523,ELEOCHARIS ACICULARIS,ELAC,59,MA_NCZ,ELEOCHARIS ACICULARIS,4,4,4,0,
30523,ELEOCHARIS ACICULARIS,ELAC,82,ME_NBPH,ELEOCHARIS ACICULARIS,4,4,4,0,
30523,ELEOCHARIS ACICULARIS,ELAC,MN,MN,,NA,5,5,NA,
30523,ELEOCHARIS ACICULARIS,ELAC,58,NH_NAAMH,ELEOCHARIS ACICULARIS,4,4,4,0,
30523,ELEOCHARIS ACICULARIS,ELAC,59,NH_NCZ,ELEOCHARIS ACICULARIS,4,4,4,0,
30523,ELEOCHARIS ACICULARIS,ELAC,83,NY_GLHL,ELEOCHARIS ACICULARIS,4,4,4,0,
30523,ELEOCHARIS ACICULARIS,ELAC,62,PA_AP,ELEOCHARIS ACICULARIS,5,5,5,0,
30523,ELEOCHARIS ACICULARIS,ELAC,61,PA_APG,ELEOCHARIS ACICULARIS,5,5,5,0,
30523,ELEOCHARIS ACICULARIS,ELAC,59,RI_NCZ,ELEOCHARIS ACICULARIS,4,4,4,0,
30523,ELEOCHARIS ACICULARIS,ELAC,58,VT_NAAMH,ELEOCHARIS ACICULARIS,4,4,4,0,
30565,ELEOCHARIS COMPRESSA,ELCO2,WI,WI,ELEOCHARIS COMPRESSA,9,9,9,0,
30583,ELEOCHARIS ELLIPTICA,ELEL4,MN,MN,ELEOCHARIS ELLIPTICA,7,7,7,0,
30592,ELEOCHARIS ERYTHROPODA,ELER,IN,IN,ELEOCHARIS ERYTHROPODA,2,2,2,0,
30592,ELEOCHARIS ERYTHROPODA,ELER,MI,MI,ELEOCHARIS ERYTHROPODA,4,4,4,0,
30592,ELEOCHARIS ERYTHROPODA,ELER,59,RI_NCZ,ELEOCHARIS ERYTHROPODA,6,6,6,0,
30592,ELEOCHARIS ERYTHROPODA,ELER,WI,WI,ELEOCHARIS ERYTHROPODA,3,3,3,0,
30603,ELEOCHARIS INTERMEDIA,ELIN,MN,MN,ELEOCHARIS INTERMEDIA,6,6,6,0,
30641,ELEOCHARIS OBTUSA,ELOB2,59,CT_NCZ,ELEOCHARIS OBTUSA,2,2,2,0,
30641,ELEOCHARIS OBTUSA,ELOB2,59,MA_NCZ,ELEOCHARIS OBTUSA,2,2,2,0,
30641,ELEOCHARIS OBTUSA,ELOB2,82,ME_NBPH,ELEOCHARIS OBTUSA,2,2,2,0,
30641,ELEOCHARIS OBTUSA,ELOB2,MI,MI,ELEOCHARIS OBTUSA,3,3,3,0,
30641,ELEOCHARIS OBTUSA,ELOB2,58,NH_NAAMH,ELEOCHARIS OBTUSA,2,2,2,0,
30641,ELEOCHARIS OBTUSA,ELOB2,59,NH_NCZ,ELEOCHARIS OBTUSA,2,2,2,0,
30641,ELEOCHARIS OBTUSA,ELOB2,83,NY_GLHL,ELEOCHARIS OBTUSA,2,2,2,0,
30641,ELEOCHARIS OBTUSA,ELOB2,61,OH_APG,ELEOCHARIS OBTUSA,2,2,2,0,
30641,ELEOCHARIS OBTUSA,ELOB2,61,PA_APG,ELEOCHARIS OBTUSA,2,2,2,0,
30641,ELEOCHARIS OBTUSA,ELOB2,58,VT_NAAMH,ELEOCHARIS OBTUSA,2,2,2,0,
30641,ELEOCHARIS OBTUSA,ELOB2,WI,WI,ELEOCHARIS OBTUSA,3,3,3,0,
30658,ELEOCHARIS OVATA,ELOV,MI,MI,ELEOCHARIS OVATA,8,8,8,0,
30667,ELEOCHARIS PALUSTRIS,ELPA3,58,ME_NAAMH,ELEOCHARIS PALUSTRIS,5,5,5,0,
30667,ELEOCHARIS PALUSTRIS,ELPA3,82,ME_NBPH,ELEOCHARIS PALUSTRIS,6,6,6,0,
30667,ELEOCHARIS PALUSTRIS,ELPA3,MI,MI,,NA,5,5,NA,
30667,ELEOCHARIS PALUSTRIS,ELPA3,MN,MN,ELEOCHARIS PALUSTRIS,5,5,5,0,
30667,ELEOCHARIS PALUSTRIS,ELPA3,58,NH_NAAMH,ELEOCHARIS PALUSTRIS,5,5,5,0,
30667,ELEOCHARIS PALUSTRIS,ELPA3,83,NY_GLHL,ELEOCHARIS PALUSTRIS,4,4,4,0,
30667,ELEOCHARIS PALUSTRIS,ELPA3,60,PA_APG,ELEOCHARIS PALUSTRIS,7,7,7,0,
30667,ELEOCHARIS PALUSTRIS,ELPA3,61,PA_APG,ELEOCHARIS PALUSTRIS,7,7,7,0,
30667,ELEOCHARIS PALUSTRIS,ELPA3,59,RI_NCZ,ELEOCHARIS PALUSTRIS,5,5,5,0,
30667,ELEOCHARIS PALUSTRIS,ELPA3,83,VT_GLHL,ELEOCHARIS PALUSTRIS,4,4,4,0,
30670,ELEOCHARIS PALUSTRIS VAR. PALUSTRIS,ELPAP,MI,MI,,NA,5,5,NA,
30670,ELEOCHARIS PALUSTRIS VAR. PALUSTRIS,ELPAP,MN,MN,,NA,4,5,NA,Updated to ssp. Cval/CoC Ref
30670,ELEOCHARIS PALUSTRIS VAR. PALUSTRIS,ELPAP,59,NH_NCZ,,NA,3,5,NA,Updated to ssp. Cval/CoC Ref
30670,ELEOCHARIS PALUSTRIS VAR. PALUSTRIS,ELPAP,83,NY_GLHL,,NA,5,4,NA,Updated to ssp. Cval/CoC Ref
30673,ELEOCHARIS PARVULA,ELPA5,82,ME_NBPH,ELEOCHARIS PARVULA,7,7,7,0,
30685,ELEOCHARIS QUINQUEFLORA,ELQU2,WI,WI,ELEOCHARIS QUINQUEFLORA,8,8,8,0,
30693,ELEOCHARIS ROBBINSII,ELRO,WI,WI,ELEOCHARIS ROBBINSII,10,10,10,0,
30706,ELEOCHARIS TENUIS,ELTE,MI,MI,,NA,9,9,NA,
30787,ELODEA CANADENSIS,ELCA7,59,CT_NCZ,ELODEA CANADENSIS,4,4,4,0,
30787,ELODEA CANADENSIS,ELCA7,MN,MN,ELODEA CANADENSIS,4,4,4,0,
30787,ELODEA CANADENSIS,ELCA7,83,NY_GLHL,ELODEA CANADENSIS,2,2,2,0,
30809,ELYMUS,ELYMU,MI,MI,,NA,7,7,NA,
30809,ELYMUS,ELYMU,MN,MN,,NA,5,5,NA,
30809,ELYMUS,ELYMU,62,PA_AP,,NA,5,5,NA,
30936,ELYMUS HYSTRIX,ELHY,MI,MI,,NA,6,6,NA,
30936,ELYMUS HYSTRIX,ELHY,WI,WI,ELYMUS HYSTRIX,6,6,6,0,
91700,ELYMUS MACGREGORII,ELMA,MI,MI,,NA,6,6,NA,
30989,ELYMUS REPENS,ELRE4,MI,MI,,NA,0,0,NA,
30989,ELYMUS REPENS,ELRE4,MN,MN,ELYMUS REPENS,0,0,0,0,
30989,ELYMUS REPENS,ELRE4,WI,WI,ELYMUS REPENS,0,0,0,0,
30991,ELYMUS RIPARIUS,ELRI,61,OH_APG,ELYMUS RIPARIUS,5,5,5,0,
30991,ELYMUS RIPARIUS,ELRI,WI,WI,ELYMUS RIPARIUS,6,6,6,0,
31022,ELYMUS TRACHYCAULUS,ELTR7,MI,MI,,NA,8,8,NA,
31050,ELYMUS VILLOSUS,ELVI,MN,MN,ELYMUS VILLOSUS,5,5,5,0,
31054,ELYMUS VIRGINICUS,ELVI3,IN,IN,,NA,3,3,NA,
31054,ELYMUS VIRGINICUS,ELVI3,MI,MI,ELYMUS VIRGINICUS,4,4,4,0,
31054,ELYMUS VIRGINICUS,ELVI3,MN,MN,ELYMUS VIRGINICUS,4,4,4,0,
31054,ELYMUS VIRGINICUS,ELVI3,58,NH_NAAMH,ELYMUS VIRGINICUS,5,5,5,0,
31054,ELYMUS VIRGINICUS,ELVI3,58,VT_NAAMH,ELYMUS VIRGINICUS,5,5,5,0,
31054,ELYMUS VIRGINICUS,ELVI3,WI,WI,ELYMUS VIRGINICUS,6,6,6,0,
31063,ELYMUS VIRGINICUS VAR. VIRGINICUS,ELVIV,58,NY_NAAMH,,NA,7,5,NA,Updated to ssp. Cval/CoC Ref
31144,EMPETRUM NIGRUM,EMNI,82,ME_NBPH,EMPETRUM NIGRUM,7,7,7,0,
31144,EMPETRUM NIGRUM,EMNI,62,PA_AP,,NA,10,10,NA,
31524,EPIGAEA REPENS,EPRE2,58,ME_NAAMH,EPIGAEA REPENS,6,6,6,0,
31524,EPIGAEA REPENS,EPRE2,MI,MI,EPIGAEA REPENS,7,7,7,0,
31529,EPILOBIUM,EPILO,58,CT_NAAMH,,NA,5,5,NA,
31529,EPILOBIUM,EPILO,59,CT_NCZ,,NA,4,4,NA,
31529,EPILOBIUM,EPILO,59,MA_NCZ,,NA,6,6,NA,
31529,EPILOBIUM,EPILO,58,ME_NAAMH,,NA,5,5,NA,
31529,EPILOBIUM,EPILO,MI,MI,,NA,3,3,NA,
31529,EPILOBIUM,EPILO,MN,MN,,NA,3,3,NA,
31529,EPILOBIUM,EPILO,83,NY_GLHL,,NA,7,7,NA,
31529,EPILOBIUM,EPILO,62,PA_AP,,NA,4,4,NA,
31529,EPILOBIUM,EPILO,60,PA_APG,,NA,4,4,NA,
31529,EPILOBIUM,EPILO,59,RI_NCZ,,NA,6,6,NA,
31529,EPILOBIUM,EPILO,58,VT_NAAMH,,NA,4,4,NA,
31529,EPILOBIUM,EPILO,WI,WI,,NA,3,3,NA,
31579,EPILOBIUM CILIATUM,EPCI,59,CT_NCZ,EPILOBIUM CILIATUM,5,5,5,0,
31579,EPILOBIUM CILIATUM,EPCI,82,ME_NBPH,EPILOBIUM CILIATUM,3,3,3,0,
31579,EPILOBIUM CILIATUM,EPCI,MI,MI,EPILOBIUM CILIATUM,3,3,3,0,
31579,EPILOBIUM CILIATUM,EPCI,MN,MN,,NA,3,3,NA,
31579,EPILOBIUM CILIATUM,EPCI,58,NH_NAAMH,EPILOBIUM CILIATUM,3,3,3,0,
31579,EPILOBIUM CILIATUM,EPCI,58,NY_NAAMH,EPILOBIUM CILIATUM,3,3,3,0,
31579,EPILOBIUM CILIATUM,EPCI,61,PA_APG,EPILOBIUM CILIATUM,4,4,4,0,
31579,EPILOBIUM CILIATUM,EPCI,58,VT_NAAMH,EPILOBIUM CILIATUM,3,3,3,0,
31579,EPILOBIUM CILIATUM,EPCI,WI,WI,EPILOBIUM CILIATUM,3,3,3,0,
31580,EPILOBIUM CILIATUM SSP. CILIATUM,EPCIC,83,NY_GLHL,,NA,3,3,NA,
31580,EPILOBIUM CILIATUM SSP. CILIATUM,EPCIC,59,RI_NCZ,,NA,8,5,NA,Updated to ssp. Cval/CoC Ref
31581,EPILOBIUM CILIATUM SSP. GLANDULOSUM,EPCIG,58,ME_NAAMH,,NA,3,3,NA,
31589,EPILOBIUM COLORATUM,EPCO,58,CT_NAAMH,EPILOBIUM COLORATUM,3,3,3,0,
31589,EPILOBIUM COLORATUM,EPCO,59,CT_NCZ,EPILOBIUM COLORATUM,4,4,4,0,
31589,EPILOBIUM COLORATUM,EPCO,IN,IN,EPILOBIUM COLORATUM,3,3,3,0,
31589,EPILOBIUM COLORATUM,EPCO,59,MA_NCZ,EPILOBIUM COLORATUM,4,4,4,0,
31589,EPILOBIUM COLORATUM,EPCO,82,ME_NBPH,EPILOBIUM COLORATUM,3,3,3,0,
31589,EPILOBIUM COLORATUM,EPCO,MI,MI,EPILOBIUM COLORATUM,3,3,3,0,
31589,EPILOBIUM COLORATUM,EPCO,MN,MN,EPILOBIUM COLORATUM,3,3,3,0,
31589,EPILOBIUM COLORATUM,EPCO,83,NY_GLHL,EPILOBIUM COLORATUM,2,2,2,0,
31589,EPILOBIUM COLORATUM,EPCO,59,RI_NCZ,EPILOBIUM COLORATUM,4,4,4,0,
31589,EPILOBIUM COLORATUM,EPCO,83,VT_GLHL,EPILOBIUM COLORATUM,2,2,2,0,
31589,EPILOBIUM COLORATUM,EPCO,58,VT_NAAMH,EPILOBIUM COLORATUM,3,3,3,0,
31589,EPILOBIUM COLORATUM,EPCO,WI,WI,EPILOBIUM COLORATUM,3,3,3,0,
31615,EPILOBIUM HIRSUTUM,EPHI,IN,IN,EPILOBIUM HIRSUTUM,0,0,0,0,
31615,EPILOBIUM HIRSUTUM,EPHI,83,NY_GLHL,,NA,0,0,NA,
31615,EPILOBIUM HIRSUTUM,EPHI,61,PA_APG,,NA,0,0,NA,
31625,EPILOBIUM LEPTOPHYLLUM,EPLE2,82,ME_NBPH,EPILOBIUM LEPTOPHYLLUM,4,4,4,0,
31625,EPILOBIUM LEPTOPHYLLUM,EPLE2,MI,MI,EPILOBIUM LEPTOPHYLLUM,6,6,6,0,
31625,EPILOBIUM LEPTOPHYLLUM,EPLE2,MN,MN,EPILOBIUM LEPTOPHYLLUM,7,7,7,0,
31625,EPILOBIUM LEPTOPHYLLUM,EPLE2,58,NH_NAAMH,EPILOBIUM LEPTOPHYLLUM,5,5,5,0,
31625,EPILOBIUM LEPTOPHYLLUM,EPLE2,83,NY_GLHL,EPILOBIUM LEPTOPHYLLUM,6,6,6,0,
31625,EPILOBIUM LEPTOPHYLLUM,EPLE2,58,NY_NAAMH,EPILOBIUM LEPTOPHYLLUM,5,5,5,0,
31625,EPILOBIUM LEPTOPHYLLUM,EPLE2,83,VT_GLHL,EPILOBIUM LEPTOPHYLLUM,6,6,6,0,
31625,EPILOBIUM LEPTOPHYLLUM,EPLE2,58,VT_NAAMH,EPILOBIUM LEPTOPHYLLUM,5,5,5,0,
31625,EPILOBIUM LEPTOPHYLLUM,EPLE2,WI,WI,EPILOBIUM LEPTOPHYLLUM,8,8,8,0,
31644,EPILOBIUM PALUSTRE,EPPA,82,ME_NBPH,EPILOBIUM PALUSTRE,5,5,5,0,
31644,EPILOBIUM PALUSTRE,EPPA,MN,MN,EPILOBIUM PALUSTRE,7,7,7,0,
31660,EPILOBIUM PARVIFLORUM,EPPA5,MI,MI,,NA,0,0,NA,
31660,EPILOBIUM PARVIFLORUM,EPPA5,83,NY_GLHL,,NA,0,0,NA,
31676,EPILOBIUM STRICTUM,EPST,58,VT_NAAMH,EPILOBIUM STRICTUM,5,5,5,0,
31676,EPILOBIUM STRICTUM,EPST,WI,WI,EPILOBIUM STRICTUM,10,10,10,0,
31693,EPIPACTIS HELLEBORINE,EPHE,MI,MI,EPIPACTIS HELLEBORINE,0,0,0,0,
31693,EPIPACTIS HELLEBORINE,EPHE,83,VT_GLHL,EPIPACTIS HELLEBORINE,0,0,0,0,
31693,EPIPACTIS HELLEBORINE,EPHE,58,VT_NAAMH,EPIPACTIS HELLEBORINE,0,0,0,0,
31720,EQUISETUM,EQUIS,82,ME_NBPH,,NA,4,4,NA,
31720,EQUISETUM,EQUIS,MI,MI,,NA,7,7,NA,
31720,EQUISETUM,EQUIS,59,NH_NCZ,,NA,6,6,NA,
31720,EQUISETUM,EQUIS,59,RI_NCZ,,NA,5,5,NA,
31728,EQUISETUM ARVENSE,EQAR,59,CT_NCZ,EQUISETUM ARVENSE,2,2,2,0,
31728,EQUISETUM ARVENSE,EQAR,IN,IN,,NA,1,1,NA,
31728,EQUISETUM ARVENSE,EQAR,59,MA_NCZ,EQUISETUM ARVENSE,2,2,2,0,
31728,EQUISETUM ARVENSE,EQAR,82,ME_NBPH,EQUISETUM ARVENSE,2,2,2,0,
31728,EQUISETUM ARVENSE,EQAR,59,ME_NCZ,EQUISETUM ARVENSE,2,2,2,0,
31728,EQUISETUM ARVENSE,EQAR,MI,MI,EQUISETUM ARVENSE,0,1,0,-1,
31728,EQUISETUM ARVENSE,EQAR,MN,MN,EQUISETUM ARVENSE,1,1,1,0,
31728,EQUISETUM ARVENSE,EQAR,58,NJ,EQUISETUM ARVENSE,2,2,2,0,
31728,EQUISETUM ARVENSE,EQAR,83,NY_GLHL,EQUISETUM ARVENSE,2,2,2,0,
31728,EQUISETUM ARVENSE,EQAR,61,PA_APG,EQUISETUM ARVENSE,1,1,1,0,
31728,EQUISETUM ARVENSE,EQAR,59,RI_NCZ,EQUISETUM ARVENSE,2,2,2,0,
31728,EQUISETUM ARVENSE,EQAR,83,VT_GLHL,EQUISETUM ARVENSE,2,2,2,0,
31728,EQUISETUM ARVENSE,EQAR,58,VT_NAAMH,EQUISETUM ARVENSE,2,2,2,0,
31728,EQUISETUM ARVENSE,EQAR,WI,WI,EQUISETUM ARVENSE,1,1,1,0,
31735,EQUISETUM FLUVIATILE,EQFL,58,CT_NAAMH,EQUISETUM FLUVIATILE,5,5,5,0,
31735,EQUISETUM FLUVIATILE,EQFL,82,ME_NBPH,EQUISETUM FLUVIATILE,6,6,6,0,
31735,EQUISETUM FLUVIATILE,EQFL,MI,MI,EQUISETUM FLUVIATILE,7,7,7,0,
31735,EQUISETUM FLUVIATILE,EQFL,MN,MN,EQUISETUM FLUVIATILE,7,7,7,0,
31735,EQUISETUM FLUVIATILE,EQFL,83,NY_GLHL,EQUISETUM FLUVIATILE,4,4,4,0,
31735,EQUISETUM FLUVIATILE,EQFL,83,VT_GLHL,EQUISETUM FLUVIATILE,4,4,4,0,
31735,EQUISETUM FLUVIATILE,EQFL,58,VT_NAAMH,EQUISETUM FLUVIATILE,5,5,5,0,
31735,EQUISETUM FLUVIATILE,EQFL,WI,WI,EQUISETUM FLUVIATILE,7,7,7,0,
31739,EQUISETUM HYEMALE,EQHY,WI,WI,EQUISETUM HYEMALE,3,3,3,0,
31753,EQUISETUM PALUSTRE,EQPA,MI,MI,EQUISETUM PALUSTRE,8,8,8,0,
31753,EQUISETUM PALUSTRE,EQPA,58,NH_NAAMH,EQUISETUM PALUSTRE,6,6,6,0,
31757,EQUISETUM PRATENSE,EQPR,MI,MI,EQUISETUM PRATENSE,10,10,10,0,
31757,EQUISETUM PRATENSE,EQPR,MN,MN,EQUISETUM PRATENSE,6,6,6,0,
31757,EQUISETUM PRATENSE,EQPR,83,VT_GLHL,EQUISETUM PRATENSE,5,5,5,0,
31757,EQUISETUM PRATENSE,EQPR,WI,WI,EQUISETUM PRATENSE,9,9,9,0,
31760,EQUISETUM SCIRPOIDES,EQSC,MI,MI,EQUISETUM SCIRPOIDES,7,7,7,0,
31761,EQUISETUM SYLVATICUM,EQSY,MI,MI,EQUISETUM SYLVATICUM,5,5,5,0,
31761,EQUISETUM SYLVATICUM,EQSY,MN,MN,EQUISETUM SYLVATICUM,6,6,6,0,
31761,EQUISETUM SYLVATICUM,EQSY,58,VT_NAAMH,EQUISETUM SYLVATICUM,5,5,5,0,
31761,EQUISETUM SYLVATICUM,EQSY,WI,WI,EQUISETUM SYLVATICUM,7,7,7,0,
31775,ERAGROSTIS,ERAGR,WI,WI,,NA,0,0,NA,
91707,ERECHTITES HIERACIIFOLIUS,ERHI12,59,CT_NCZ,ERECHTITES HIERACIIFOLIUS,1,1,1,0,
91707,ERECHTITES HIERACIIFOLIUS,ERHI12,59,MA_NCZ,ERECHTITES HIERACIIFOLIUS,1,1,1,0,
91707,ERECHTITES HIERACIIFOLIUS,ERHI12,82,ME_NBPH,ERECHTITES HIERACIIFOLIUS,2,2,2,0,
91707,ERECHTITES HIERACIIFOLIUS,ERHI12,MN,MN,,NA,2,2,NA,
91707,ERECHTITES HIERACIIFOLIUS,ERHI12,59,NH_NCZ,ERECHTITES HIERACIIFOLIUS,1,1,1,0,
91707,ERECHTITES HIERACIIFOLIUS,ERHI12,61,OH_APG,ERECHTITES HIERACIIFOLIA,1,1,1,0,
91709,ERECHTITES HIERACIIFOLIUS VAR. HIERACIIFOLIUS,ERHIH2,MN,MN,,NA,2,2,NA,
91709,ERECHTITES HIERACIIFOLIUS VAR. HIERACIIFOLIUS,ERHIH2,59,RI_NCZ,ERECHTITES HIERACIIFOLIUS VAR. HIERACIIFOLIUS,2,2,2,0,
32161,ERIGERON,ERIGE2,MI,MI,,NA,4,4,NA,
32161,ERIGERON,ERIGE2,59,RI_NCZ,,NA,2,2,NA,
32190,ERIGERON ANNUUS,ERAN,IN,IN,ERIGERON ANNUUS,0,1,0,-1,
32190,ERIGERON ANNUUS,ERAN,MI,MI,ERIGERON ANNUUS,0,0,0,0,
32190,ERIGERON ANNUUS,ERAN,MN,MN,ERIGERON ANNUUS,0,1,0,-1,
32190,ERIGERON ANNUUS,ERAN,83,NY_GLHL,ERIGERON ANNUUS,1,1,1,0,
32190,ERIGERON ANNUUS,ERAN,58,VT_NAAMH,ERIGERON ANNUUS,2,2,2,0,
32412,ERIGERON LONCHOPHYLLUS,ERLO,MN,MN,,NA,6,6,NA,
32473,ERIGERON PHILADELPHICUS,ERPH,59,CT_NCZ,ERIGERON PHILADELPHICUS,2,2,2,0,
32473,ERIGERON PHILADELPHICUS,ERPH,MN,MN,,NA,2,2,NA,
32473,ERIGERON PHILADELPHICUS,ERPH,WI,WI,ERIGERON PHILADELPHICUS,2,2,2,0,
32476,ERIGERON PHILADELPHICUS VAR. PHILADELPHICUS,ERPHP,MN,MN,ERIGERON PHILADELPHICUS VAR. PHILADELPHICUS,2,2,2,0,
32630,ERIOCAULON,ERIOC,59,RI_NCZ,,NA,9,9,NA,
32632,ERIOCAULON AQUATICUM,ERAQ2,58,ME_NAAMH,ERIOCAULON AQUATICUM,8,8,8,0,
32632,ERIOCAULON AQUATICUM,ERAQ2,82,ME_NBPH,ERIOCAULON AQUATICUM,6,6,6,0,
33513,ERIOPHORUM,ERIOP,58,ME_NAAMH,,NA,8,8,NA,
33513,ERIOPHORUM,ERIOP,MI,MI,,NA,10,10,NA,
33513,ERIOPHORUM,ERIOP,MN,MN,,NA,9,9,NA,
33528,ERIOPHORUM ANGUSTIFOLIUM,ERAN6,82,ME_NBPH,ERIOPHORUM ANGUSTIFOLIUM,6,6,6,0,
33528,ERIOPHORUM ANGUSTIFOLIUM,ERAN6,MI,MI,ERIOPHORUM ANGUSTIFOLIUM,10,10,10,0,
33528,ERIOPHORUM ANGUSTIFOLIUM,ERAN6,MN,MN,ERIOPHORUM ANGUSTIFOLIUM,8,8,8,0,
33528,ERIOPHORUM ANGUSTIFOLIUM,ERAN6,WI,WI,ERIOPHORUM ANGUSTIFOLIUM,9,9,9,0,
33529,ERIOPHORUM ANGUSTIFOLIUM SSP. ANGUSTIFOLIUM,ERANA3,82,ME_NBPH,,NA,6,6,NA,
33546,ERIOPHORUM GRACILE,ERGR8,MN,MN,,NA,10,9,NA,Updated to ssp. Cval/CoC Ref
33548,ERIOPHORUM GRACILE VAR. GRACILE,ERGRG2,MN,MN,ERIOPHORUM GRACILE VAR. GRACILE,9,9,9,0,
33562,ERIOPHORUM TENELLUM,ERTE12,58,ME_NAAMH,ERIOPHORUM TENELLUM,8,8,8,0,
33562,ERIOPHORUM TENELLUM,ERTE12,82,ME_NBPH,ERIOPHORUM TENELLUM,7,7,7,0,
33562,ERIOPHORUM TENELLUM,ERTE12,MN,MN,ERIOPHORUM TENELLUM,9,9,9,0,
33562,ERIOPHORUM TENELLUM,ERTE12,WI,WI,ERIOPHORUM TENELLUM,10,10,10,0,
33565,ERIOPHORUM VAGINATUM,ERVA4,82,ME_NBPH,ERIOPHORUM VAGINATUM,6,6,6,0,
33565,ERIOPHORUM VAGINATUM,ERVA4,MN,MN,,NA,10,9,NA,Updated to ssp. Cval/CoC Ref
33565,ERIOPHORUM VAGINATUM,ERVA4,WI,WI,ERIOPHORUM VAGINATUM,10,10,10,0,
33567,ERIOPHORUM VAGINATUM VAR. SPISSUM,ERVAS,MN,MN,ERIOPHORUM VAGINATUM VAR. SPISSUM,9,9,9,0,
33567,ERIOPHORUM VAGINATUM VAR. SPISSUM,ERVAS,58,NY_NAAMH,,NA,9,9,NA,
33567,ERIOPHORUM VAGINATUM VAR. SPISSUM,ERVAS,WI,WI,,NA,10,10,NA,
33569,ERIOPHORUM VIRGINICUM,ERVI8,58,ME_NAAMH,ERIOPHORUM VIRGINICUM,7,7,7,0,
33569,ERIOPHORUM VIRGINICUM,ERVI8,82,ME_NBPH,ERIOPHORUM VIRGINICUM,6,6,6,0,
33569,ERIOPHORUM VIRGINICUM,ERVI8,MI,MI,ERIOPHORUM VIRGINICUM,8,8,8,0,
33569,ERIOPHORUM VIRGINICUM,ERVI8,MN,MN,ERIOPHORUM VIRGINICUM,8,8,8,0,
33569,ERIOPHORUM VIRGINICUM,ERVI8,58,NH_NAAMH,ERIOPHORUM VIRGINICUM,7,7,7,0,
33569,ERIOPHORUM VIRGINICUM,ERVI8,58,NY_NAAMH,ERIOPHORUM VIRGINICUM,7,7,7,0,
33569,ERIOPHORUM VIRGINICUM,ERVI8,62,PA_AP,ERIOPHORUM VIRGINICUM,9,9,9,0,
33569,ERIOPHORUM VIRGINICUM,ERVI8,58,VT_NAAMH,ERIOPHORUM VIRGINICUM,7,7,7,0,
33569,ERIOPHORUM VIRGINICUM,ERVI8,WI,WI,ERIOPHORUM VIRGINICUM,10,10,10,0,
33570,ERIOPHORUM VIRIDICARINATUM,ERVI9,WI,WI,ERIOPHORUM VIRIDICARINATUM,10,10,10,0,
33793,ERYSIMUM CHEIRANTHOIDES,ERCH9,WI,WI,ERYSIMUM CHEIRANTHOIDES,0,0,0,0,
34588,EUONYMUS ALATUS,EUAL13,59,CT_NCZ,EUONYMUS ALATUS,0,0,0,0,
34588,EUONYMUS ALATUS,EUAL13,58,NJ,EUONYMUS ALATUS,0,0,0,0,
34606,EUONYMUS EUROPAEUS,EUEU7,59,RI_NCZ,EUONYMUS EUROPAEUS,0,0,0,0,
34608,EUONYMUS FORTUNEI,EUFO5,59,CT_NCZ,EUONYMUS FORTUNEI,0,0,0,0,
34608,EUONYMUS FORTUNEI,EUFO5,IN,IN,EUONYMUS FORTUNEI,0,0,0,0,
34626,EUONYMUS OBOVATUS,EUOB8,61,OH_APG,EUONYMUS OBOVATUS,7,7,7,0,
34739,EUPATORIUM PERFOLIATUM,EUPE3,58,CT_NAAMH,EUPATORIUM PERFOLIATUM,3,3,3,0,
34739,EUPATORIUM PERFOLIATUM,EUPE3,59,CT_NCZ,EUPATORIUM PERFOLIATUM,3,3,3,0,
34739,EUPATORIUM PERFOLIATUM,EUPE3,IN,IN,EUPATORIUM PERFOLIATUM,4,4,4,0,
34739,EUPATORIUM PERFOLIATUM,EUPE3,59,MA_NCZ,EUPATORIUM PERFOLIATUM,3,3,3,0,
34739,EUPATORIUM PERFOLIATUM,EUPE3,82,ME_NBPH,EUPATORIUM PERFOLIATUM,4,4,4,0,
34739,EUPATORIUM PERFOLIATUM,EUPE3,MI,MI,EUPATORIUM PERFOLIATUM,4,4,4,0,
34739,EUPATORIUM PERFOLIATUM,EUPE3,MN,MN,,NA,6,4,NA,Updated to ssp. Cval/CoC Ref
34739,EUPATORIUM PERFOLIATUM,EUPE3,58,NH_NAAMH,EUPATORIUM PERFOLIATUM,3,3,3,0,
34739,EUPATORIUM PERFOLIATUM,EUPE3,59,NH_NCZ,EUPATORIUM PERFOLIATUM,3,3,3,0,
34739,EUPATORIUM PERFOLIATUM,EUPE3,83,NY_GLHL,EUPATORIUM PERFOLIATUM,3,3,3,0,
34739,EUPATORIUM PERFOLIATUM,EUPE3,58,NY_NAAMH,EUPATORIUM PERFOLIATUM,3,3,3,0,
34739,EUPATORIUM PERFOLIATUM,EUPE3,60,PA_APG,EUPATORIUM PERFOLIATUM,3,3,3,0,
34739,EUPATORIUM PERFOLIATUM,EUPE3,61,PA_APG,EUPATORIUM PERFOLIATUM,3,3,3,0,
34739,EUPATORIUM PERFOLIATUM,EUPE3,59,RI_NCZ,EUPATORIUM PERFOLIATUM,3,3,3,0,
34739,EUPATORIUM PERFOLIATUM,EUPE3,83,VT_GLHL,EUPATORIUM PERFOLIATUM,3,3,3,0,
34739,EUPATORIUM PERFOLIATUM,EUPE3,58,VT_NAAMH,EUPATORIUM PERFOLIATUM,3,3,3,0,
34739,EUPATORIUM PERFOLIATUM,EUPE3,WI,WI,EUPATORIUM PERFOLIATUM,6,6,6,0,
34742,EUPATORIUM PERFOLIATUM VAR. PERFOLIATUM,EUPEP,MN,MN,,NA,4,4,NA,
35276,EURYBIA DIVARICATA,EUDI16,59,CT_NCZ,EURYBIA DIVARICATA,5,5,5,0,
35276,EURYBIA DIVARICATA,EUDI16,82,ME_NBPH,EURYBIA DIVARICATA,6,6,6,0,
35276,EURYBIA DIVARICATA,EUDI16,59,ME_NCZ,EURYBIA DIVARICATA,5,5,5,0,
35276,EURYBIA DIVARICATA,EUDI16,58,NH_NAAMH,EURYBIA DIVARICATA,6,6,6,0,
35276,EURYBIA DIVARICATA,EUDI16,58,NJ,EURYBIA DIVARICATA,6,5,6,1,
35276,EURYBIA DIVARICATA,EUDI16,62,PA_AP,EURYBIA DIVARICATA,5,5,5,0,
35276,EURYBIA DIVARICATA,EUDI16,59,RI_NCZ,EURYBIA DIVARICATA,5,5,5,0,
35285,EURYBIA MACROPHYLLA,EUMA27,58,ME_NAAMH,EURYBIA MACROPHYLLA,5,5,5,0,
35285,EURYBIA MACROPHYLLA,EUMA27,MI,MI,,NA,4,4,NA,
35285,EURYBIA MACROPHYLLA,EUMA27,MN,MN,,NA,4,4,NA,
35285,EURYBIA MACROPHYLLA,EUMA27,61,OH_APG,EURYBIA MACROPHYLLA,6,6,6,0,
35285,EURYBIA MACROPHYLLA,EUMA27,WI,WI,EURYBIA MACROPHYLLA,4,4,4,0,
35291,EURYBIA RADULA,EURA10,82,ME_NBPH,EURYBIA RADULA,6,6,6,0,
35291,EURYBIA RADULA,EURA10,58,NH_NAAMH,EURYBIA RADULA,6,6,6,0,
35343,EUTHAMIA CAROLINIANA,EUCA26,58,ME_NAAMH,EUTHAMIA CAROLINIANA,5,5,5,0,
35348,EUTHAMIA GRAMINIFOLIA,EUGR5,58,CT_NAAMH,EUTHAMIA GRAMINIFOLIA,2,2,2,0,
35348,EUTHAMIA GRAMINIFOLIA,EUGR5,59,CT_NCZ,EUTHAMIA GRAMINIFOLIA,2,2,2,0,
35348,EUTHAMIA GRAMINIFOLIA,EUGR5,58,ME_NAAMH,EUTHAMIA GRAMINIFOLIA,2,2,2,0,
35348,EUTHAMIA GRAMINIFOLIA,EUGR5,MI,MI,EUTHAMIA GRAMINIFOLIA,3,3,3,0,
35348,EUTHAMIA GRAMINIFOLIA,EUGR5,58,NH_NAAMH,EUTHAMIA GRAMINIFOLIA,2,2,2,0,
35348,EUTHAMIA GRAMINIFOLIA,EUGR5,83,NY_GLHL,EUTHAMIA GRAMINIFOLIA,1,1,1,0,
35348,EUTHAMIA GRAMINIFOLIA,EUGR5,58,NY_NAAMH,EUTHAMIA GRAMINIFOLIA,2,2,2,0,
35348,EUTHAMIA GRAMINIFOLIA,EUGR5,61,PA_APG,EUTHAMIA GRAMINIFOLIA,3,3,3,0,
35348,EUTHAMIA GRAMINIFOLIA,EUGR5,59,RI_NCZ,EUTHAMIA GRAMINIFOLIA,2,2,2,0,
35348,EUTHAMIA GRAMINIFOLIA,EUGR5,83,VT_GLHL,EUTHAMIA GRAMINIFOLIA,1,1,1,0,
35348,EUTHAMIA GRAMINIFOLIA,EUGR5,58,VT_NAAMH,EUTHAMIA GRAMINIFOLIA,2,2,2,0,
35348,EUTHAMIA GRAMINIFOLIA,EUGR5,WI,WI,EUTHAMIA GRAMINIFOLIA,4,4,4,0,
35350,EUTHAMIA GRAMINIFOLIA VAR. GRAMINIFOLIA,EUGRG,MN,MN,,NA,4,4,NA,
91754,EUTROCHIUM,EUTRO,83,VT_GLHL,,NA,4,4,NA,
91454,EUTROCHIUM DUBIUM,EUDU6,59,CT_NCZ,EUTROCHIUM DUBIUM,5,5,5,0,
91454,EUTROCHIUM DUBIUM,EUDU6,59,MA_NCZ,EUTROCHIUM DUBIUM,5,5,5,0,
91454,EUTROCHIUM DUBIUM,EUDU6,59,RI_NCZ,EUTROCHIUM DUBIUM,5,5,5,0,
91455,EUTROCHIUM FISTULOSUM,EUFI14,61,OH_APG,EUPATORIADELPHUS FISTULOSUS,4,4,4,0,
91456,EUTROCHIUM MACULATUM,EUMA9,58,CT_NAAMH,EUTROCHIUM MACULATUM,3,3,3,0,
91456,EUTROCHIUM MACULATUM,EUMA9,59,CT_NCZ,EUTROCHIUM MACULATUM,4,4,4,0,
91456,EUTROCHIUM MACULATUM,EUMA9,IN,IN,,NA,5,5,NA,
91456,EUTROCHIUM MACULATUM,EUMA9,58,ME_NAAMH,EUTROCHIUM MACULATUM,3,3,3,0,
91456,EUTROCHIUM MACULATUM,EUMA9,82,ME_NBPH,EUTROCHIUM MACULATUM,4,4,4,0,
91456,EUTROCHIUM MACULATUM,EUMA9,MI,MI,,NA,4,4,NA,
91456,EUTROCHIUM MACULATUM,EUMA9,MN,MN,EUPATORIUM MACULATUM,4,4,4,0,
91456,EUTROCHIUM MACULATUM,EUMA9,58,NH_NAAMH,EUTROCHIUM MACULATUM,3,3,3,0,
91456,EUTROCHIUM MACULATUM,EUMA9,83,NY_GLHL,EUTROCHIUM MACULATUM,4,4,4,0,
91456,EUTROCHIUM MACULATUM,EUMA9,58,NY_NAAMH,EUTROCHIUM MACULATUM,3,3,3,0,
91456,EUTROCHIUM MACULATUM,EUMA9,62,PA_AP,EUPATORIADELPHUS MACULATUS,7,7,7,0,
91456,EUTROCHIUM MACULATUM,EUMA9,61,PA_APG,EUPATORIADELPHUS MACULATUS,7,7,7,0,
91456,EUTROCHIUM MACULATUM,EUMA9,59,RI_NCZ,EUTROCHIUM MACULATUM,4,4,4,0,
91456,EUTROCHIUM MACULATUM,EUMA9,83,VT_GLHL,EUTROCHIUM MACULATUM,4,4,4,0,
91456,EUTROCHIUM MACULATUM,EUMA9,58,VT_NAAMH,EUTROCHIUM MACULATUM,3,3,3,0,
91456,EUTROCHIUM MACULATUM,EUMA9,WI,WI,EUTROCHIUM MACULATUM,4,4,4,0,
91458,EUTROCHIUM MACULATUM VAR. MACULATUM,EUMAM4,58,CT_NAAMH,,NA,5,3,NA,Updated to ssp. Cval/CoC Ref
91458,EUTROCHIUM MACULATUM VAR. MACULATUM,EUMAM4,59,CT_NCZ,,NA,5,4,NA,Updated to ssp. Cval/CoC Ref
91458,EUTROCHIUM MACULATUM VAR. MACULATUM,EUMAM4,IN,IN,,NA,5,5,NA,
91458,EUTROCHIUM MACULATUM VAR. MACULATUM,EUMAM4,59,MA_NCZ,,NA,4,4,NA,
91458,EUTROCHIUM MACULATUM VAR. MACULATUM,EUMAM4,MI,MI,,NA,4,4,NA,
91458,EUTROCHIUM MACULATUM VAR. MACULATUM,EUMAM4,MN,MN,,NA,4,4,NA,
91458,EUTROCHIUM MACULATUM VAR. MACULATUM,EUMAM4,58,NH_NAAMH,,NA,3,3,NA,
91458,EUTROCHIUM MACULATUM VAR. MACULATUM,EUMAM4,83,NY_GLHL,,NA,3,4,NA,Updated to ssp. Cval/CoC Ref
91458,EUTROCHIUM MACULATUM VAR. MACULATUM,EUMAM4,59,RI_NCZ,,NA,5,4,NA,Updated to ssp. Cval/CoC Ref
91458,EUTROCHIUM MACULATUM VAR. MACULATUM,EUMAM4,83,VT_GLHL,,NA,4,4,NA,
91458,EUTROCHIUM MACULATUM VAR. MACULATUM,EUMAM4,58,VT_NAAMH,,NA,3,3,NA,
91458,EUTROCHIUM MACULATUM VAR. MACULATUM,EUMAM4,WI,WI,,NA,4,4,NA,
91459,EUTROCHIUM PURPUREUM,EUPU21,59,CT_NCZ,EUTROCHIUM PURPUREUM,5,5,5,0,
91758,EUTROCHIUM PURPUREUM VAR. PURPUREUM,EUPUP4,58,NH_NAAMH,,NA,5,5,NA,
90898,FABACEAE,FABACE,MI,MI,,NA,Und,Und,NA,
90898,FABACEAE,FABACE,MN,MN,,NA,Und,Und,NA,
35514,FAGUS GRANDIFOLIA,FAGR,58,MA_NAAMH,FAGUS GRANDIFOLIA,5,5,5,0,
35514,FAGUS GRANDIFOLIA,FAGR,59,MA_NCZ,FAGUS GRANDIFOLIA,5,5,5,0,
35514,FAGUS GRANDIFOLIA,FAGR,58,ME_NAAMH,FAGUS GRANDIFOLIA,5,5,5,0,
35514,FAGUS GRANDIFOLIA,FAGR,82,ME_NBPH,FAGUS GRANDIFOLIA,4,4,4,0,
35514,FAGUS GRANDIFOLIA,FAGR,MI,MI,FAGUS GRANDIFOLIA,6,6,6,0,
35514,FAGUS GRANDIFOLIA,FAGR,58,NH_NAAMH,FAGUS GRANDIFOLIA,5,5,5,0,
35514,FAGUS GRANDIFOLIA,FAGR,59,NH_NCZ,FAGUS GRANDIFOLIA,5,5,5,0,
35514,FAGUS GRANDIFOLIA,FAGR,58,NJ,FAGUS GRANDIFOLIA,5,6,5,-1,
35514,FAGUS GRANDIFOLIA,FAGR,83,NY_GLHL,FAGUS GRANDIFOLIA,5,5,5,0,
35514,FAGUS GRANDIFOLIA,FAGR,58,NY_NAAMH,FAGUS GRANDIFOLIA,5,5,5,0,
35514,FAGUS GRANDIFOLIA,FAGR,61,OH_APG,FAGUS GRANDIFOLIA,6,6,6,0,
35514,FAGUS GRANDIFOLIA,FAGR,62,PA_AP,FAGUS GRANDIFOLIA,6,6,6,0,
35514,FAGUS GRANDIFOLIA,FAGR,61,PA_APG,FAGUS GRANDIFOLIA,6,6,6,0,
35514,FAGUS GRANDIFOLIA,FAGR,59,RI_NCZ,FAGUS GRANDIFOLIA,5,5,5,0,
35514,FAGUS GRANDIFOLIA,FAGR,83,VT_GLHL,FAGUS GRANDIFOLIA,5,5,5,0,
91441,FERN,2FERNT,82,ME_NBPH,,NA,Und,Und,NA,
91441,FERN,2FERNT,59,ME_NCZ,,NA,Und,Und,NA,
91441,FERN,2FERNT,MI,MI,,NA,Und,Und,NA,
91441,FERN,2FERNT,MN,MN,,NA,Und,Und,NA,
91441,FERN,2FERNT,58,NH_NAAMH,,NA,Und,Und,NA,
91441,FERN,2FERNT,59,NH_NCZ,,NA,Und,Und,NA,
91441,FERN,2FERNT,58,NJ,,NA,Und,Und,NA,
35646,FESTUCA BREVIPILA,46060,MI,MI,,NA,0,0,NA,
35797,FESTUCA RUBRA,FERU2,58,NH_NAAMH,FESTUCA RUBRA,3,3,3,0,
35797,FESTUCA RUBRA,FERU2,83,NY_GLHL,,NA,0,0,NA,
35857,FESTUCA SUBVERTICILLATA,FESU3,MI,MI,,NA,5,5,NA,
35857,FESTUCA SUBVERTICILLATA,FESU3,MN,MN,FESTUCA SUBVERTICILLATA,6,6,6,0,
131547,FLOATING AQUATIC VEGETATION,2FAV,59,ME_NCZ,,NA,Und,Und,NA,
131547,FLOATING AQUATIC VEGETATION,2FAV,MI,MI,,NA,Und,Und,NA,
91434,FORB,2FORB1,59,CT_NCZ,,NA,Und,Und,NA,
91434,FORB,2FORB1,82,ME_NBPH,,NA,Und,Und,NA,
91434,FORB,2FORB1,59,ME_NCZ,,NA,Und,Und,NA,
91434,FORB,2FORB1,MI,MI,,NA,Und,Und,NA,
91434,FORB,2FORB1,MN,MN,,NA,Und,Und,NA,
91434,FORB,2FORB1,58,NH_NAAMH,,NA,Und,Und,NA,
91434,FORB,2FORB1,58,NJ,,NA,Und,Und,NA,
91434,FORB,2FORB1,83,NY_GLHL,,NA,Und,Und,NA,
91434,FORB,2FORB1,61,OH_APG,,NA,Und,Und,NA,
91434,FORB,2FORB1,62,PA_AP,,NA,Und,Und,NA,
91434,FORB,2FORB1,61,PA_APG,,NA,Und,Und,NA,
91434,FORB,2FORB1,59,RI_NCZ,,NA,Und,Und,NA,
91434,FORB,2FORB1,58,VT_NAAMH,,NA,Und,Und,NA,
91434,FORB,2FORB1,WI,WI,,NA,Und,Und,NA,
90764,"FORB, DICOT",2FD,IN,IN,,NA,Und,Und,NA,
90764,"FORB, DICOT",2FD,59,MA_NCZ,,NA,Und,Und,NA,
90764,"FORB, DICOT",2FD,82,ME_NBPH,,NA,Und,Und,NA,
90764,"FORB, DICOT",2FD,MI,MI,,NA,Und,Und,NA,
90764,"FORB, DICOT",2FD,MN,MN,,NA,Und,Und,NA,
90764,"FORB, DICOT",2FD,61,OH_APG,,NA,Und,Und,NA,
90764,"FORB, DICOT",2FD,62,PA_AP,,NA,Und,Und,NA,
90764,"FORB, DICOT",2FD,61,PA_APG,,NA,Und,Und,NA,
90764,"FORB, DICOT",2FD,WI,WI,,NA,Und,Und,NA,
91442,"FORB, INTRODUCED",2FI,MI,MI,,NA,0,0,NA,
90768,"FORB, MONOCOT",2FM,82,ME_NBPH,,NA,Und,Und,NA,
90768,"FORB, MONOCOT",2FM,MI,MI,,NA,Und,Und,NA,
90768,"FORB, MONOCOT",2FM,MN,MN,,NA,Und,Und,NA,
90768,"FORB, MONOCOT",2FM,58,NH_NAAMH,,NA,Und,Und,NA,
90771,"FORB, MONOCOT, PERENNIAL",2FMP,MI,MI,,NA,Und,Und,NA,
36332,FRAGARIA,FRAGA,82,ME_NBPH,,NA,3,3,NA,
36332,FRAGARIA,FRAGA,58,VT_NAAMH,,NA,4,4,NA,
36370,FRAGARIA VESCA,FRVE,58,ME_NAAMH,FRAGARIA VESCA,4,4,4,0,
36370,FRAGARIA VESCA,FRVE,MI,MI,FRAGARIA VESCA,2,2,2,0,
36370,FRAGARIA VESCA,FRVE,58,VT_NAAMH,FRAGARIA VESCA,4,4,4,0,
36370,FRAGARIA VESCA,FRVE,WI,WI,FRAGARIA VESCA,3,3,3,0,
36379,FRAGARIA VIRGINIANA,FRVI,58,CT_NAAMH,FRAGARIA VIRGINIANA,2,2,2,0,
36379,FRAGARIA VIRGINIANA,FRVI,IN,IN,,NA,2,2,NA,
36379,FRAGARIA VIRGINIANA,FRVI,58,ME_NAAMH,FRAGARIA VIRGINIANA,2,2,2,0,
36379,FRAGARIA VIRGINIANA,FRVI,MI,MI,FRAGARIA VIRGINIANA,2,2,2,0,
36379,FRAGARIA VIRGINIANA,FRVI,MN,MN,FRAGARIA VIRGINIANA,2,2,2,0,
36379,FRAGARIA VIRGINIANA,FRVI,58,NH_NAAMH,FRAGARIA VIRGINIANA,2,2,2,0,
36379,FRAGARIA VIRGINIANA,FRVI,83,NY_GLHL,FRAGARIA VIRGINIANA,1,1,1,0,
36379,FRAGARIA VIRGINIANA,FRVI,58,NY_NAAMH,FRAGARIA VIRGINIANA,2,2,2,0,
36379,FRAGARIA VIRGINIANA,FRVI,62,PA_AP,FRAGARIA VIRGINIANA,2,2,2,0,
36379,FRAGARIA VIRGINIANA,FRVI,61,PA_APG,FRAGARIA VIRGINIANA,2,2,2,0,
36379,FRAGARIA VIRGINIANA,FRVI,59,RI_NCZ,FRAGARIA VIRGINIANA,2,2,2,0,
36379,FRAGARIA VIRGINIANA,FRVI,83,VT_GLHL,FRAGARIA VIRGINIANA,1,1,1,0,
36379,FRAGARIA VIRGINIANA,FRVI,WI,WI,FRAGARIA VIRGINIANA,1,1,1,0,
36383,FRAGARIA VIRGINIANA SSP. VIRGINIANA,FRVIV,83,VT_GLHL,,NA,1,1,NA,
36383,FRAGARIA VIRGINIANA SSP. VIRGINIANA,FRVIV,58,VT_NAAMH,,NA,2,2,NA,
36391,FRANGULA,FRANG,MI,MI,,NA,2,2,NA,
36393,FRANGULA ALNUS,FRAL4,58,CT_NAAMH,FRANGULA ALNUS,0,0,0,0,
36393,FRANGULA ALNUS,FRAL4,IN,IN,,NA,0,0,NA,
36393,FRANGULA ALNUS,FRAL4,58,MA_NAAMH,FRANGULA ALNUS,0,0,0,0,
36393,FRANGULA ALNUS,FRAL4,59,MA_NCZ,FRANGULA ALNUS,0,0,0,0,
36393,FRANGULA ALNUS,FRAL4,82,ME_NBPH,FRANGULA ALNUS,0,0,0,0,
36393,FRANGULA ALNUS,FRAL4,MI,MI,,NA,0,0,NA,
36393,FRANGULA ALNUS,FRAL4,MN,MN,FRANGULA ALNUS,0,0,0,0,
36393,FRANGULA ALNUS,FRAL4,58,NH_NAAMH,FRANGULA ALNUS,0,0,0,0,
36393,FRANGULA ALNUS,FRAL4,59,NH_NCZ,FRANGULA ALNUS,0,0,0,0,
36393,FRANGULA ALNUS,FRAL4,83,NY_GLHL,FRANGULA ALNUS,0,0,0,0,
36393,FRANGULA ALNUS,FRAL4,61,OH_APG,,NA,0,0,NA,
36393,FRANGULA ALNUS,FRAL4,59,RI_NCZ,FRANGULA ALNUS,0,0,0,0,
36393,FRANGULA ALNUS,FRAL4,58,VT_NAAMH,FRANGULA ALNUS,0,0,0,0,
36393,FRANGULA ALNUS,FRAL4,WI,WI,FRANGULA ALNUS,0,0,0,0,
36479,FRAXINUS,FRAXI,MI,MI,,NA,6,6,NA,
36479,FRAXINUS,FRAXI,83,NY_GLHL,,NA,6,6,NA,
36480,FRAXINUS AMERICANA,FRAM2,58,CT_NAAMH,FRAXINUS AMERICANA,3,3,3,0,
36480,FRAXINUS AMERICANA,FRAM2,59,CT_NCZ,FRAXINUS AMERICANA,5,5,5,0,
36480,FRAXINUS AMERICANA,FRAM2,IN,IN,FRAXINUS AMERICANA,4,4,4,0,
36480,FRAXINUS AMERICANA,FRAM2,58,MA_NAAMH,FRAXINUS AMERICANA,3,3,3,0,
36480,FRAXINUS AMERICANA,FRAM2,59,MA_NCZ,FRAXINUS AMERICANA,5,5,5,0,
36480,FRAXINUS AMERICANA,FRAM2,MI,MI,FRAXINUS AMERICANA,5,5,5,0,
36480,FRAXINUS AMERICANA,FRAM2,58,NH_NAAMH,FRAXINUS AMERICANA,3,3,3,0,
36480,FRAXINUS AMERICANA,FRAM2,59,NH_NCZ,FRAXINUS AMERICANA,5,5,5,0,
36480,FRAXINUS AMERICANA,FRAM2,58,NJ,FRAXINUS AMERICANA,3,5,3,-2,
36480,FRAXINUS AMERICANA,FRAM2,61,OH_APG,FRAXINUS AMERICANA,5,5,5,0,
36480,FRAXINUS AMERICANA,FRAM2,59,RI_NCZ,FRAXINUS AMERICANA,5,5,5,0,
36480,FRAXINUS AMERICANA,FRAM2,83,VT_GLHL,FRAXINUS AMERICANA,3,3,3,0,
36480,FRAXINUS AMERICANA,FRAM2,58,VT_NAAMH,FRAXINUS AMERICANA,3,3,3,0,
36480,FRAXINUS AMERICANA,FRAM2,WI,WI,FRAXINUS AMERICANA,5,5,5,0,
36513,FRAXINUS NIGRA,FRNI,59,CT_NCZ,FRAXINUS NIGRA,7,7,7,0,
36513,FRAXINUS NIGRA,FRNI,58,ME_NAAMH,FRAXINUS NIGRA,7,7,7,0,
36513,FRAXINUS NIGRA,FRNI,82,ME_NBPH,FRAXINUS NIGRA,6,6,6,0,
36513,FRAXINUS NIGRA,FRNI,MI,MI,FRAXINUS NIGRA,6,6,6,0,
36513,FRAXINUS NIGRA,FRNI,MN,MN,FRAXINUS NIGRA,6,6,6,0,
36513,FRAXINUS NIGRA,FRNI,58,NH_NAAMH,FRAXINUS NIGRA,7,7,7,0,
36513,FRAXINUS NIGRA,FRNI,83,NY_GLHL,FRAXINUS NIGRA,7,7,7,0,
36513,FRAXINUS NIGRA,FRNI,58,NY_NAAMH,FRAXINUS NIGRA,7,7,7,0,
36513,FRAXINUS NIGRA,FRNI,61,OH_APG,FRAXINUS NIGRA,9,9,9,0,
36513,FRAXINUS NIGRA,FRNI,83,VT_GLHL,FRAXINUS NIGRA,7,7,7,0,
36513,FRAXINUS NIGRA,FRNI,58,VT_NAAMH,FRAXINUS NIGRA,7,7,7,0,
36513,FRAXINUS NIGRA,FRNI,WI,WI,FRAXINUS NIGRA,8,8,8,0,
36518,FRAXINUS PENNSYLVANICA,FRPE,59,CT_NCZ,FRAXINUS PENNSYLVANICA,5,5,5,0,
36518,FRAXINUS PENNSYLVANICA,FRPE,IN,IN,FRAXINUS PENNSYLVANICA,2,2,2,0,
36518,FRAXINUS PENNSYLVANICA,FRPE,58,MA_NAAMH,FRAXINUS PENNSYLVANICA,4,4,4,0,
36518,FRAXINUS PENNSYLVANICA,FRPE,59,MA_NCZ,FRAXINUS PENNSYLVANICA,5,5,5,0,
36518,FRAXINUS PENNSYLVANICA,FRPE,58,ME_NAAMH,FRAXINUS PENNSYLVANICA,4,4,4,0,
36518,FRAXINUS PENNSYLVANICA,FRPE,MI,MI,FRAXINUS PENNSYLVANICA,2,2,2,0,
36518,FRAXINUS PENNSYLVANICA,FRPE,MN,MN,FRAXINUS PENNSYLVANICA,2,2,2,0,
36518,FRAXINUS PENNSYLVANICA,FRPE,58,NJ,FRAXINUS PENNSYLVANICA,4,5,4,-1,
36518,FRAXINUS PENNSYLVANICA,FRPE,83,NY_GLHL,FRAXINUS PENNSYLVANICA,4,4,4,0,
36518,FRAXINUS PENNSYLVANICA,FRPE,58,NY_NAAMH,FRAXINUS PENNSYLVANICA,4,4,4,0,
36518,FRAXINUS PENNSYLVANICA,FRPE,61,OH_APG,FRAXINUS PENNSYLVANICA,5,5,5,0,
36518,FRAXINUS PENNSYLVANICA,FRPE,62,PA_AP,FRAXINUS PENNSYLVANICA,5,5,5,0,
36518,FRAXINUS PENNSYLVANICA,FRPE,60,PA_APG,FRAXINUS PENNSYLVANICA,5,5,5,0,
36518,FRAXINUS PENNSYLVANICA,FRPE,61,PA_APG,FRAXINUS PENNSYLVANICA,5,5,5,0,
36518,FRAXINUS PENNSYLVANICA,FRPE,59,RI_NCZ,FRAXINUS PENNSYLVANICA,5,5,5,0,
36518,FRAXINUS PENNSYLVANICA,FRPE,83,VT_GLHL,FRAXINUS PENNSYLVANICA,4,4,4,0,
36518,FRAXINUS PENNSYLVANICA,FRPE,58,VT_NAAMH,FRAXINUS PENNSYLVANICA,4,4,4,0,
36518,FRAXINUS PENNSYLVANICA,FRPE,WI,WI,FRAXINUS PENNSYLVANICA,2,2,2,0,
36525,FRAXINUS PROFUNDA,FRPR,MI,MI,FRAXINUS PROFUNDA,9,9,9,0,
36945,GALEOPSIS,GALEO,58,VT_NAAMH,,NA,0,0,NA,
36947,GALEOPSIS BIFIDA,GABI3,58,ME_NAAMH,GALEOPSIS BIFIDA,0,0,0,0,
36955,GALEOPSIS TETRAHIT,GATE2,58,NY_NAAMH,GALEOPSIS TETRAHIT,0,0,0,0,
36955,GALEOPSIS TETRAHIT,GATE2,83,VT_GLHL,GALEOPSIS TETRAHIT,0,0,0,0,
36955,GALEOPSIS TETRAHIT,GATE2,58,VT_NAAMH,GALEOPSIS TETRAHIT,0,0,0,0,
36955,GALEOPSIS TETRAHIT,GATE2,WI,WI,GALEOPSIS TETRAHIT,0,0,0,0,
36976,GALIUM,GALIU,59,CT_NCZ,,NA,4,4,NA,
36976,GALIUM,GALIU,58,ME_NAAMH,,NA,5,5,NA,
36976,GALIUM,GALIU,82,ME_NBPH,,NA,3,3,NA,
36976,GALIUM,GALIU,MI,MI,,NA,6,6,NA,
36976,GALIUM,GALIU,MN,MN,,NA,6,6,NA,
36976,GALIUM,GALIU,58,NH_NAAMH,,NA,4,4,NA,
36976,GALIUM,GALIU,59,NH_NCZ,,NA,4,4,NA,
36976,GALIUM,GALIU,58,NJ,,NA,5,5,NA,
36976,GALIUM,GALIU,83,NY_GLHL,,NA,5,5,NA,
36976,GALIUM,GALIU,58,NY_NAAMH,,NA,5,5,NA,
36976,GALIUM,GALIU,62,PA_AP,,NA,6,6,NA,
36976,GALIUM,GALIU,60,PA_APG,,NA,4,4,NA,
36976,GALIUM,GALIU,61,PA_APG,,NA,4,4,NA,
36976,GALIUM,GALIU,59,RI_NCZ,,NA,4,4,NA,
36976,GALIUM,GALIU,83,VT_GLHL,,NA,5,5,NA,
36976,GALIUM,GALIU,58,VT_NAAMH,,NA,5,5,NA,
36976,GALIUM,GALIU,WI,WI,,NA,6,6,NA,
37010,GALIUM APARINE,GAAP2,59,CT_NCZ,GALIUM APARINE,2,2,2,0,
37010,GALIUM APARINE,GAAP2,IN,IN,GALIUM APARINE,1,1,1,0,
37010,GALIUM APARINE,GAAP2,59,MA_NCZ,GALIUM APARINE,2,2,2,0,
37010,GALIUM APARINE,GAAP2,58,ME_NAAMH,GALIUM APARINE,2,2,2,0,
37010,GALIUM APARINE,GAAP2,MI,MI,GALIUM APARINE,0,1,0,-1,
37010,GALIUM APARINE,GAAP2,MN,MN,GALIUM APARINE,1,1,1,0,
37010,GALIUM APARINE,GAAP2,58,NH_NAAMH,GALIUM APARINE,2,2,2,0,
37010,GALIUM APARINE,GAAP2,58,NJ,GALIUM APARINE,2,2,2,0,
37010,GALIUM APARINE,GAAP2,83,NY_GLHL,GALIUM APARINE,2,2,2,0,
37010,GALIUM APARINE,GAAP2,61,OH_APG,GALIUM APARINE,2,2,2,0,
37010,GALIUM APARINE,GAAP2,58,VT_NAAMH,GALIUM APARINE,2,2,2,0,
37024,GALIUM ASPRELLUM,GAAS2,58,CT_NAAMH,GALIUM ASPRELLUM,4,4,4,0,
37024,GALIUM ASPRELLUM,GAAS2,59,CT_NCZ,GALIUM ASPRELLUM,4,4,4,0,
37024,GALIUM ASPRELLUM,GAAS2,IN,IN,GALIUM ASPRELLUM,7,7,7,0,
37024,GALIUM ASPRELLUM,GAAS2,59,MA_NCZ,GALIUM ASPRELLUM,4,4,4,0,
37024,GALIUM ASPRELLUM,GAAS2,58,ME_NAAMH,GALIUM ASPRELLUM,4,4,4,0,
37024,GALIUM ASPRELLUM,GAAS2,82,ME_NBPH,GALIUM ASPRELLUM,3,3,3,0,
37024,GALIUM ASPRELLUM,GAAS2,MI,MI,GALIUM ASPRELLUM,5,5,5,0,
37024,GALIUM ASPRELLUM,GAAS2,MN,MN,GALIUM ASPRELLUM,6,6,6,0,
37024,GALIUM ASPRELLUM,GAAS2,58,NH_NAAMH,GALIUM ASPRELLUM,4,4,4,0,
37024,GALIUM ASPRELLUM,GAAS2,58,NJ,GALIUM ASPRELLUM,4,6,4,-2,
37024,GALIUM ASPRELLUM,GAAS2,58,NY_NAAMH,GALIUM ASPRELLUM,4,4,4,0,
37024,GALIUM ASPRELLUM,GAAS2,61,OH_APG,GALIUM ASPRELLUM,7,7,7,0,
37024,GALIUM ASPRELLUM,GAAS2,62,PA_AP,GALIUM ASPRELLUM,7,7,7,0,
37024,GALIUM ASPRELLUM,GAAS2,59,RI_NCZ,GALIUM ASPRELLUM,4,4,4,0,
37024,GALIUM ASPRELLUM,GAAS2,58,VT_NAAMH,GALIUM ASPRELLUM,4,4,4,0,
37024,GALIUM ASPRELLUM,GAAS2,WI,WI,GALIUM ASPRELLUM,7,7,7,0,
37032,GALIUM BOREALE,GABO2,MN,MN,GALIUM BOREALE,4,4,4,0,
37044,GALIUM BREVIPES,GABR6,MI,MI,GALIUM BREVIPES,6,6,6,0,
37065,GALIUM CIRCAEZANS,GACI2,61,OH_APG,GALIUM CIRCAEZANS,6,6,6,0,
37080,GALIUM CONCINNUM,GACO3,MN,MN,GALIUM CONCINNUM,5,5,5,0,
37114,GALIUM HISPIDULUM,GAHI,MI,MI,,NA,0,0,NA,
37133,GALIUM LABRADORICUM,GALA2,MI,MI,GALIUM LABRADORICUM,8,8,8,0,
37133,GALIUM LABRADORICUM,GALA2,MN,MN,GALIUM LABRADORICUM,9,9,9,0,
37133,GALIUM LABRADORICUM,GALA2,WI,WI,GALIUM LABRADORICUM,10,10,10,0,
37153,GALIUM MOLLUGO,GAMO,83,NY_GLHL,GALIUM MOLLUGO,0,0,0,0,
37153,GALIUM MOLLUGO,GAMO,58,VT_NAAMH,GALIUM MOLLUGO,0,0,0,0,
37180,GALIUM OBTUSUM,GAOB,59,CT_NCZ,GALIUM OBTUSUM,5,5,5,0,
37180,GALIUM OBTUSUM,GAOB,IN,IN,,NA,5,5,NA,
37180,GALIUM OBTUSUM,GAOB,59,MA_NCZ,GALIUM OBTUSUM,5,5,5,0,
37180,GALIUM OBTUSUM,GAOB,MI,MI,GALIUM OBTUSUM,5,5,5,0,
37180,GALIUM OBTUSUM,GAOB,83,NY_GLHL,GALIUM OBTUSUM,7,7,7,0,
37180,GALIUM OBTUSUM,GAOB,59,RI_NCZ,GALIUM OBTUSUM,5,5,5,0,
37192,GALIUM PALUSTRE,GAPA3,58,CT_NAAMH,GALIUM PALUSTRE,4,4,4,0,
37192,GALIUM PALUSTRE,GAPA3,59,CT_NCZ,GALIUM PALUSTRE,5,5,5,0,
37192,GALIUM PALUSTRE,GAPA3,59,MA_NCZ,GALIUM PALUSTRE,5,5,5,0,
37192,GALIUM PALUSTRE,GAPA3,58,ME_NAAMH,GALIUM PALUSTRE,4,4,4,0,
37192,GALIUM PALUSTRE,GAPA3,82,ME_NBPH,GALIUM PALUSTRE,4,4,4,0,
37192,GALIUM PALUSTRE,GAPA3,59,ME_NCZ,GALIUM PALUSTRE,5,5,5,0,
37192,GALIUM PALUSTRE,GAPA3,MI,MI,GALIUM PALUSTRE,3,3,3,0,
37192,GALIUM PALUSTRE,GAPA3,58,NH_NAAMH,GALIUM PALUSTRE,4,4,4,0,
37192,GALIUM PALUSTRE,GAPA3,59,NH_NCZ,GALIUM PALUSTRE,5,5,5,0,
37192,GALIUM PALUSTRE,GAPA3,58,NJ,GALIUM PALUSTRE,4,5,4,-1,
37192,GALIUM PALUSTRE,GAPA3,83,NY_GLHL,GALIUM PALUSTRE,4,4,4,0,
37192,GALIUM PALUSTRE,GAPA3,58,NY_NAAMH,GALIUM PALUSTRE,4,4,4,0,
37192,GALIUM PALUSTRE,GAPA3,61,OH_APG,GALIUM PALUSTRE,8,8,8,0,
37192,GALIUM PALUSTRE,GAPA3,62,PA_AP,GALIUM PALUSTRE,8,8,8,0,
37192,GALIUM PALUSTRE,GAPA3,59,RI_NCZ,GALIUM PALUSTRE,5,5,5,0,
37192,GALIUM PALUSTRE,GAPA3,83,VT_GLHL,GALIUM PALUSTRE,4,4,4,0,
37192,GALIUM PALUSTRE,GAPA3,58,VT_NAAMH,GALIUM PALUSTRE,4,4,4,0,
37262,GALIUM TINCTORIUM,GATI,59,CT_NCZ,GALIUM TINCTORIUM,4,4,4,0,
37262,GALIUM TINCTORIUM,GATI,IN,IN,GALIUM TINCTORIUM,6,6,6,0,
37262,GALIUM TINCTORIUM,GATI,58,ME_NAAMH,GALIUM TINCTORIUM,4,4,4,0,
37262,GALIUM TINCTORIUM,GATI,82,ME_NBPH,GALIUM TINCTORIUM,3,3,3,0,
37262,GALIUM TINCTORIUM,GATI,59,ME_NCZ,GALIUM TINCTORIUM,4,4,4,0,
37262,GALIUM TINCTORIUM,GATI,MI,MI,GALIUM TINCTORIUM,5,5,5,0,
37262,GALIUM TINCTORIUM,GATI,MN,MN,GALIUM TINCTORIUM,5,5,5,0,
37262,GALIUM TINCTORIUM,GATI,58,NH_NAAMH,GALIUM TINCTORIUM,4,4,4,0,
37262,GALIUM TINCTORIUM,GATI,59,NH_NCZ,GALIUM TINCTORIUM,4,4,4,0,
37262,GALIUM TINCTORIUM,GATI,58,NJ,GALIUM TINCTORIUM,4,4,4,0,
37262,GALIUM TINCTORIUM,GATI,83,NY_GLHL,GALIUM TINCTORIUM,5,5,5,0,
37262,GALIUM TINCTORIUM,GATI,58,NY_NAAMH,GALIUM TINCTORIUM,4,4,4,0,
37262,GALIUM TINCTORIUM,GATI,62,PA_AP,GALIUM TINCTORIUM,4,4,4,0,
37262,GALIUM TINCTORIUM,GATI,61,PA_APG,GALIUM TINCTORIUM,4,4,4,0,
37262,GALIUM TINCTORIUM,GATI,83,PA_OTH,GALIUM TINCTORIUM,5,4,5,1,
37262,GALIUM TINCTORIUM,GATI,59,RI_NCZ,GALIUM TINCTORIUM,4,4,4,0,
37262,GALIUM TINCTORIUM,GATI,83,VT_GLHL,GALIUM TINCTORIUM,5,5,5,0,
37262,GALIUM TINCTORIUM,GATI,58,VT_NAAMH,GALIUM TINCTORIUM,4,4,4,0,
37262,GALIUM TINCTORIUM,GATI,WI,WI,GALIUM TINCTORIUM,5,5,5,0,
37273,GALIUM TRIFIDUM,GATR2,59,MA_NCZ,GALIUM TRIFIDUM,6,6,6,0,
37273,GALIUM TRIFIDUM,GATR2,58,ME_NAAMH,GALIUM TRIFIDUM,5,5,5,0,
37273,GALIUM TRIFIDUM,GATR2,82,ME_NBPH,GALIUM TRIFIDUM,4,4,4,0,
37273,GALIUM TRIFIDUM,GATR2,MI,MI,GALIUM TRIFIDUM,6,6,6,0,
37273,GALIUM TRIFIDUM,GATR2,MN,MN,,NA,6,6,NA,
37273,GALIUM TRIFIDUM,GATR2,83,NY_GLHL,GALIUM TRIFIDUM,6,6,6,0,
37273,GALIUM TRIFIDUM,GATR2,58,NY_NAAMH,GALIUM TRIFIDUM,5,5,5,0,
37273,GALIUM TRIFIDUM,GATR2,61,PA_APG,GALIUM TRIFIDUM,8,8,8,0,
37273,GALIUM TRIFIDUM,GATR2,59,RI_NCZ,GALIUM TRIFIDUM,6,6,6,0,
37273,GALIUM TRIFIDUM,GATR2,58,VT_NAAMH,GALIUM TRIFIDUM,5,5,5,0,
37273,GALIUM TRIFIDUM,GATR2,WI,WI,GALIUM TRIFIDUM,6,6,6,0,
37280,GALIUM TRIFIDUM SSP. TRIFIDUM,GATRT5,59,MA_NCZ,,NA,6,6,NA,
37280,GALIUM TRIFIDUM SSP. TRIFIDUM,GATRT5,82,ME_NBPH,,NA,4,4,NA,
37280,GALIUM TRIFIDUM SSP. TRIFIDUM,GATRT5,MN,MN,,NA,6,6,NA,
37280,GALIUM TRIFIDUM SSP. TRIFIDUM,GATRT5,58,NH_NAAMH,,NA,5,5,NA,
37287,GALIUM TRIFLORUM,GATR3,58,CT_NAAMH,GALIUM TRIFLORUM,6,6,6,0,
37287,GALIUM TRIFLORUM,GATR3,IN,IN,GALIUM TRIFLORUM,5,5,5,0,
37287,GALIUM TRIFLORUM,GATR3,58,ME_NAAMH,GALIUM TRIFLORUM,6,6,6,0,
37287,GALIUM TRIFLORUM,GATR3,82,ME_NBPH,GALIUM TRIFLORUM,6,6,6,0,
37287,GALIUM TRIFLORUM,GATR3,MI,MI,GALIUM TRIFLORUM,4,4,4,0,
37287,GALIUM TRIFLORUM,GATR3,MN,MN,GALIUM TRIFLORUM,4,4,4,0,
37287,GALIUM TRIFLORUM,GATR3,83,NY_GLHL,GALIUM TRIFLORUM,6,6,6,0,
37287,GALIUM TRIFLORUM,GATR3,61,OH_APG,GALIUM TRIFLORUM,5,5,5,0,
37287,GALIUM TRIFLORUM,GATR3,61,PA_APG,GALIUM TRIFLORUM,5,5,5,0,
37287,GALIUM TRIFLORUM,GATR3,83,PA_OTH,GALIUM TRIFLORUM,6,5,6,1,
37287,GALIUM TRIFLORUM,GATR3,83,VT_GLHL,GALIUM TRIFLORUM,6,6,6,0,
37287,GALIUM TRIFLORUM,GATR3,WI,WI,GALIUM TRIFLORUM,5,5,5,0,
37417,GAULTHERIA HISPIDULA,GAHI2,58,ME_NAAMH,GAULTHERIA HISPIDULA,7,7,7,0,
37417,GAULTHERIA HISPIDULA,GAHI2,82,ME_NBPH,GAULTHERIA HISPIDULA,6,6,6,0,
37417,GAULTHERIA HISPIDULA,GAHI2,MI,MI,GAULTHERIA HISPIDULA,8,8,8,0,
37417,GAULTHERIA HISPIDULA,GAHI2,MN,MN,GAULTHERIA HISPIDULA,8,8,8,0,
37417,GAULTHERIA HISPIDULA,GAHI2,58,NH_NAAMH,GAULTHERIA HISPIDULA,7,7,7,0,
37417,GAULTHERIA HISPIDULA,GAHI2,58,NY_NAAMH,GAULTHERIA HISPIDULA,7,7,7,0,
37417,GAULTHERIA HISPIDULA,GAHI2,60,NY_OTH,GAULTHERIA HISPIDULA,10,7,10,3,
37417,GAULTHERIA HISPIDULA,GAHI2,58,VT_NAAMH,GAULTHERIA HISPIDULA,7,7,7,0,
37417,GAULTHERIA HISPIDULA,GAHI2,WI,WI,GAULTHERIA HISPIDULA,8,8,8,0,
37421,GAULTHERIA PROCUMBENS,GAPR2,59,CT_NCZ,GAULTHERIA PROCUMBENS,5,5,5,0,
37421,GAULTHERIA PROCUMBENS,GAPR2,58,ME_NAAMH,GAULTHERIA PROCUMBENS,4,4,4,0,
37421,GAULTHERIA PROCUMBENS,GAPR2,82,ME_NBPH,GAULTHERIA PROCUMBENS,4,4,4,0,
37421,GAULTHERIA PROCUMBENS,GAPR2,59,ME_NCZ,GAULTHERIA PROCUMBENS,5,5,5,0,
37421,GAULTHERIA PROCUMBENS,GAPR2,MI,MI,GAULTHERIA PROCUMBENS,5,5,5,0,
37421,GAULTHERIA PROCUMBENS,GAPR2,58,NH_NAAMH,GAULTHERIA PROCUMBENS,4,4,4,0,
37421,GAULTHERIA PROCUMBENS,GAPR2,58,NY_NAAMH,GAULTHERIA PROCUMBENS,4,4,4,0,
37421,GAULTHERIA PROCUMBENS,GAPR2,62,PA_AP,GAULTHERIA PROCUMBENS,8,8,8,0,
37421,GAULTHERIA PROCUMBENS,GAPR2,WI,WI,GAULTHERIA PROCUMBENS,6,6,6,0,
37491,GAYLUSSACIA BACCATA,GABA,59,MA_NCZ,GAYLUSSACIA BACCATA,6,6,6,0,
37491,GAYLUSSACIA BACCATA,GABA,82,ME_NBPH,GAYLUSSACIA BACCATA,5,5,5,0,
37491,GAYLUSSACIA BACCATA,GABA,MI,MI,GAYLUSSACIA BACCATA,7,7,7,0,
37491,GAYLUSSACIA BACCATA,GABA,58,NH_NAAMH,GAYLUSSACIA BACCATA,6,6,6,0,
37491,GAYLUSSACIA BACCATA,GABA,62,PA_AP,GAYLUSSACIA BACCATA,8,8,8,0,
37491,GAYLUSSACIA BACCATA,GABA,59,RI_NCZ,GAYLUSSACIA BACCATA,6,6,6,0,
37491,GAYLUSSACIA BACCATA,GABA,83,VT_GLHL,GAYLUSSACIA BACCATA,6,6,6,0,
37491,GAYLUSSACIA BACCATA,GABA,WI,WI,GAYLUSSACIA BACCATA,6,6,6,0,
37492,GAYLUSSACIA BRACHYCERA,GABR5,62,PA_AP,GAYLUSSACIA BRACHYCERA,9,9,9,0,
37493,GAYLUSSACIA DUMOSA,GADU,82,ME_NBPH,GAYLUSSACIA DUMOSA,8,8,8,0,
37495,GAYLUSSACIA FRONDOSA,GAFR2,59,RI_NCZ,GAYLUSSACIA FRONDOSA,6,6,6,0,
37565,GENTIANA,GENTI,WI,WI,,NA,7,7,NA,
37633,GENTIANA LINEARIS,GELI3,58,NH_NAAMH,GENTIANA LINEARIS,5,5,5,0,
37633,GENTIANA LINEARIS,GELI3,58,NY_NAAMH,GENTIANA LINEARIS,5,5,5,0,
37670,GENTIANA RUBRICAULIS,GERU,MI,MI,GENTIANA RUBRICAULIS,7,7,7,0,
37771,GEOCAULON LIVIDUM,GELI2,MI,MI,GEOCAULON LIVIDUM,9,9,9,0,
37792,GERANIUM,GERAN,82,ME_NBPH,,NA,Und,Und,NA,
37809,GERANIUM CAROLINIANUM,GECA5,WI,WI,GERANIUM CAROLINIANUM,3,3,3,0,
37847,GERANIUM MACULATUM,GEMA,59,CT_NCZ,GERANIUM MACULATUM,4,4,4,0,
37847,GERANIUM MACULATUM,GEMA,MI,MI,GERANIUM MACULATUM,4,4,4,0,
37847,GERANIUM MACULATUM,GEMA,MN,MN,GERANIUM MACULATUM,4,4,4,0,
37847,GERANIUM MACULATUM,GEMA,58,NJ,GERANIUM MACULATUM,5,5,5,0,
37847,GERANIUM MACULATUM,GEMA,83,NY_GLHL,GERANIUM MACULATUM,5,5,5,0,
37847,GERANIUM MACULATUM,GEMA,62,PA_AP,GERANIUM MACULATUM,5,5,5,0,
37877,GERANIUM ROBERTIANUM,GERO,MI,MI,GERANIUM ROBERTIANUM,3,3,3,0,
38012,GEUM,GEUM,59,CT_NCZ,,NA,7,7,NA,
38012,GEUM,GEUM,MI,MI,,NA,4,4,NA,
38012,GEUM,GEUM,MN,MN,,NA,5,5,NA,
38012,GEUM,GEUM,58,NJ,,NA,6,6,NA,
38012,GEUM,GEUM,83,NY_GLHL,,NA,6,6,NA,
38012,GEUM,GEUM,62,PA_AP,,NA,6,6,NA,
38012,GEUM,GEUM,61,PA_APG,,NA,6,6,NA,
38012,GEUM,GEUM,59,RI_NCZ,,NA,7,7,NA,
38020,GEUM ALEPPICUM,GEAL3,MI,MI,GEUM ALEPPICUM,3,3,3,0,
38020,GEUM ALEPPICUM,GEAL3,MN,MN,GEUM ALEPPICUM,3,3,3,0,
38020,GEUM ALEPPICUM,GEAL3,58,VT_NAAMH,GEUM ALEPPICUM,4,4,4,0,
38020,GEUM ALEPPICUM,GEAL3,WI,WI,GEUM ALEPPICUM,3,3,3,0,
38025,GEUM CANADENSE,GECA7,58,CT_NAAMH,GEUM CANADENSE,4,4,4,0,
38025,GEUM CANADENSE,GECA7,59,CT_NCZ,GEUM CANADENSE,4,4,4,0,
38025,GEUM CANADENSE,GECA7,IN,IN,GEUM CANADENSE,1,1,1,0,
38025,GEUM CANADENSE,GECA7,MI,MI,GEUM CANADENSE,1,1,1,0,
38025,GEUM CANADENSE,GECA7,MN,MN,GEUM CANADENSE,2,2,2,0,
38025,GEUM CANADENSE,GECA7,58,NJ,GEUM CANADENSE,4,5,4,-1,
38025,GEUM CANADENSE,GECA7,83,NY_GLHL,GEUM CANADENSE,4,4,4,0,
38025,GEUM CANADENSE,GECA7,61,OH_APG,GEUM CANADENSE,3,3,3,0,
38025,GEUM CANADENSE,GECA7,62,PA_AP,GEUM CANADENSE,3,3,3,0,
38025,GEUM CANADENSE,GECA7,61,PA_APG,GEUM CANADENSE,3,3,3,0,
38025,GEUM CANADENSE,GECA7,59,RI_NCZ,GEUM CANADENSE,4,4,4,0,
38025,GEUM CANADENSE,GECA7,58,VT_NAAMH,GEUM CANADENSE,4,4,4,0,
38025,GEUM CANADENSE,GECA7,WI,WI,GEUM CANADENSE,2,2,2,0,
38028,GEUM CANADENSE VAR. CANADENSE,GECAC6,59,MA_NCZ,,NA,4,4,NA,
38028,GEUM CANADENSE VAR. CANADENSE,GECAC6,83,VT_GLHL,,NA,4,4,NA,
38028,GEUM CANADENSE VAR. CANADENSE,GECAC6,58,VT_NAAMH,,NA,4,4,NA,
38039,GEUM LACINIATUM,GELA,IN,IN,GEUM LACINIATUM,3,3,3,0,
38039,GEUM LACINIATUM,GELA,MI,MI,GEUM LACINIATUM,2,2,2,0,
38039,GEUM LACINIATUM,GELA,MN,MN,GEUM LACINIATUM,4,4,4,0,
38039,GEUM LACINIATUM,GELA,58,NH_NAAMH,GEUM LACINIATUM,4,4,4,0,
38039,GEUM LACINIATUM,GELA,WI,WI,GEUM LACINIATUM,5,5,5,0,
38042,GEUM MACROPHYLLUM,GEMA4,MI,MI,GEUM MACROPHYLLUM,5,5,5,0,
38042,GEUM MACROPHYLLUM,GEMA4,WI,WI,GEUM MACROPHYLLUM,6,6,6,0,
38045,GEUM MACROPHYLLUM VAR. PERINCISUM,GEMAP,MN,MN,,NA,5,5,NA,
38053,GEUM RIVALE,GERI2,MI,MI,GEUM RIVALE,7,7,7,0,
38053,GEUM RIVALE,GERI2,MN,MN,GEUM RIVALE,8,8,8,0,
38053,GEUM RIVALE,GERI2,58,NH_NAAMH,GEUM RIVALE,6,6,6,0,
38053,GEUM RIVALE,GERI2,83,NY_GLHL,GEUM RIVALE,7,7,7,0,
38053,GEUM RIVALE,GERI2,83,VT_GLHL,GEUM RIVALE,7,7,7,0,
38053,GEUM RIVALE,GERI2,58,VT_NAAMH,GEUM RIVALE,6,6,6,0,
38053,GEUM RIVALE,GERI2,WI,WI,GEUM RIVALE,8,8,8,0,
38067,GEUM URBANUM,GEUR,83,NY_GLHL,,NA,0,0,NA,
38436,GLECHOMA HEDERACEA,GLHE2,IN,IN,GLECHOMA HEDERACEA,0,0,0,0,
38436,GLECHOMA HEDERACEA,GLHE2,MN,MN,GLECHOMA HEDERACEA,0,0,0,0,
38436,GLECHOMA HEDERACEA,GLHE2,58,NJ,GLECHOMA HEDERACEA,0,0,0,0,
38436,GLECHOMA HEDERACEA,GLHE2,59,RI_NCZ,GLECHOMA HEDERACEA,0,0,0,0,
38436,GLECHOMA HEDERACEA,GLHE2,58,VT_NAAMH,GLECHOMA HEDERACEA,0,0,0,0,
38506,GLYCERIA,GLYCE,MI,MI,,NA,7,7,NA,
38506,GLYCERIA,GLYCE,MN,MN,,NA,7,7,NA,
38506,GLYCERIA,GLYCE,83,NY_GLHL,,NA,6,6,NA,
38510,GLYCERIA ACUTIFLORA,GLAC,59,RI_NCZ,GLYCERIA ACUTIFLORA,7,7,7,0,
38512,GLYCERIA BOREALIS,GLBO,59,MA_NCZ,GLYCERIA BOREALIS,7,7,7,0,
38512,GLYCERIA BOREALIS,GLBO,58,ME_NAAMH,GLYCERIA BOREALIS,6,6,6,0,
38512,GLYCERIA BOREALIS,GLBO,82,ME_NBPH,GLYCERIA BOREALIS,6,6,6,0,
38512,GLYCERIA BOREALIS,GLBO,MI,MI,GLYCERIA BOREALIS,6,6,6,0,
38512,GLYCERIA BOREALIS,GLBO,MN,MN,GLYCERIA BOREALIS,8,8,8,0,
38512,GLYCERIA BOREALIS,GLBO,58,NH_NAAMH,GLYCERIA BOREALIS,6,6,6,0,
38512,GLYCERIA BOREALIS,GLBO,59,NH_NCZ,GLYCERIA BOREALIS,7,7,7,0,
38512,GLYCERIA BOREALIS,GLBO,58,VT_NAAMH,GLYCERIA BOREALIS,6,6,6,0,
38512,GLYCERIA BOREALIS,GLBO,WI,WI,GLYCERIA BOREALIS,8,8,8,0,
38515,GLYCERIA CANADENSIS,GLCA,58,CT_NAAMH,GLYCERIA CANADENSIS,4,4,4,0,
38515,GLYCERIA CANADENSIS,GLCA,59,CT_NCZ,GLYCERIA CANADENSIS,6,6,6,0,
38515,GLYCERIA CANADENSIS,GLCA,59,MA_NCZ,GLYCERIA CANADENSIS,6,6,6,0,
38515,GLYCERIA CANADENSIS,GLCA,58,ME_NAAMH,GLYCERIA CANADENSIS,4,4,4,0,
38515,GLYCERIA CANADENSIS,GLCA,82,ME_NBPH,GLYCERIA CANADENSIS,4,4,4,0,
38515,GLYCERIA CANADENSIS,GLCA,59,ME_NCZ,GLYCERIA CANADENSIS,6,6,6,0,
38515,GLYCERIA CANADENSIS,GLCA,MI,MI,GLYCERIA CANADENSIS,8,8,8,0,
38515,GLYCERIA CANADENSIS,GLCA,MN,MN,GLYCERIA CANADENSIS,7,7,7,0,
38515,GLYCERIA CANADENSIS,GLCA,58,NH_NAAMH,GLYCERIA CANADENSIS,4,4,4,0,
38515,GLYCERIA CANADENSIS,GLCA,59,NH_NCZ,GLYCERIA CANADENSIS,6,6,6,0,
38515,GLYCERIA CANADENSIS,GLCA,83,NY_GLHL,GLYCERIA CANADENSIS,6,6,6,0,
38515,GLYCERIA CANADENSIS,GLCA,58,NY_NAAMH,GLYCERIA CANADENSIS,4,4,4,0,
38515,GLYCERIA CANADENSIS,GLCA,62,PA_AP,GLYCERIA CANADENSIS,8,8,8,0,
38515,GLYCERIA CANADENSIS,GLCA,60,PA_APG,GLYCERIA CANADENSIS,8,8,8,0,
38515,GLYCERIA CANADENSIS,GLCA,61,PA_APG,GLYCERIA CANADENSIS,8,8,8,0,
38515,GLYCERIA CANADENSIS,GLCA,59,RI_NCZ,GLYCERIA CANADENSIS,6,6,6,0,
38515,GLYCERIA CANADENSIS,GLCA,83,VT_GLHL,GLYCERIA CANADENSIS,6,6,6,0,
38515,GLYCERIA CANADENSIS,GLCA,58,VT_NAAMH,GLYCERIA CANADENSIS,4,4,4,0,
38515,GLYCERIA CANADENSIS,GLCA,WI,WI,GLYCERIA CANADENSIS,7,7,7,0,
38522,GLYCERIA GRANDIS,GLGR,58,CT_NAAMH,GLYCERIA GRANDIS,4,4,4,0,
38522,GLYCERIA GRANDIS,GLGR,58,ME_NAAMH,GLYCERIA GRANDIS,4,4,4,0,
38522,GLYCERIA GRANDIS,GLGR,MN,MN,,NA,6,6,NA,
38522,GLYCERIA GRANDIS,GLGR,58,NH_NAAMH,GLYCERIA GRANDIS,4,4,4,0,
38522,GLYCERIA GRANDIS,GLGR,61,PA_APG,GLYCERIA GRANDIS,8,8,8,0,
38522,GLYCERIA GRANDIS,GLGR,83,VT_GLHL,GLYCERIA GRANDIS,4,4,4,0,
38522,GLYCERIA GRANDIS,GLGR,58,VT_NAAMH,GLYCERIA GRANDIS,4,4,4,0,
38522,GLYCERIA GRANDIS,GLGR,WI,WI,GLYCERIA GRANDIS,6,6,6,0,
38523,GLYCERIA GRANDIS VAR. GRANDIS,GLGRG,MN,MN,,NA,6,6,NA,
38523,GLYCERIA GRANDIS VAR. GRANDIS,GLGRG,58,NH_NAAMH,,NA,4,4,NA,
38523,GLYCERIA GRANDIS VAR. GRANDIS,GLGRG,83,NY_GLHL,,NA,4,4,NA,
38523,GLYCERIA GRANDIS VAR. GRANDIS,GLGRG,58,VT_NAAMH,,NA,4,4,NA,
38532,GLYCERIA MELICARIA,GLME2,59,CT_NCZ,GLYCERIA MELICARIA,6,6,6,0,
38532,GLYCERIA MELICARIA,GLME2,58,MA_NAAMH,GLYCERIA MELICARIA,6,6,6,0,
38532,GLYCERIA MELICARIA,GLME2,58,ME_NAAMH,GLYCERIA MELICARIA,6,6,6,0,
38532,GLYCERIA MELICARIA,GLME2,58,NH_NAAMH,GLYCERIA MELICARIA,6,6,6,0,
38532,GLYCERIA MELICARIA,GLME2,83,NY_GLHL,GLYCERIA MELICARIA,7,7,7,0,
38532,GLYCERIA MELICARIA,GLME2,58,VT_NAAMH,GLYCERIA MELICARIA,6,6,6,0,
38535,GLYCERIA OBTUSA,GLOB,82,ME_NBPH,GLYCERIA OBTUSA,6,6,6,0,
38542,GLYCERIA SEPTENTRIONALIS,GLSE3,IN,IN,GLYCERIA SEPTENTRIONALIS,7,7,7,0,
38542,GLYCERIA SEPTENTRIONALIS,GLSE3,MN,MN,,NA,8,8,NA,
38542,GLYCERIA SEPTENTRIONALIS,GLSE3,61,OH_APG,GLYCERIA SEPTENTRIONALIS,7,7,7,0,
38542,GLYCERIA SEPTENTRIONALIS,GLSE3,59,RI_NCZ,GLYCERIA SEPTENTRIONALIS,6,6,6,0,
38545,GLYCERIA STRIATA,GLST,58,CT_NAAMH,GLYCERIA STRIATA,4,4,4,0,
38545,GLYCERIA STRIATA,GLST,59,CT_NCZ,GLYCERIA STRIATA,5,5,5,0,
38545,GLYCERIA STRIATA,GLST,IN,IN,GLYCERIA STRIATA,4,4,4,0,
38545,GLYCERIA STRIATA,GLST,59,MA_NCZ,GLYCERIA STRIATA,5,5,5,0,
38545,GLYCERIA STRIATA,GLST,58,ME_NAAMH,GLYCERIA STRIATA,4,4,4,0,
38545,GLYCERIA STRIATA,GLST,82,ME_NBPH,GLYCERIA STRIATA,3,3,3,0,
38545,GLYCERIA STRIATA,GLST,MI,MI,GLYCERIA STRIATA,4,4,4,0,
38545,GLYCERIA STRIATA,GLST,MN,MN,GLYCERIA STRIATA,4,4,4,0,
38545,GLYCERIA STRIATA,GLST,58,NH_NAAMH,GLYCERIA STRIATA,4,4,4,0,
38545,GLYCERIA STRIATA,GLST,59,NH_NCZ,GLYCERIA STRIATA,5,5,5,0,
38545,GLYCERIA STRIATA,GLST,58,NJ,GLYCERIA STRIATA,4,4,4,0,
38545,GLYCERIA STRIATA,GLST,83,NY_GLHL,GLYCERIA STRIATA,5,5,5,0,
38545,GLYCERIA STRIATA,GLST,61,OH_APG,GLYCERIA STRIATA,5,5,5,0,
38545,GLYCERIA STRIATA,GLST,60,PA_APG,GLYCERIA STRIATA,5,5,5,0,
38545,GLYCERIA STRIATA,GLST,61,PA_APG,GLYCERIA STRIATA,5,5,5,0,
38545,GLYCERIA STRIATA,GLST,59,RI_NCZ,GLYCERIA STRIATA,5,5,5,0,
38545,GLYCERIA STRIATA,GLST,83,VT_GLHL,GLYCERIA STRIATA,5,5,5,0,
38545,GLYCERIA STRIATA,GLST,58,VT_NAAMH,GLYCERIA STRIATA,4,4,4,0,
38545,GLYCERIA STRIATA,GLST,WI,WI,GLYCERIA STRIATA,4,4,4,0,
38797,GOODYERA PUBESCENS,GOPU,MI,MI,GOODYERA PUBESCENS,7,7,7,0,
38801,GOODYERA TESSELATA,GOTE,58,ME_NAAMH,GOODYERA TESSELATA,7,7,7,0,
38801,GOODYERA TESSELATA,GOTE,MN,MN,GOODYERA TESSELATA,7,7,7,0,
90782,GRAMINOID (GRASS OR GRASSLIKE),2GRAM,MI,MI,,NA,Und,Und,NA,
90782,GRAMINOID (GRASS OR GRASSLIKE),2GRAM,61,PA_APG,,NA,Und,Und,NA,
90782,GRAMINOID (GRASS OR GRASSLIKE),2GRAM,WI,WI,,NA,Und,Und,NA,
39061,GRATIOLA NEGLECTA,GRNE,IN,IN,GRATIOLA NEGLECTA,4,4,4,0,
39536,GYMNOCARPIUM DRYOPTERIS,GYDR,58,ME_NAAMH,GYMNOCARPIUM DRYOPTERIS,6,6,6,0,
39536,GYMNOCARPIUM DRYOPTERIS,GYDR,82,ME_NBPH,GYMNOCARPIUM DRYOPTERIS,6,6,6,0,
39536,GYMNOCARPIUM DRYOPTERIS,GYDR,MI,MI,GYMNOCARPIUM DRYOPTERIS,5,5,5,0,
39536,GYMNOCARPIUM DRYOPTERIS,GYDR,MN,MN,GYMNOCARPIUM DRYOPTERIS,6,6,6,0,
39536,GYMNOCARPIUM DRYOPTERIS,GYDR,58,NH_NAAMH,GYMNOCARPIUM DRYOPTERIS,6,6,6,0,
39536,GYMNOCARPIUM DRYOPTERIS,GYDR,83,VT_GLHL,GYMNOCARPIUM DRYOPTERIS,7,7,7,0,
39536,GYMNOCARPIUM DRYOPTERIS,GYDR,58,VT_NAAMH,GYMNOCARPIUM DRYOPTERIS,6,6,6,0,
39536,GYMNOCARPIUM DRYOPTERIS,GYDR,WI,WI,GYMNOCARPIUM DRYOPTERIS,7,7,7,0,
39801,HACKELIA VIRGINIANA,HAVI2,IN,IN,HACKELIA VIRGINIANA,0,1,0,-1,
39801,HACKELIA VIRGINIANA,HAVI2,58,NJ,HACKELIA VIRGINIANA,5,3,5,2,
39801,HACKELIA VIRGINIANA,HAVI2,WI,WI,HACKELIA VIRGINIANA,3,3,3,0,
39855,HALENIA DEFLEXA,HADE2,MN,MN,HALENIA DEFLEXA,6,6,6,0,
39918,HAMAMELIS VIRGINIANA,HAVI4,59,CT_NCZ,HAMAMELIS VIRGINIANA,6,6,6,0,
39918,HAMAMELIS VIRGINIANA,HAVI4,59,MA_NCZ,HAMAMELIS VIRGINIANA,6,6,6,0,
39918,HAMAMELIS VIRGINIANA,HAVI4,59,ME_NCZ,HAMAMELIS VIRGINIANA,6,6,6,0,
39918,HAMAMELIS VIRGINIANA,HAVI4,58,NH_NAAMH,HAMAMELIS VIRGINIANA,5,5,5,0,
39918,HAMAMELIS VIRGINIANA,HAVI4,58,NJ,HAMAMELIS VIRGINIANA,5,6,5,-1,
39918,HAMAMELIS VIRGINIANA,HAVI4,62,PA_AP,HAMAMELIS VIRGINIANA,5,5,5,0,
39918,HAMAMELIS VIRGINIANA,HAVI4,59,RI_NCZ,HAMAMELIS VIRGINIANA,6,6,6,0,
39918,HAMAMELIS VIRGINIANA,HAVI4,58,VT_NAAMH,HAMAMELIS VIRGINIANA,5,5,5,0,
40303,HEDEOMA HISPIDA,HEHI,WI,WI,HEDEOMA HISPIDA,1,1,1,0,
40747,HELIANTHUS GIGANTEUS,HEGI,MI,MI,HELIANTHUS GIGANTEUS,5,5,5,0,
40747,HELIANTHUS GIGANTEUS,HEGI,WI,WI,HELIANTHUS GIGANTEUS,4,4,4,0,
40752,HELIANTHUS GROSSESERRATUS,HEGR4,MN,MN,HELIANTHUS GROSSESERRATUS,3,3,3,0,
40786,HELIANTHUS OCCIDENTALIS,HEOC2,WI,WI,HELIANTHUS OCCIDENTALIS,6,6,6,0,
41128,HEPATICA NOBILIS,HENO2,MI,MI,,NA,9,9,NA,
41129,HEPATICA NOBILIS VAR. ACUTA,HENOA,83,VT_GLHL,HEPATICA NOBILIS VAR. ACUTA,7,7,7,0,
41130,HEPATICA NOBILIS VAR. OBTUSA,HENOO,MI,MI,,NA,6,6,NA,
41130,HEPATICA NOBILIS VAR. OBTUSA,HENOO,MN,MN,,NA,7,7,NA,
41237,HESPERIS MATRONALIS,HEMA3,83,NY_GLHL,HESPERIS MATRONALIS,0,0,0,0,
41237,HESPERIS MATRONALIS,HEMA3,60,PA_APG,,NA,0,0,NA,
41742,HIBISCUS MOSCHEUTOS,HIMO,59,CT_NCZ,HIBISCUS MOSCHEUTOS,7,7,7,0,
41805,HIERACIUM,HIERA,MI,MI,,NA,0,0,NA,
41805,HIERACIUM,HIERA,58,NH_NAAMH,,NA,Und,Und,NA,
41805,HIERACIUM,HIERA,WI,WI,,NA,0,0,NA,
41840,HIERACIUM AURANTIACUM,HIAU,58,ME_NAAMH,HIERACIUM AURANTIACUM,0,0,0,0,
41840,HIERACIUM AURANTIACUM,HIAU,MI,MI,HIERACIUM AURANTIACUM,0,0,0,0,
41843,HIERACIUM CAESPITOSUM,HICA10,WI,WI,HIERACIUM CAESPITOSUM,0,0,0,0,
41886,HIERACIUM LACHENALII,HILA8,58,ME_NAAMH,HIERACIUM LACHENALII,0,0,0,0,
41886,HIERACIUM LACHENALII,HILA8,82,ME_NBPH,HIERACIUM LACHENALII,0,0,0,0,
41902,HIERACIUM PILOSELLA,HIPI,58,ME_NAAMH,HIERACIUM PILOSELLA,0,0,0,0,
41905,HIERACIUM PILOSELLOIDES,HIPI2,58,NH_NAAMH,HIERACIUM PILOSELLOIDES,0,0,0,0,
41925,HIERACIUM SCABRUM,HISC,58,ME_NAAMH,HIERACIUM SCABRUM,4,4,4,0,
42104,HOLCUS LANATUS,HOLA,MI,MI,HOLCUS LANATUS,0,0,0,0,
42104,HOLCUS LANATUS,HOLA,61,PA_APG,,NA,0,0,NA,
42104,HOLCUS LANATUS,HOLA,59,RI_NCZ,HOLCUS LANATUS,0,0,0,0,
42436,HOUSTONIA CAERULEA,HOCA4,58,NH_NAAMH,HOUSTONIA CAERULEA,2,2,2,0,
42560,HUMULUS LUPULUS,HULU,MN,MN,HUMULUS LUPULUS,3,3,3,0,
42560,HUMULUS LUPULUS,HULU,WI,WI,HUMULUS LUPULUS,3,3,3,0,
42562,HUMULUS LUPULUS VAR. LUPULOIDES,HULUL,58,VT_NAAMH,HUMULUS LUPULUS VAR. LUPULOIDES,3,3,3,0,
42571,HUPERZIA,HUPER,MI,MI,,NA,10,10,NA,
42593,HUPERZIA LUCIDULA,HULU2,58,MA_NAAMH,HUPERZIA LUCIDULA,6,6,6,0,
42593,HUPERZIA LUCIDULA,HULU2,MI,MI,HUPERZIA LUCIDULA,5,5,5,0,
42593,HUPERZIA LUCIDULA,HULU2,MN,MN,HUPERZIA LUCIDULA,7,7,7,0,
42593,HUPERZIA LUCIDULA,HULU2,WI,WI,HUPERZIA LUCIDULA,7,7,7,0,
42603,HUPERZIA SELAGO,HUSE,MN,MN,,NA,10,10,NA,
42603,HUPERZIA SELAGO,HUSE,WI,WI,HUPERZIA SELAGO,10,10,10,0,
42683,HYDROCHARIS MORSUS-RANAE,HYMO6,83,NY_GLHL,,NA,0,0,NA,
42683,HYDROCHARIS MORSUS-RANAE,HYMO6,83,VT_GLHL,,NA,0,0,NA,
42688,HYDROCOTYLE,HYDRO2,59,NH_NCZ,,NA,Und,Und,NA,
42689,HYDROCOTYLE AMERICANA,HYAM,59,CT_NCZ,HYDROCOTYLE AMERICANA,4,4,4,0,
42689,HYDROCOTYLE AMERICANA,HYAM,59,MA_NCZ,HYDROCOTYLE AMERICANA,4,4,4,0,
42689,HYDROCOTYLE AMERICANA,HYAM,58,ME_NAAMH,HYDROCOTYLE AMERICANA,5,5,5,0,
42689,HYDROCOTYLE AMERICANA,HYAM,MI,MI,HYDROCOTYLE AMERICANA,6,6,6,0,
42689,HYDROCOTYLE AMERICANA,HYAM,83,NY_GLHL,HYDROCOTYLE AMERICANA,5,5,5,0,
42689,HYDROCOTYLE AMERICANA,HYAM,58,NY_NAAMH,HYDROCOTYLE AMERICANA,5,5,5,0,
42689,HYDROCOTYLE AMERICANA,HYAM,83,VT_GLHL,HYDROCOTYLE AMERICANA,5,5,5,0,
42689,HYDROCOTYLE AMERICANA,HYAM,58,VT_NAAMH,HYDROCOTYLE AMERICANA,5,5,5,0,
42834,HYLOTELEPHIUM TELEPHIOIDES,HYTE9,59,CT_NCZ,HYLOTELEPHIUM TELEPHIOIDES,8,8,8,0,
43089,HYPERICUM,HYPER,58,ME_NAAMH,,NA,5,5,NA,
43089,HYPERICUM,HYPER,MI,MI,,NA,6,6,NA,
43089,HYPERICUM,HYPER,58,NH_NAAMH,,NA,5,5,NA,
43089,HYPERICUM,HYPER,61,PA_APG,,NA,7,7,NA,
43089,HYPERICUM,HYPER,58,VT_NAAMH,,NA,5,5,NA,
43089,HYPERICUM,HYPER,WI,WI,,NA,6,6,NA,
43100,HYPERICUM ASCYRON,HYAS80,MI,MI,HYPERICUM ASCYRON,8,8,8,0,
43106,HYPERICUM BOREALE,HYBO2,58,ME_NAAMH,HYPERICUM BOREALE,5,5,5,0,
43106,HYPERICUM BOREALE,HYBO2,82,ME_NBPH,HYPERICUM BOREALE,6,6,6,0,
43106,HYPERICUM BOREALE,HYBO2,83,NY_GLHL,HYPERICUM BOREALE,6,6,6,0,
43106,HYPERICUM BOREALE,HYBO2,58,NY_NAAMH,HYPERICUM BOREALE,5,5,5,0,
43106,HYPERICUM BOREALE,HYBO2,WI,WI,HYPERICUM BOREALE,6,6,6,0,
43110,HYPERICUM CANADENSE,HYCA7,59,CT_NCZ,HYPERICUM CANADENSE,5,5,5,0,
43110,HYPERICUM CANADENSE,HYCA7,82,ME_NBPH,HYPERICUM CANADENSE,5,5,5,0,
43110,HYPERICUM CANADENSE,HYCA7,83,NY_GLHL,HYPERICUM CANADENSE,5,5,5,0,
43110,HYPERICUM CANADENSE,HYCA7,59,RI_NCZ,HYPERICUM CANADENSE,5,5,5,0,
43134,HYPERICUM ELLIPTICUM,HYEL,58,ME_NAAMH,HYPERICUM ELLIPTICUM,4,4,4,0,
43134,HYPERICUM ELLIPTICUM,HYEL,58,NH_NAAMH,HYPERICUM ELLIPTICUM,4,4,4,0,
43134,HYPERICUM ELLIPTICUM,HYEL,62,PA_AP,HYPERICUM ELLIPTICUM,8,8,8,0,
43134,HYPERICUM ELLIPTICUM,HYEL,58,VT_NAAMH,HYPERICUM ELLIPTICUM,4,4,4,0,
43134,HYPERICUM ELLIPTICUM,HYEL,WI,WI,HYPERICUM ELLIPTICUM,9,9,9,0,
43144,HYPERICUM GENTIANOIDES,HYGE,82,ME_NBPH,HYPERICUM GENTIANOIDES,4,4,4,0,
43159,HYPERICUM KALMIANUM,HYKA,MI,MI,HYPERICUM KALMIANUM,10,10,10,0,
43165,HYPERICUM MAJUS,HYMA2,82,ME_NBPH,HYPERICUM MAJUS,4,4,4,0,
43165,HYPERICUM MAJUS,HYMA2,MN,MN,HYPERICUM MAJUS,5,5,5,0,
43168,HYPERICUM MUTILUM,HYMU,58,ME_NAAMH,HYPERICUM MUTILUM,4,4,4,0,
43168,HYPERICUM MUTILUM,HYMU,82,ME_NBPH,HYPERICUM MUTILUM,4,4,4,0,
43168,HYPERICUM MUTILUM,HYMU,58,NH_NAAMH,HYPERICUM MUTILUM,4,4,4,0,
43168,HYPERICUM MUTILUM,HYMU,59,NH_NCZ,HYPERICUM MUTILUM,4,4,4,0,
43168,HYPERICUM MUTILUM,HYMU,83,NY_GLHL,HYPERICUM MUTILUM,5,5,5,0,
43168,HYPERICUM MUTILUM,HYMU,58,NY_NAAMH,HYPERICUM MUTILUM,4,4,4,0,
43168,HYPERICUM MUTILUM,HYMU,58,VT_NAAMH,HYPERICUM MUTILUM,4,4,4,0,
43182,HYPERICUM PERFORATUM,HYPE,83,NY_GLHL,HYPERICUM PERFORATUM,2,0,2,2,
43182,HYPERICUM PERFORATUM,HYPE,83,VT_GLHL,HYPERICUM PERFORATUM,2,0,2,2,
43187,HYPERICUM PUNCTATUM,HYPU,MN,MN,HYPERICUM PUNCTATUM,4,4,4,0,
43187,HYPERICUM PUNCTATUM,HYPU,59,RI_NCZ,HYPERICUM PUNCTATUM,3,3,3,0,
43212,HYPERICUM VIRGATUM,HYVI6,59,RI_NCZ,,NA,0,0,NA,
43520,ILEX GLABRA,ILGL,82,ME_NBPH,ILEX GLABRA,8,8,8,0,
43526,ILEX LAEVIGATA,ILLA,58,NH_NAAMH,ILEX LAEVIGATA,7,7,7,0,
43526,ILEX LAEVIGATA,ILLA,58,NY_NAAMH,ILEX LAEVIGATA,7,7,7,0,
43526,ILEX LAEVIGATA,ILLA,59,RI_NCZ,ILEX LAEVIGATA,6,6,6,0,
43534,ILEX MUCRONATA,ILMU,58,MA_NAAMH,ILEX MUCRONATA,6,6,6,0,
43534,ILEX MUCRONATA,ILMU,58,ME_NAAMH,ILEX MUCRONATA,6,6,6,0,
43534,ILEX MUCRONATA,ILMU,82,ME_NBPH,ILEX MUCRONATA,6,6,6,0,
43534,ILEX MUCRONATA,ILMU,MI,MI,,NA,7,7,NA,
43534,ILEX MUCRONATA,ILMU,MN,MN,NEMOPANTHUS MUCRONATUS,8,8,8,0,
43534,ILEX MUCRONATA,ILMU,58,NH_NAAMH,ILEX MUCRONATA,6,6,6,0,
43534,ILEX MUCRONATA,ILMU,58,NY_NAAMH,ILEX MUCRONATA,6,6,6,0,
43534,ILEX MUCRONATA,ILMU,60,NY_OTH,NEMOPANTHUS MUCRONATUS,10,6,10,4,
43534,ILEX MUCRONATA,ILMU,61,OH_APG,NEMOPANTHUS MUCRONATUS,10,10,10,0,
43534,ILEX MUCRONATA,ILMU,62,PA_AP,NEMOPANTHUS MUCRONATUS,10,10,10,0,
43534,ILEX MUCRONATA,ILMU,59,RI_NCZ,ILEX MUCRONATA,6,6,6,0,
43534,ILEX MUCRONATA,ILMU,83,VT_GLHL,ILEX MUCRONATA,7,7,7,0,
43534,ILEX MUCRONATA,ILMU,58,VT_NAAMH,ILEX MUCRONATA,6,6,6,0,
43534,ILEX MUCRONATA,ILMU,WI,WI,ILEX MUCRONATA,8,8,8,0,
43555,ILEX VERTICILLATA,ILVE,58,CT_NAAMH,ILEX VERTICILLATA,5,5,5,0,
43555,ILEX VERTICILLATA,ILVE,59,CT_NCZ,ILEX VERTICILLATA,5,5,5,0,
43555,ILEX VERTICILLATA,ILVE,58,MA_NAAMH,ILEX VERTICILLATA,5,5,5,0,
43555,ILEX VERTICILLATA,ILVE,59,MA_NCZ,ILEX VERTICILLATA,5,5,5,0,
43555,ILEX VERTICILLATA,ILVE,58,ME_NAAMH,ILEX VERTICILLATA,5,5,5,0,
43555,ILEX VERTICILLATA,ILVE,82,ME_NBPH,ILEX VERTICILLATA,4,4,4,0,
43555,ILEX VERTICILLATA,ILVE,59,ME_NCZ,ILEX VERTICILLATA,5,5,5,0,
43555,ILEX VERTICILLATA,ILVE,MI,MI,ILEX VERTICILLATA,5,5,5,0,
43555,ILEX VERTICILLATA,ILVE,MN,MN,ILEX VERTICILLATA,6,6,6,0,
43555,ILEX VERTICILLATA,ILVE,58,NH_NAAMH,ILEX VERTICILLATA,5,5,5,0,
43555,ILEX VERTICILLATA,ILVE,59,NH_NCZ,ILEX VERTICILLATA,5,5,5,0,
43555,ILEX VERTICILLATA,ILVE,58,NJ,ILEX VERTICILLATA,5,7,5,-2,
43555,ILEX VERTICILLATA,ILVE,83,NY_GLHL,ILEX VERTICILLATA,6,6,6,0,
43555,ILEX VERTICILLATA,ILVE,58,NY_NAAMH,ILEX VERTICILLATA,5,5,5,0,
43555,ILEX VERTICILLATA,ILVE,60,NY_OTH,ILEX VERTICILLATA,6,5,6,1,
43555,ILEX VERTICILLATA,ILVE,61,OH_APG,ILEX VERTICILLATA,6,6,6,0,
43555,ILEX VERTICILLATA,ILVE,62,PA_AP,ILEX VERTICILLATA,6,6,6,0,
43555,ILEX VERTICILLATA,ILVE,59,RI_NCZ,ILEX VERTICILLATA,5,5,5,0,
43555,ILEX VERTICILLATA,ILVE,83,VT_GLHL,ILEX VERTICILLATA,6,6,6,0,
43555,ILEX VERTICILLATA,ILVE,58,VT_NAAMH,ILEX VERTICILLATA,5,5,5,0,
43555,ILEX VERTICILLATA,ILVE,WI,WI,ILEX VERTICILLATA,7,7,7,0,
43594,IMPATIENS,IMPAT,MI,MI,,NA,1,1,NA,
43594,IMPATIENS,IMPAT,MN,MN,,NA,1,1,NA,
43594,IMPATIENS,IMPAT,58,NH_NAAMH,,NA,Und,Und,NA,
43594,IMPATIENS,IMPAT,59,NH_NCZ,,NA,3,3,NA,
43594,IMPATIENS,IMPAT,58,NJ,,NA,3,3,NA,
43594,IMPATIENS,IMPAT,83,NY_GLHL,,NA,Und,Und,NA,
43594,IMPATIENS,IMPAT,58,NY_NAAMH,,NA,Und,Und,NA,
43594,IMPATIENS,IMPAT,61,OH_APG,,NA,3,3,NA,
43594,IMPATIENS,IMPAT,WI,WI,,NA,1,1,NA,
43599,IMPATIENS CAPENSIS,IMCA,58,CT_NAAMH,IMPATIENS CAPENSIS,3,3,3,0,
43599,IMPATIENS CAPENSIS,IMCA,59,CT_NCZ,IMPATIENS CAPENSIS,3,3,3,0,
43599,IMPATIENS CAPENSIS,IMCA,IN,IN,IMPATIENS CAPENSIS,2,2,2,0,
43599,IMPATIENS CAPENSIS,IMCA,59,MA_NCZ,IMPATIENS CAPENSIS,3,3,3,0,
43599,IMPATIENS CAPENSIS,IMCA,58,ME_NAAMH,IMPATIENS CAPENSIS,3,3,3,0,
43599,IMPATIENS CAPENSIS,IMCA,82,ME_NBPH,IMPATIENS CAPENSIS,3,3,3,0,
43599,IMPATIENS CAPENSIS,IMCA,59,ME_NCZ,IMPATIENS CAPENSIS,3,3,3,0,
43599,IMPATIENS CAPENSIS,IMCA,MI,MI,IMPATIENS CAPENSIS,2,2,2,0,
43599,IMPATIENS CAPENSIS,IMCA,MN,MN,IMPATIENS CAPENSIS,2,2,2,0,
43599,IMPATIENS CAPENSIS,IMCA,58,NH_NAAMH,IMPATIENS CAPENSIS,3,3,3,0,
43599,IMPATIENS CAPENSIS,IMCA,59,NH_NCZ,IMPATIENS CAPENSIS,3,3,3,0,
43599,IMPATIENS CAPENSIS,IMCA,58,NJ,IMPATIENS CAPENSIS,3,3,3,0,
43599,IMPATIENS CAPENSIS,IMCA,83,NY_GLHL,IMPATIENS CAPENSIS,3,3,3,0,
43599,IMPATIENS CAPENSIS,IMCA,58,NY_NAAMH,IMPATIENS CAPENSIS,3,3,3,0,
43599,IMPATIENS CAPENSIS,IMCA,61,OH_APG,IMPATIENS CAPENSIS,3,3,3,0,
43599,IMPATIENS CAPENSIS,IMCA,62,PA_AP,IMPATIENS CAPENSIS,3,3,3,0,
43599,IMPATIENS CAPENSIS,IMCA,60,PA_APG,IMPATIENS CAPENSIS,3,3,3,0,
43599,IMPATIENS CAPENSIS,IMCA,61,PA_APG,IMPATIENS CAPENSIS,3,3,3,0,
43599,IMPATIENS CAPENSIS,IMCA,59,RI_NCZ,IMPATIENS CAPENSIS,3,3,3,0,
43599,IMPATIENS CAPENSIS,IMCA,83,VT_GLHL,IMPATIENS CAPENSIS,3,3,3,0,
43599,IMPATIENS CAPENSIS,IMCA,58,VT_NAAMH,IMPATIENS CAPENSIS,3,3,3,0,
43599,IMPATIENS CAPENSIS,IMCA,WI,WI,IMPATIENS CAPENSIS,2,2,2,0,
43608,IMPATIENS PALLIDA,IMPA,MN,MN,IMPATIENS PALLIDA,5,5,5,0,
43608,IMPATIENS PALLIDA,IMPA,58,NJ,IMPATIENS PALLIDA,5,4,5,1,
43608,IMPATIENS PALLIDA,IMPA,83,NY_GLHL,IMPATIENS PALLIDA,4,4,4,0,
43773,IPOMOEA,IPOMO,MI,MI,,NA,0,0,NA,
43801,IPOMOEA COCCINEA,IPCO3,61,OH_APG,,NA,0,0,NA,
90914,IRIDACEAE,IRIDAC,83,NY_GLHL,,NA,Und,Und,NA,
44022,IRIS,IRIS,MN,MN,,NA,Und,Und,NA,
44022,IRIS,IRIS,58,NY_NAAMH,,NA,4,4,NA,
44119,IRIS LACUSTRIS,IRLA,MI,MI,,NA,9,9,NA,
44154,IRIS PSEUDACORUS,IRPS,59,MA_NCZ,IRIS PSEUDACORUS,0,0,0,0,
44154,IRIS PSEUDACORUS,IRPS,59,NH_NCZ,IRIS PSEUDACORUS,0,0,0,0,
44154,IRIS PSEUDACORUS,IRPS,61,OH_APG,,NA,0,0,NA,
44154,IRIS PSEUDACORUS,IRPS,62,PA_AP,,NA,0,0,NA,
44154,IRIS PSEUDACORUS,IRPS,61,PA_APG,,NA,0,0,NA,
44217,IRIS VERSICOLOR,IRVE2,58,CT_NAAMH,IRIS VERSICOLOR,4,4,4,0,
44217,IRIS VERSICOLOR,IRVE2,59,CT_NCZ,IRIS VERSICOLOR,4,4,4,0,
44217,IRIS VERSICOLOR,IRVE2,58,MA_NAAMH,IRIS VERSICOLOR,4,4,4,0,
44217,IRIS VERSICOLOR,IRVE2,59,MA_NCZ,IRIS VERSICOLOR,4,4,4,0,
44217,IRIS VERSICOLOR,IRVE2,58,ME_NAAMH,IRIS VERSICOLOR,4,4,4,0,
44217,IRIS VERSICOLOR,IRVE2,82,ME_NBPH,IRIS VERSICOLOR,3,3,3,0,
44217,IRIS VERSICOLOR,IRVE2,59,ME_NCZ,IRIS VERSICOLOR,4,4,4,0,
44217,IRIS VERSICOLOR,IRVE2,MI,MI,IRIS VERSICOLOR,5,5,5,0,
44217,IRIS VERSICOLOR,IRVE2,MN,MN,IRIS VERSICOLOR,4,4,4,0,
44217,IRIS VERSICOLOR,IRVE2,58,NH_NAAMH,IRIS VERSICOLOR,4,4,4,0,
44217,IRIS VERSICOLOR,IRVE2,59,NH_NCZ,IRIS VERSICOLOR,4,4,4,0,
44217,IRIS VERSICOLOR,IRVE2,83,NY_GLHL,IRIS VERSICOLOR,4,4,4,0,
44217,IRIS VERSICOLOR,IRVE2,58,NY_NAAMH,IRIS VERSICOLOR,4,4,4,0,
44217,IRIS VERSICOLOR,IRVE2,59,RI_NCZ,IRIS VERSICOLOR,4,4,4,0,
44217,IRIS VERSICOLOR,IRVE2,83,VT_GLHL,IRIS VERSICOLOR,4,4,4,0,
44217,IRIS VERSICOLOR,IRVE2,58,VT_NAAMH,IRIS VERSICOLOR,4,4,4,0,
44217,IRIS VERSICOLOR,IRVE2,WI,WI,IRIS VERSICOLOR,5,5,5,0,
44223,IRIS VIRGINICA,IRVI,IN,IN,IRIS VIRGINICA,5,5,5,0,
44223,IRIS VIRGINICA,IRVI,MI,MI,IRIS VIRGINICA,5,5,5,0,
44224,IRIS VIRGINICA VAR. SHREVEI,IRVIS,IN,IN,,NA,5,5,NA,
44224,IRIS VIRGINICA VAR. SHREVEI,IRVIS,MN,MN,IRIS VIRGINICA VAR. SHREVEI,5,5,5,0,
44823,JUGLANS CINEREA,JUCI,59,CT_NCZ,JUGLANS CINEREA,6,6,6,0,
44823,JUGLANS CINEREA,JUCI,58,VT_NAAMH,JUGLANS CINEREA,6,6,6,0,
44835,JUGLANS NIGRA,JUNI,IN,IN,JUGLANS NIGRA,2,2,2,0,
44835,JUGLANS NIGRA,JUNI,83,NY_GLHL,JUGLANS NIGRA,5,5,5,0,
44835,JUGLANS NIGRA,JUNI,61,PA_APG,JUGLANS NIGRA,4,4,4,0,
44865,JUNCUS,JUNCU,59,MA_NCZ,,NA,4,4,NA,
44865,JUNCUS,JUNCU,MI,MI,,NA,4,4,NA,
44865,JUNCUS,JUNCU,MN,MN,,NA,4,4,NA,
44865,JUNCUS,JUNCU,58,NY_NAAMH,,NA,3,3,NA,
44865,JUNCUS,JUNCU,59,RI_NCZ,,NA,4,4,NA,
44865,JUNCUS,JUNCU,58,VT_NAAMH,,NA,5,5,NA,
44865,JUNCUS,JUNCU,WI,WI,,NA,4,4,NA,
44875,JUNCUS ACUMINATUS,JUAC,82,ME_NBPH,JUNCUS ACUMINATUS,5,5,5,0,
44875,JUNCUS ACUMINATUS,JUAC,MI,MI,JUNCUS ACUMINATUS,8,8,8,0,
44875,JUNCUS ACUMINATUS,JUAC,61,PA_APG,JUNCUS ACUMINATUS,4,3,4,1,
44907,JUNCUS ARTICULATUS,JUAR4,58,CT_NAAMH,JUNCUS ARTICULATUS,4,4,4,0,
44928,JUNCUS BREVICAUDATUS,JUBR4,82,ME_NBPH,JUNCUS BREVICAUDATUS,3,3,3,0,
44928,JUNCUS BREVICAUDATUS,JUBR4,MN,MN,JUNCUS BREVICAUDATUS,7,7,7,0,
44928,JUNCUS BREVICAUDATUS,JUBR4,58,NH_NAAMH,JUNCUS BREVICAUDATUS,3,3,3,0,
44928,JUNCUS BREVICAUDATUS,JUBR4,58,VT_NAAMH,JUNCUS BREVICAUDATUS,3,3,3,0,
44941,JUNCUS CANADENSIS,JUCA3,82,ME_NBPH,JUNCUS CANADENSIS,4,4,4,0,
44941,JUNCUS CANADENSIS,JUCA3,MI,MI,JUNCUS CANADENSIS,6,6,6,0,
44941,JUNCUS CANADENSIS,JUCA3,83,NY_GLHL,JUNCUS CANADENSIS,6,6,6,0,
44941,JUNCUS CANADENSIS,JUCA3,61,PA_APG,JUNCUS CANADENSIS,6,6,6,0,
44941,JUNCUS CANADENSIS,JUCA3,59,RI_NCZ,JUNCUS CANADENSIS,4,4,4,0,
44941,JUNCUS CANADENSIS,JUCA3,83,VT_GLHL,JUNCUS CANADENSIS,6,6,6,0,
44941,JUNCUS CANADENSIS,JUCA3,58,VT_NAAMH,JUNCUS CANADENSIS,5,5,5,0,
44941,JUNCUS CANADENSIS,JUCA3,WI,WI,JUNCUS CANADENSIS,7,7,7,0,
44963,JUNCUS DICHOTOMUS,JUDI,MI,MI,JUNCUS DICHOTOMUS,3,3,3,0,
44971,JUNCUS DUDLEYI,JUDU2,IN,IN,JUNCUS DUDLEYI,2,2,2,0,
44971,JUNCUS DUDLEYI,JUDU2,83,NY_GLHL,JUNCUS DUDLEYI,3,3,3,0,
44973,JUNCUS EFFUSUS,JUEF,58,CT_NAAMH,JUNCUS EFFUSUS,2,2,2,0,
44973,JUNCUS EFFUSUS,JUEF,59,CT_NCZ,JUNCUS EFFUSUS,2,2,2,0,
44973,JUNCUS EFFUSUS,JUEF,IN,IN,JUNCUS EFFUSUS,3,3,3,0,
44973,JUNCUS EFFUSUS,JUEF,58,ME_NAAMH,JUNCUS EFFUSUS,2,2,2,0,
44973,JUNCUS EFFUSUS,JUEF,82,ME_NBPH,JUNCUS EFFUSUS,2,2,2,0,
44973,JUNCUS EFFUSUS,JUEF,MI,MI,JUNCUS EFFUSUS,3,3,3,0,
44973,JUNCUS EFFUSUS,JUEF,MN,MN,JUNCUS EFFUSUS,4,4,4,0,
44973,JUNCUS EFFUSUS,JUEF,59,NH_NCZ,JUNCUS EFFUSUS,2,2,2,0,
44973,JUNCUS EFFUSUS,JUEF,58,NJ,JUNCUS EFFUSUS,2,2,2,0,
44973,JUNCUS EFFUSUS,JUEF,83,NY_GLHL,JUNCUS EFFUSUS,2,2,2,0,
44973,JUNCUS EFFUSUS,JUEF,58,NY_NAAMH,JUNCUS EFFUSUS,2,2,2,0,
44973,JUNCUS EFFUSUS,JUEF,61,OH_APG,,NA,1,2,NA,Updated to ssp. Cval/CoC Ref
44973,JUNCUS EFFUSUS,JUEF,60,PA_APG,,NA,1,2,NA,Updated to ssp. Cval/CoC Ref
44973,JUNCUS EFFUSUS,JUEF,61,PA_APG,,NA,1,2,NA,Updated to ssp. Cval/CoC Ref
44973,JUNCUS EFFUSUS,JUEF,59,RI_NCZ,JUNCUS EFFUSUS,2,2,2,0,
44973,JUNCUS EFFUSUS,JUEF,83,VT_GLHL,JUNCUS EFFUSUS,2,2,2,0,
44973,JUNCUS EFFUSUS,JUEF,58,VT_NAAMH,JUNCUS EFFUSUS,2,2,2,0,
44973,JUNCUS EFFUSUS,JUEF,WI,WI,JUNCUS EFFUSUS,4,4,4,0,
44981,JUNCUS EFFUSUS VAR. EFFUSUS,JUEFE2,59,MA_NCZ,,NA,2,2,NA,
44981,JUNCUS EFFUSUS VAR. EFFUSUS,JUEFE2,58,NH_NAAMH,,NA,0,2,NA,Updated to ssp. Cval/CoC Ref
44981,JUNCUS EFFUSUS VAR. EFFUSUS,JUEFE2,58,VT_NAAMH,,NA,0,2,NA,Updated to ssp. Cval/CoC Ref
44985,JUNCUS EFFUSUS VAR. PYLAEI,JUEFP2,59,CT_NCZ,JUNCUS EFFUSUS VAR. PYLAEI,3,3,3,0,
44985,JUNCUS EFFUSUS VAR. PYLAEI,JUEFP2,58,VT_NAAMH,JUNCUS EFFUSUS VAR. PYLAEI,3,3,3,0,
44986,JUNCUS EFFUSUS VAR. SOLUTUS,JUEFS,62,PA_AP,JUNCUS EFFUSUS VAR. SOLUTUS,2,2,2,0,
44986,JUNCUS EFFUSUS VAR. SOLUTUS,JUEFS,61,PA_APG,JUNCUS EFFUSUS VAR. SOLUTUS,2,2,2,0,
44986,JUNCUS EFFUSUS VAR. SOLUTUS,JUEFS,83,PA_OTH,,NA,2,2,NA,
45001,JUNCUS FILIFORMIS,JUFI,58,NH_NAAMH,JUNCUS FILIFORMIS,5,5,5,0,
45064,JUNCUS NODOSUS,JUNO2,83,NY_GLHL,JUNCUS NODOSUS,4,4,4,0,
45075,JUNCUS PELOCARPUS,JUPE,58,ME_NAAMH,JUNCUS PELOCARPUS,6,6,6,0,
45075,JUNCUS PELOCARPUS,JUPE,82,ME_NBPH,JUNCUS PELOCARPUS,5,5,5,0,
45075,JUNCUS PELOCARPUS,JUPE,58,VT_NAAMH,JUNCUS PELOCARPUS,6,6,6,0,
45075,JUNCUS PELOCARPUS,JUPE,WI,WI,JUNCUS PELOCARPUS,8,8,8,0,
45108,JUNCUS STYGIUS,JUST,WI,WI,JUNCUS STYGIUS,10,10,10,0,
45117,JUNCUS TENUIS,JUTE,IN,IN,JUNCUS TENUIS,0,1,0,-1,
45117,JUNCUS TENUIS,JUTE,58,ME_NAAMH,JUNCUS TENUIS,2,2,2,0,
45117,JUNCUS TENUIS,JUTE,MI,MI,JUNCUS TENUIS,1,1,1,0,
45117,JUNCUS TENUIS,JUTE,MN,MN,JUNCUS TENUIS,1,1,1,0,
45117,JUNCUS TENUIS,JUTE,83,NY_GLHL,JUNCUS TENUIS,1,1,1,0,
45117,JUNCUS TENUIS,JUTE,58,NY_NAAMH,JUNCUS TENUIS,2,2,2,0,
45117,JUNCUS TENUIS,JUTE,61,OH_APG,JUNCUS TENUIS,1,1,1,0,
45117,JUNCUS TENUIS,JUTE,61,PA_APG,JUNCUS TENUIS,1,1,1,0,
45117,JUNCUS TENUIS,JUTE,59,RI_NCZ,JUNCUS TENUIS,2,2,2,0,
45117,JUNCUS TENUIS,JUTE,83,VT_GLHL,JUNCUS TENUIS,1,1,1,0,
45117,JUNCUS TENUIS,JUTE,58,VT_NAAMH,JUNCUS TENUIS,2,2,2,0,
45117,JUNCUS TENUIS,JUTE,WI,WI,JUNCUS TENUIS,1,1,1,0,
45200,JUNIPERUS COMMUNIS,JUCO6,82,ME_NBPH,JUNIPERUS COMMUNIS,3,3,3,0,
45281,JUNIPERUS VIRGINIANA,JUVI,58,NJ,JUNIPERUS VIRGINIANA,3,2,3,1,
45410,KALMIA ANGUSTIFOLIA,KAAN,59,CT_NCZ,KALMIA ANGUSTIFOLIA,5,5,5,0,
45410,KALMIA ANGUSTIFOLIA,KAAN,59,MA_NCZ,KALMIA ANGUSTIFOLIA,5,5,5,0,
45410,KALMIA ANGUSTIFOLIA,KAAN,58,ME_NAAMH,KALMIA ANGUSTIFOLIA,5,5,5,0,
45410,KALMIA ANGUSTIFOLIA,KAAN,82,ME_NBPH,KALMIA ANGUSTIFOLIA,4,4,4,0,
45410,KALMIA ANGUSTIFOLIA,KAAN,59,ME_NCZ,KALMIA ANGUSTIFOLIA,5,5,5,0,
45410,KALMIA ANGUSTIFOLIA,KAAN,58,NH_NAAMH,KALMIA ANGUSTIFOLIA,5,5,5,0,
45410,KALMIA ANGUSTIFOLIA,KAAN,58,NY_NAAMH,KALMIA ANGUSTIFOLIA,5,5,5,0,
45410,KALMIA ANGUSTIFOLIA,KAAN,60,NY_OTH,KALMIA ANGUSTIFOLIA,8,6,8,2,
45410,KALMIA ANGUSTIFOLIA,KAAN,62,PA_AP,KALMIA ANGUSTIFOLIA,8,8,8,0,
45415,KALMIA LATIFOLIA,KALA,59,CT_NCZ,KALMIA LATIFOLIA,5,5,5,0,
45415,KALMIA LATIFOLIA,KALA,60,NY_OTH,KALMIA LATIFOLIA,5,4,5,1,
45415,KALMIA LATIFOLIA,KALA,62,PA_AP,KALMIA LATIFOLIA,5,5,5,0,
45415,KALMIA LATIFOLIA,KALA,59,RI_NCZ,KALMIA LATIFOLIA,5,5,5,0,
45421,KALMIA POLIFOLIA,KAPO,58,ME_NAAMH,KALMIA POLIFOLIA,9,9,9,0,
45421,KALMIA POLIFOLIA,KAPO,82,ME_NBPH,KALMIA POLIFOLIA,8,8,8,0,
45421,KALMIA POLIFOLIA,KAPO,MI,MI,KALMIA POLIFOLIA,10,10,10,0,
45421,KALMIA POLIFOLIA,KAPO,MN,MN,KALMIA POLIFOLIA,9,9,9,0,
45421,KALMIA POLIFOLIA,KAPO,58,NH_NAAMH,KALMIA POLIFOLIA,9,9,9,0,
45421,KALMIA POLIFOLIA,KAPO,58,NY_NAAMH,KALMIA POLIFOLIA,9,9,9,0,
45421,KALMIA POLIFOLIA,KAPO,WI,WI,KALMIA POLIFOLIA,10,10,10,0,
45948,LACTUCA,LACTU,59,CT_NCZ,,NA,0,0,NA,
45948,LACTUCA,LACTU,58,ME_NAAMH,,NA,0,0,NA,
45948,LACTUCA,LACTU,MN,MN,,NA,3,3,NA,
45948,LACTUCA,LACTU,61,PA_APG,,NA,3,3,NA,
45948,LACTUCA,LACTU,WI,WI,,NA,3,3,NA,
45950,LACTUCA BIENNIS,LABI,59,CT_NCZ,LACTUCA BIENNIS,2,2,2,0,
45950,LACTUCA BIENNIS,LABI,MI,MI,LACTUCA BIENNIS,2,2,2,0,
45950,LACTUCA BIENNIS,LABI,MN,MN,LACTUCA BIENNIS,3,3,3,0,
45950,LACTUCA BIENNIS,LABI,58,VT_NAAMH,LACTUCA BIENNIS,3,3,3,0,
45950,LACTUCA BIENNIS,LABI,WI,WI,LACTUCA BIENNIS,3,3,3,0,
45953,LACTUCA CANADENSIS,LACA,MI,MI,LACTUCA CANADENSIS,2,2,2,0,
45953,LACTUCA CANADENSIS,LACA,58,NH_NAAMH,LACTUCA CANADENSIS,2,2,2,0,
45959,LACTUCA FLORIDANA,LAFL,IN,IN,LACTUCA FLORIDANA,5,5,5,0,
90904,LAMIACEAE,LAMIAC,MI,MI,,NA,Und,Und,NA,
90904,LAMIACEAE,LAMIAC,MN,MN,,NA,Und,Und,NA,
46061,LAMIASTRUM GALEOBDOLON,LAGA2,58,NJ,,NA,0,0,NA,
46199,LAPORTEA CANADENSIS,LACA3,MI,MI,LAPORTEA CANADENSIS,4,4,4,0,
46199,LAPORTEA CANADENSIS,LACA3,MN,MN,LAPORTEA CANADENSIS,3,3,3,0,
46199,LAPORTEA CANADENSIS,LACA3,83,NY_GLHL,LAPORTEA CANADENSIS,8,8,8,0,
46199,LAPORTEA CANADENSIS,LACA3,61,OH_APG,LAPORTEA CANADENSIS,6,5,6,1,
46199,LAPORTEA CANADENSIS,LACA3,WI,WI,LAPORTEA CANADENSIS,4,4,4,0,
46242,LAPSANA COMMUNIS,LACO3,83,NY_GLHL,LAPSANA COMMUNIS,0,0,0,0,
46242,LAPSANA COMMUNIS,LACO3,58,VT_NAAMH,LAPSANA COMMUNIS,0,0,0,0,
46252,LARIX LARICINA,LALA,58,ME_NAAMH,LARIX LARICINA,5,5,5,0,
46252,LARIX LARICINA,LALA,82,ME_NBPH,LARIX LARICINA,4,4,4,0,
46252,LARIX LARICINA,LALA,MI,MI,LARIX LARICINA,5,5,5,0,
46252,LARIX LARICINA,LALA,MN,MN,LARIX LARICINA,7,7,7,0,
46252,LARIX LARICINA,LALA,58,NH_NAAMH,LARIX LARICINA,5,5,5,0,
46252,LARIX LARICINA,LALA,83,NY_GLHL,LARIX LARICINA,5,5,5,0,
46252,LARIX LARICINA,LALA,58,NY_NAAMH,LARIX LARICINA,5,5,5,0,
46252,LARIX LARICINA,LALA,83,VT_GLHL,LARIX LARICINA,5,5,5,0,
46252,LARIX LARICINA,LALA,58,VT_NAAMH,LARIX LARICINA,5,5,5,0,
46252,LARIX LARICINA,LALA,WI,WI,LARIX LARICINA,8,8,8,0,
46466,LATHYRUS PALUSTRIS,LAPA4,IN,IN,LATHYRUS PALUSTRIS,7,7,7,0,
46466,LATHYRUS PALUSTRIS,LAPA4,MI,MI,LATHYRUS PALUSTRIS,7,7,7,0,
46466,LATHYRUS PALUSTRIS,LAPA4,MN,MN,LATHYRUS PALUSTRIS,6,6,6,0,
46466,LATHYRUS PALUSTRIS,LAPA4,WI,WI,LATHYRUS PALUSTRIS,5,5,5,0,
46517,LATHYRUS VENOSUS,LAVE,MN,MN,LATHYRUS VENOSUS,6,6,6,0,
47513,LEDUM GROENLANDICUM,LEGR,58,ME_NAAMH,LEDUM GROENLANDICUM,7,7,7,0,
47513,LEDUM GROENLANDICUM,LEGR,82,ME_NBPH,LEDUM GROENLANDICUM,8,8,8,0,
47513,LEDUM GROENLANDICUM,LEGR,MI,MI,,NA,8,8,NA,
47513,LEDUM GROENLANDICUM,LEGR,MN,MN,LEDUM GROENLANDICUM,8,8,8,0,
47513,LEDUM GROENLANDICUM,LEGR,58,NH_NAAMH,LEDUM GROENLANDICUM,7,7,7,0,
47513,LEDUM GROENLANDICUM,LEGR,58,NY_NAAMH,LEDUM GROENLANDICUM,7,7,7,0,
47513,LEDUM GROENLANDICUM,LEGR,WI,WI,LEDUM GROENLANDICUM,8,8,8,0,
47524,LEERSIA ORYZOIDES,LEOR,58,CT_NAAMH,LEERSIA ORYZOIDES,5,5,5,0,
47524,LEERSIA ORYZOIDES,LEOR,59,CT_NCZ,LEERSIA ORYZOIDES,4,4,4,0,
47524,LEERSIA ORYZOIDES,LEOR,IN,IN,LEERSIA ORYZOIDES,2,2,2,0,
47524,LEERSIA ORYZOIDES,LEOR,59,MA_NCZ,LEERSIA ORYZOIDES,4,4,4,0,
47524,LEERSIA ORYZOIDES,LEOR,82,ME_NBPH,LEERSIA ORYZOIDES,5,5,5,0,
47524,LEERSIA ORYZOIDES,LEOR,59,ME_NCZ,LEERSIA ORYZOIDES,4,4,4,0,
47524,LEERSIA ORYZOIDES,LEOR,MI,MI,LEERSIA ORYZOIDES,3,3,3,0,
47524,LEERSIA ORYZOIDES,LEOR,MN,MN,LEERSIA ORYZOIDES,3,3,3,0,
47524,LEERSIA ORYZOIDES,LEOR,58,NH_NAAMH,LEERSIA ORYZOIDES,5,5,5,0,
47524,LEERSIA ORYZOIDES,LEOR,59,NH_NCZ,LEERSIA ORYZOIDES,4,4,4,0,
47524,LEERSIA ORYZOIDES,LEOR,83,NY_GLHL,LEERSIA ORYZOIDES,6,6,6,0,
47524,LEERSIA ORYZOIDES,LEOR,58,NY_NAAMH,LEERSIA ORYZOIDES,5,5,5,0,
47524,LEERSIA ORYZOIDES,LEOR,61,OH_APG,LEERSIA ORYZOIDES,3,3,3,0,
47524,LEERSIA ORYZOIDES,LEOR,62,PA_AP,LEERSIA ORYZOIDES,3,3,3,0,
47524,LEERSIA ORYZOIDES,LEOR,60,PA_APG,LEERSIA ORYZOIDES,3,3,3,0,
47524,LEERSIA ORYZOIDES,LEOR,61,PA_APG,LEERSIA ORYZOIDES,3,3,3,0,
47524,LEERSIA ORYZOIDES,LEOR,83,PA_OTH,LEERSIA ORYZOIDES,6,3,6,3,
47524,LEERSIA ORYZOIDES,LEOR,59,RI_NCZ,LEERSIA ORYZOIDES,4,4,4,0,
47524,LEERSIA ORYZOIDES,LEOR,83,VT_GLHL,LEERSIA ORYZOIDES,6,6,6,0,
47524,LEERSIA ORYZOIDES,LEOR,58,VT_NAAMH,LEERSIA ORYZOIDES,5,5,5,0,
47524,LEERSIA ORYZOIDES,LEOR,WI,WI,LEERSIA ORYZOIDES,3,3,3,0,
47525,LEERSIA VIRGINICA,LEVI2,59,CT_NCZ,LEERSIA VIRGINICA,4,4,4,0,
47525,LEERSIA VIRGINICA,LEVI2,IN,IN,LEERSIA VIRGINICA,4,4,4,0,
47525,LEERSIA VIRGINICA,LEVI2,MI,MI,LEERSIA VIRGINICA,5,5,5,0,
47525,LEERSIA VIRGINICA,LEVI2,61,OH_APG,LEERSIA VIRGINICA,3,3,3,0,
47525,LEERSIA VIRGINICA,LEVI2,62,PA_AP,LEERSIA VIRGINICA,3,3,3,0,
47525,LEERSIA VIRGINICA,LEVI2,61,PA_APG,LEERSIA VIRGINICA,3,3,3,0,
47525,LEERSIA VIRGINICA,LEVI2,83,VT_GLHL,LEERSIA VIRGINICA,6,6,6,0,
47525,LEERSIA VIRGINICA,LEVI2,WI,WI,LEERSIA VIRGINICA,5,5,5,0,
47594,LEMNA,LEMNA,82,ME_NBPH,,NA,3,3,NA,
47594,LEMNA,LEMNA,83,NY_GLHL,,NA,5,5,NA,
47594,LEMNA,LEMNA,58,NY_NAAMH,,NA,5,5,NA,
47594,LEMNA,LEMNA,61,PA_APG,,NA,5,5,NA,
47594,LEMNA,LEMNA,83,PA_OTH,,NA,5,5,NA,
47602,LEMNA MINOR,LEMI3,59,CT_NCZ,LEMNA MINOR,2,2,2,0,
47602,LEMNA MINOR,LEMI3,IN,IN,LEMNA MINOR,3,3,3,0,
47602,LEMNA MINOR,LEMI3,59,MA_NCZ,LEMNA MINOR,2,2,2,0,
47602,LEMNA MINOR,LEMI3,MI,MI,LEMNA MINOR,5,5,5,0,
47602,LEMNA MINOR,LEMI3,MN,MN,LEMNA MINOR,5,5,5,0,
47602,LEMNA MINOR,LEMI3,59,NH_NCZ,LEMNA MINOR,2,2,2,0,
47602,LEMNA MINOR,LEMI3,83,NY_GLHL,LEMNA MINOR,2,2,2,0,
47602,LEMNA MINOR,LEMI3,58,NY_NAAMH,LEMNA MINOR,3,3,3,0,
47602,LEMNA MINOR,LEMI3,61,OH_APG,LEMNA MINOR,4,4,4,0,
47602,LEMNA MINOR,LEMI3,59,RI_NCZ,LEMNA MINOR,2,2,2,0,
47602,LEMNA MINOR,LEMI3,83,VT_GLHL,LEMNA MINOR,2,2,2,0,
47602,LEMNA MINOR,LEMI3,58,VT_NAAMH,LEMNA MINOR,3,3,3,0,
47602,LEMNA MINOR,LEMI3,WI,WI,LEMNA MINOR,4,4,4,0,
47614,LEMNA TRISULCA,LETR,IN,IN,LEMNA TRISULCA,6,6,6,0,
47614,LEMNA TRISULCA,LETR,MN,MN,LEMNA TRISULCA,5,5,5,0,
47614,LEMNA TRISULCA,LETR,61,OH_APG,LEMNA TRISULCA,7,7,7,0,
47615,LEMNA TURIONIFERA,LETU2,MI,MI,,NA,5,5,NA,
47615,LEMNA TURIONIFERA,LETU2,MN,MN,LEMNA TURIONIFERA,1,1,1,0,
48619,LEUCANTHEMUM VULGARE,LEVU,58,ME_NAAMH,LEUCANTHEMUM VULGARE,0,0,0,0,
48619,LEUCANTHEMUM VULGARE,LEVU,MI,MI,,NA,0,0,NA,
48619,LEUCANTHEMUM VULGARE,LEVU,83,NY_GLHL,LEUCANTHEMUM VULGARE,0,0,0,0,
48619,LEUCANTHEMUM VULGARE,LEVU,58,VT_NAAMH,LEUCANTHEMUM VULGARE,0,0,0,0,
48748,LEYMUS,LEYMU,58,VT_NAAMH,,NA,5,5,NA,
48989,LIGUSTRUM,LIGUS2,MI,MI,,NA,0,0,NA,
49002,LIGUSTRUM SINENSE,LISI,59,CT_NCZ,LIGUSTRUM SINENSE,0,0,0,0,
49005,LIGUSTRUM VULGARE,LIVU,58,CT_NAAMH,LIGUSTRUM VULGARE,0,0,0,0,
49005,LIGUSTRUM VULGARE,LIVU,59,CT_NCZ,LIGUSTRUM VULGARE,0,0,0,0,
49005,LIGUSTRUM VULGARE,LIVU,IN,IN,LIGUSTRUM VULGARE,0,0,0,0,
49005,LIGUSTRUM VULGARE,LIVU,59,MA_NCZ,LIGUSTRUM VULGARE,0,0,0,0,
49005,LIGUSTRUM VULGARE,LIVU,58,NJ,LIGUSTRUM VULGARE,0,0,0,0,
49005,LIGUSTRUM VULGARE,LIVU,83,NY_GLHL,LIGUSTRUM VULGARE,0,0,0,0,
49005,LIGUSTRUM VULGARE,LIVU,59,RI_NCZ,LIGUSTRUM VULGARE,0,0,0,0,
49020,LILIUM,LILIU,59,CT_NCZ,,NA,6,6,NA,
49020,LILIUM,LILIU,59,RI_NCZ,,NA,6,6,NA,
49026,LILIUM CANADENSE,LICA3,82,ME_NBPH,LILIUM CANADENSE,6,6,6,0,
49026,LILIUM CANADENSE,LICA3,58,NH_NAAMH,LILIUM CANADENSE,6,6,6,0,
49026,LILIUM CANADENSE,LICA3,59,RI_NCZ,LILIUM CANADENSE,6,6,6,0,
49026,LILIUM CANADENSE,LICA3,58,VT_NAAMH,LILIUM CANADENSE,6,6,6,0,
49066,LILIUM MICHIGANENSE,LIMI9,MI,MI,LILIUM MICHIGANENSE,5,5,5,0,
49066,LILIUM MICHIGANENSE,LIMI9,MN,MN,LILIUM MICHIGANENSE,7,7,7,0,
49082,LILIUM PHILADELPHICUM,LIPH,MN,MN,,NA,9,9,NA,
49082,LILIUM PHILADELPHICUM,LIPH,59,RI_NCZ,LILIUM PHILADELPHICUM,6,6,6,0,
49369,LINDERA BENZOIN,LIBE3,59,CT_NCZ,LINDERA BENZOIN,5,5,5,0,
49369,LINDERA BENZOIN,LIBE3,IN,IN,LINDERA BENZOIN,5,5,5,0,
49369,LINDERA BENZOIN,LIBE3,59,MA_NCZ,LINDERA BENZOIN,5,5,5,0,
49369,LINDERA BENZOIN,LIBE3,MI,MI,LINDERA BENZOIN,7,7,7,0,
49369,LINDERA BENZOIN,LIBE3,59,NH_NCZ,LINDERA BENZOIN,5,5,5,0,
49369,LINDERA BENZOIN,LIBE3,58,NJ,LINDERA BENZOIN,6,5,6,1,
49369,LINDERA BENZOIN,LIBE3,83,NY_GLHL,LINDERA BENZOIN,7,7,7,0,
49369,LINDERA BENZOIN,LIBE3,61,OH_APG,LINDERA BENZOIN,5,5,5,0,
49369,LINDERA BENZOIN,LIBE3,61,PA_APG,LINDERA BENZOIN,5,5,5,0,
49369,LINDERA BENZOIN,LIBE3,59,RI_NCZ,LINDERA BENZOIN,5,5,5,0,
49382,LINDERNIA DUBIA,LIDU,MI,MI,,NA,4,4,NA,
49382,LINDERNIA DUBIA,LIDU,MN,MN,LINDERNIA DUBIA,6,6,6,0,
49382,LINDERNIA DUBIA,LIDU,83,NY_GLHL,LINDERNIA DUBIA,6,6,6,0,
49382,LINDERNIA DUBIA,LIDU,62,PA_AP,LINDERNIA DUBIA,4,4,4,0,
49412,LINNAEA BOREALIS,LIBO3,58,ME_NAAMH,LINNAEA BOREALIS,6,6,6,0,
49412,LINNAEA BOREALIS,LIBO3,82,ME_NBPH,LINNAEA BOREALIS,5,5,5,0,
49412,LINNAEA BOREALIS,LIBO3,MI,MI,LINNAEA BOREALIS,6,6,6,0,
49412,LINNAEA BOREALIS,LIBO3,MN,MN,,NA,9,9,NA,
49412,LINNAEA BOREALIS,LIBO3,58,NH_NAAMH,LINNAEA BOREALIS,6,6,6,0,
49412,LINNAEA BOREALIS,LIBO3,58,NY_NAAMH,LINNAEA BOREALIS,6,6,6,0,
49412,LINNAEA BOREALIS,LIBO3,58,VT_NAAMH,LINNAEA BOREALIS,6,6,6,0,
49412,LINNAEA BOREALIS,LIBO3,WI,WI,LINNAEA BOREALIS,9,9,9,0,
49415,LINNAEA BOREALIS SSP. LONGIFLORA,LIBOL2,58,ME_NAAMH,,NA,6,6,NA,
49415,LINNAEA BOREALIS SSP. LONGIFLORA,LIBOL2,82,ME_NBPH,,NA,5,5,NA,
49415,LINNAEA BOREALIS SSP. LONGIFLORA,LIBOL2,MN,MN,,NA,9,9,NA,
49415,LINNAEA BOREALIS SSP. LONGIFLORA,LIBOL2,58,NY_NAAMH,,NA,6,6,NA,
49415,LINNAEA BOREALIS SSP. LONGIFLORA,LIBOL2,83,VT_GLHL,,NA,9,9,NA,
49530,LIPARIS,LIPAR,MN,MN,,NA,6,6,NA,
49530,LIPARIS,LIPAR,58,NH_NAAMH,,NA,7,7,NA,
49538,LIPARIS LOESELII,LILO,MN,MN,LIPARIS LOESELII,6,6,6,0,
49538,LIPARIS LOESELII,LILO,83,VT_GLHL,LIPARIS LOESELII,7,7,7,0,
49538,LIPARIS LOESELII,LILO,58,VT_NAAMH,LIPARIS LOESELII,6,6,6,0,
49538,LIPARIS LOESELII,LILO,WI,WI,LIPARIS LOESELII,7,7,7,0,
49686,LIRIODENDRON TULIPIFERA,LITU,59,CT_NCZ,LIRIODENDRON TULIPIFERA,6,6,6,0,
49686,LIRIODENDRON TULIPIFERA,LITU,IN,IN,LIRIODENDRON TULIPIFERA,4,4,4,0,
49686,LIRIODENDRON TULIPIFERA,LITU,MI,MI,LIRIODENDRON TULIPIFERA,9,9,9,0,
49686,LIRIODENDRON TULIPIFERA,LITU,58,NJ,LIRIODENDRON TULIPIFERA,6,5,6,1,
49686,LIRIODENDRON TULIPIFERA,LITU,61,OH_APG,LIRIODENDRON TULIPIFERA,5,5,5,0,
49686,LIRIODENDRON TULIPIFERA,LITU,61,PA_APG,LIRIODENDRON TULIPIFERA,5,5,5,0,
49825,LOBELIA,LOBEL,IN,IN,,NA,5,5,NA,
49847,LOBELIA CARDINALIS,LOCA2,59,CT_NCZ,LOBELIA CARDINALIS,6,6,6,0,
49847,LOBELIA CARDINALIS,LOCA2,59,MA_NCZ,LOBELIA CARDINALIS,6,6,6,0,
49847,LOBELIA CARDINALIS,LOCA2,58,NH_NAAMH,LOBELIA CARDINALIS,6,6,6,0,
49847,LOBELIA CARDINALIS,LOCA2,83,NY_GLHL,LOBELIA CARDINALIS,7,7,7,0,
49847,LOBELIA CARDINALIS,LOCA2,61,OH_APG,LOBELIA CARDINALIS,6,6,6,0,
49847,LOBELIA CARDINALIS,LOCA2,59,RI_NCZ,LOBELIA CARDINALIS,6,6,6,0,
49897,LOBELIA INFLATA,LOIN,58,ME_NAAMH,LOBELIA INFLATA,2,2,2,0,
49897,LOBELIA INFLATA,LOIN,MI,MI,LOBELIA INFLATA,0,1,0,-1,
49897,LOBELIA INFLATA,LOIN,58,NH_NAAMH,LOBELIA INFLATA,2,2,2,0,
49897,LOBELIA INFLATA,LOIN,WI,WI,LOBELIA INFLATA,2,2,2,0,
49898,LOBELIA KALMII,LOKA,MI,MI,LOBELIA KALMII,10,10,10,0,
49898,LOBELIA KALMII,LOKA,MN,MN,LOBELIA KALMII,9,9,9,0,
49925,LOBELIA SIPHILITICA,LOSI,58,NY_NAAMH,LOBELIA SIPHILITICA,5,5,5,0,
49928,LOBELIA SPICATA,LOSP,58,ME_NAAMH,LOBELIA SPICATA,4,4,4,0,
50223,LONICERA,LONIC,MI,MI,,NA,0,0,NA,
50223,LONICERA,LONIC,58,VT_NAAMH,,NA,Und,Und,NA,
50246,LONICERA CANADENSIS,LOCA7,58,MA_NAAMH,LONICERA CANADENSIS,6,6,6,0,
50246,LONICERA CANADENSIS,LOCA7,58,ME_NAAMH,LONICERA CANADENSIS,6,6,6,0,
50246,LONICERA CANADENSIS,LOCA7,82,ME_NBPH,LONICERA CANADENSIS,5,5,5,0,
50246,LONICERA CANADENSIS,LOCA7,MI,MI,LONICERA CANADENSIS,5,5,5,0,
50246,LONICERA CANADENSIS,LOCA7,MN,MN,LONICERA CANADENSIS,6,6,6,0,
50246,LONICERA CANADENSIS,LOCA7,58,NH_NAAMH,LONICERA CANADENSIS,6,6,6,0,
50246,LONICERA CANADENSIS,LOCA7,58,NY_NAAMH,LONICERA CANADENSIS,6,6,6,0,
50246,LONICERA CANADENSIS,LOCA7,58,VT_NAAMH,LONICERA CANADENSIS,6,6,6,0,
50246,LONICERA CANADENSIS,LOCA7,WI,WI,LONICERA CANADENSIS,8,8,8,0,
50255,LONICERA DIOICA,LODI2,MI,MI,LONICERA DIOICA,5,5,5,0,
50255,LONICERA DIOICA,LODI2,MN,MN,LONICERA DIOICA,5,5,5,0,
50275,LONICERA HIRSUTA,LOHI,MI,MI,LONICERA HIRSUTA,6,6,6,0,
50275,LONICERA HIRSUTA,LOHI,MN,MN,LONICERA HIRSUTA,6,6,6,0,
50287,LONICERA JAPONICA,LOJA,58,NJ,LONICERA JAPONICA,0,0,0,0,
50287,LONICERA JAPONICA,LOJA,59,RI_NCZ,LONICERA JAPONICA,0,0,0,0,
50295,LONICERA MAACKII,LOMA6,58,CT_NAAMH,,NA,0,0,NA,
50295,LONICERA MAACKII,LOMA6,IN,IN,,NA,0,0,NA,
50300,LONICERA MORROWII,LOMO2,59,CT_NCZ,LONICERA MORROWII,0,0,0,0,
50300,LONICERA MORROWII,LOMO2,IN,IN,LONICERA MORROWII,0,0,0,0,
50300,LONICERA MORROWII,LOMO2,59,MA_NCZ,LONICERA MORROWII,0,0,0,0,
50300,LONICERA MORROWII,LOMO2,MN,MN,,NA,0,0,NA,
50300,LONICERA MORROWII,LOMO2,58,NH_NAAMH,LONICERA MORROWII,0,0,0,0,
50300,LONICERA MORROWII,LOMO2,58,NJ,LONICERA MORROWII,0,0,0,0,
50300,LONICERA MORROWII,LOMO2,83,NY_GLHL,LONICERA MORROWII,0,0,0,0,
50300,LONICERA MORROWII,LOMO2,58,NY_NAAMH,LONICERA MORROWII,0,0,0,0,
50300,LONICERA MORROWII,LOMO2,61,OH_APG,,NA,0,0,NA,
50300,LONICERA MORROWII,LOMO2,62,PA_AP,,NA,0,0,NA,
50300,LONICERA MORROWII,LOMO2,61,PA_APG,,NA,0,0,NA,
50300,LONICERA MORROWII,LOMO2,59,RI_NCZ,LONICERA MORROWII,0,0,0,0,
50300,LONICERA MORROWII,LOMO2,83,VT_GLHL,LONICERA MORROWII,0,0,0,0,
50300,LONICERA MORROWII,LOMO2,58,VT_NAAMH,LONICERA MORROWII,0,0,0,0,
50300,LONICERA MORROWII,LOMO2,WI,WI,LONICERA MORROWII,0,0,0,0,
50303,LONICERA OBLONGIFOLIA,LOOB,82,ME_NBPH,LONICERA OBLONGIFOLIA,7,7,7,0,
50303,LONICERA OBLONGIFOLIA,LOOB,MI,MI,LONICERA OBLONGIFOLIA,8,8,8,0,
50303,LONICERA OBLONGIFOLIA,LOOB,MN,MN,LONICERA OBLONGIFOLIA,8,8,8,0,
50303,LONICERA OBLONGIFOLIA,LOOB,WI,WI,LONICERA OBLONGIFOLIA,9,9,9,0,
50326,LONICERA TATARICA,LOTA,58,CT_NAAMH,LONICERA TATARICA,0,0,0,0,
50326,LONICERA TATARICA,LOTA,59,CT_NCZ,LONICERA TATARICA,0,0,0,0,
50326,LONICERA TATARICA,LOTA,IN,IN,LONICERA TATARICA,0,0,0,0,
50326,LONICERA TATARICA,LOTA,MI,MI,LONICERA TATARICA,0,0,0,0,
50326,LONICERA TATARICA,LOTA,MN,MN,LONICERA TATARICA,0,0,0,0,
50326,LONICERA TATARICA,LOTA,83,NY_GLHL,LONICERA TATARICA,0,0,0,0,
50326,LONICERA TATARICA,LOTA,59,RI_NCZ,LONICERA TATARICA,0,0,0,0,
50326,LONICERA TATARICA,LOTA,83,VT_GLHL,LONICERA TATARICA,0,0,0,0,
50326,LONICERA TATARICA,LOTA,58,VT_NAAMH,LONICERA TATARICA,0,0,0,0,
50326,LONICERA TATARICA,LOTA,WI,WI,LONICERA TATARICA,0,0,0,0,
50331,LONICERA VILLOSA,LOVI,82,ME_NBPH,LONICERA VILLOSA,6,6,6,0,
50331,LONICERA VILLOSA,LOVI,MI,MI,LONICERA VILLOSA,8,8,8,0,
50331,LONICERA VILLOSA,LOVI,MN,MN,LONICERA VILLOSA,8,8,8,0,
50331,LONICERA VILLOSA,LOVI,WI,WI,LONICERA VILLOSA,10,10,10,0,
50224,LONICERA xBELLA,LOBE,59,CT_NCZ,LONICERA ×BELLA,0,0,0,0,
50224,LONICERA xBELLA,LOBE,59,MA_NCZ,LONICERA ×BELLA,0,0,0,0,
50224,LONICERA xBELLA,LOBE,83,NY_GLHL,LONICERA ×BELLA,0,0,0,0,
50224,LONICERA xBELLA,LOBE,WI,WI,,NA,0,0,NA,
50528,LOTUS CORNICULATUS,LOCO6,MI,MI,LOTUS CORNICULATUS,0,0,0,0,
50700,LUDWIGIA,LUDWI,60,PA_APG,,NA,1,1,NA,
50743,LUDWIGIA PALUSTRIS,LUPA,58,CT_NAAMH,LUDWIGIA PALUSTRIS,5,5,5,0,
50743,LUDWIGIA PALUSTRIS,LUPA,59,CT_NCZ,LUDWIGIA PALUSTRIS,3,3,3,0,
50743,LUDWIGIA PALUSTRIS,LUPA,59,MA_NCZ,LUDWIGIA PALUSTRIS,3,3,3,0,
50743,LUDWIGIA PALUSTRIS,LUPA,82,ME_NBPH,LUDWIGIA PALUSTRIS,5,5,5,0,
50743,LUDWIGIA PALUSTRIS,LUPA,59,ME_NCZ,LUDWIGIA PALUSTRIS,3,3,3,0,
50743,LUDWIGIA PALUSTRIS,LUPA,MI,MI,LUDWIGIA PALUSTRIS,4,4,4,0,
50743,LUDWIGIA PALUSTRIS,LUPA,58,NH_NAAMH,LUDWIGIA PALUSTRIS,5,5,5,0,
50743,LUDWIGIA PALUSTRIS,LUPA,59,NH_NCZ,LUDWIGIA PALUSTRIS,3,3,3,0,
50743,LUDWIGIA PALUSTRIS,LUPA,58,NJ,LUDWIGIA PALUSTRIS,5,2,5,3,
50743,LUDWIGIA PALUSTRIS,LUPA,83,NY_GLHL,LUDWIGIA PALUSTRIS,5,5,5,0,
50743,LUDWIGIA PALUSTRIS,LUPA,58,NY_NAAMH,LUDWIGIA PALUSTRIS,5,5,5,0,
50743,LUDWIGIA PALUSTRIS,LUPA,62,PA_AP,LUDWIGIA PALUSTRIS,4,4,4,0,
50743,LUDWIGIA PALUSTRIS,LUPA,61,PA_APG,LUDWIGIA PALUSTRIS,4,2,4,2,
50743,LUDWIGIA PALUSTRIS,LUPA,83,PA_OTH,LUDWIGIA PALUSTRIS,5,2,5,3,
50743,LUDWIGIA PALUSTRIS,LUPA,59,RI_NCZ,LUDWIGIA PALUSTRIS,3,3,3,0,
50743,LUDWIGIA PALUSTRIS,LUPA,83,VT_GLHL,LUDWIGIA PALUSTRIS,5,5,5,0,
50743,LUDWIGIA PALUSTRIS,LUPA,58,VT_NAAMH,LUDWIGIA PALUSTRIS,5,5,5,0,
50743,LUDWIGIA PALUSTRIS,LUPA,WI,WI,LUDWIGIA PALUSTRIS,4,4,4,0,
51720,LUZULA,LUZUL,58,ME_NAAMH,,NA,5,5,NA,
51721,LUZULA ACUMINATA,LUAC,WI,WI,LUZULA ACUMINATA,6,6,6,0,
51779,LUZULA MULTIFLORA,LUMU2,59,CT_NCZ,LUZULA MULTIFLORA,3,3,3,0,
51779,LUZULA MULTIFLORA,LUMU2,58,ME_NAAMH,LUZULA MULTIFLORA,3,3,3,0,
91275,LYCOPODIACEAE,LYCOPO,MN,MN,,NA,Und,Und,NA,
51954,LYCOPODIELLA INUNDATA,LYIN2,MN,MN,LYCOPODIELLA INUNDATA,7,7,7,0,
51954,LYCOPODIELLA INUNDATA,LYIN2,58,VT_NAAMH,LYCOPODIELLA INUNDATA,5,5,5,0,
51958,LYCOPODIUM,LYCOP2,61,PA_APG,,NA,7,7,NA,
51996,LYCOPODIUM CLAVATUM,LYCL,MI,MI,LYCOPODIUM CLAVATUM,4,4,4,0,
51996,LYCOPODIUM CLAVATUM,LYCL,MN,MN,LYCOPODIUM CLAVATUM,6,6,6,0,
51996,LYCOPODIUM CLAVATUM,LYCL,62,PA_AP,LYCOPODIUM CLAVATUM,6,6,6,0,
52019,LYCOPODIUM DENDROIDEUM,LYDE,58,ME_NAAMH,LYCOPODIUM DENDROIDEUM,5,5,5,0,
52019,LYCOPODIUM DENDROIDEUM,LYDE,MI,MI,,NA,5,5,NA,
52019,LYCOPODIUM DENDROIDEUM,LYDE,MN,MN,LYCOPODIUM DENDROIDEUM,6,6,6,0,
52021,LYCOPODIUM DIGITATUM,LYDI3,59,RI_NCZ,LYCOPODIUM DIGITATUM,5,5,5,0,
52047,LYCOPODIUM OBSCURUM,LYOB,59,CT_NCZ,LYCOPODIUM OBSCURUM,5,5,5,0,
52047,LYCOPODIUM OBSCURUM,LYOB,59,MA_NCZ,LYCOPODIUM OBSCURUM,5,5,5,0,
52047,LYCOPODIUM OBSCURUM,LYOB,59,ME_NCZ,LYCOPODIUM OBSCURUM,5,5,5,0,
52047,LYCOPODIUM OBSCURUM,LYOB,58,NJ,LYCOPODIUM OBSCURUM,5,5,5,0,
52047,LYCOPODIUM OBSCURUM,LYOB,59,RI_NCZ,LYCOPODIUM OBSCURUM,5,5,5,0,
52097,LYCOPUS,LYCOP4,59,MA_NCZ,,NA,4,4,NA,
52097,LYCOPUS,LYCOP4,MI,MI,,NA,2,2,NA,
52097,LYCOPUS,LYCOP4,59,RI_NCZ,,NA,3,3,NA,
52097,LYCOPUS,LYCOP4,58,VT_NAAMH,,NA,4,4,NA,
52099,LYCOPUS AMERICANUS,LYAM,58,CT_NAAMH,LYCOPUS AMERICANUS,4,4,4,0,
52099,LYCOPUS AMERICANUS,LYAM,59,CT_NCZ,LYCOPUS AMERICANUS,4,4,4,0,
52099,LYCOPUS AMERICANUS,LYAM,IN,IN,LYCOPUS AMERICANUS,3,3,3,0,
52099,LYCOPUS AMERICANUS,LYAM,59,MA_NCZ,LYCOPUS AMERICANUS,4,4,4,0,
52099,LYCOPUS AMERICANUS,LYAM,58,ME_NAAMH,LYCOPUS AMERICANUS,4,4,4,0,
52099,LYCOPUS AMERICANUS,LYAM,82,ME_NBPH,LYCOPUS AMERICANUS,3,3,3,0,
52099,LYCOPUS AMERICANUS,LYAM,59,ME_NCZ,LYCOPUS AMERICANUS,4,4,4,0,
52099,LYCOPUS AMERICANUS,LYAM,MI,MI,LYCOPUS AMERICANUS,2,2,2,0,
52099,LYCOPUS AMERICANUS,LYAM,MN,MN,LYCOPUS AMERICANUS,4,4,4,0,
52099,LYCOPUS AMERICANUS,LYAM,83,NY_GLHL,LYCOPUS AMERICANUS,5,5,5,0,
52099,LYCOPUS AMERICANUS,LYAM,61,OH_APG,LYCOPUS AMERICANUS,4,4,4,0,
52099,LYCOPUS AMERICANUS,LYAM,61,PA_APG,LYCOPUS AMERICANUS,4,4,4,0,
52099,LYCOPUS AMERICANUS,LYAM,59,RI_NCZ,LYCOPUS AMERICANUS,4,4,4,0,
52099,LYCOPUS AMERICANUS,LYAM,83,VT_GLHL,LYCOPUS AMERICANUS,5,5,5,0,
52099,LYCOPUS AMERICANUS,LYAM,58,VT_NAAMH,LYCOPUS AMERICANUS,4,4,4,0,
52099,LYCOPUS AMERICANUS,LYAM,WI,WI,LYCOPUS AMERICANUS,4,4,4,0,
52117,LYCOPUS RUBELLUS,LYRU,MN,MN,,NA,0,0,NA,
52123,LYCOPUS UNIFLORUS,LYUN,58,CT_NAAMH,LYCOPUS UNIFLORUS,4,4,4,0,
52123,LYCOPUS UNIFLORUS,LYUN,59,CT_NCZ,LYCOPUS UNIFLORUS,4,4,4,0,
52123,LYCOPUS UNIFLORUS,LYUN,IN,IN,LYCOPUS UNIFLORUS,5,5,5,0,
52123,LYCOPUS UNIFLORUS,LYUN,58,MA_NAAMH,LYCOPUS UNIFLORUS,4,4,4,0,
52123,LYCOPUS UNIFLORUS,LYUN,59,MA_NCZ,LYCOPUS UNIFLORUS,4,4,4,0,
52123,LYCOPUS UNIFLORUS,LYUN,58,ME_NAAMH,LYCOPUS UNIFLORUS,4,4,4,0,
52123,LYCOPUS UNIFLORUS,LYUN,82,ME_NBPH,LYCOPUS UNIFLORUS,3,3,3,0,
52123,LYCOPUS UNIFLORUS,LYUN,59,ME_NCZ,LYCOPUS UNIFLORUS,4,4,4,0,
52123,LYCOPUS UNIFLORUS,LYUN,MI,MI,LYCOPUS UNIFLORUS,2,2,2,0,
52123,LYCOPUS UNIFLORUS,LYUN,MN,MN,LYCOPUS UNIFLORUS,5,5,5,0,
52123,LYCOPUS UNIFLORUS,LYUN,58,NH_NAAMH,LYCOPUS UNIFLORUS,4,4,4,0,
52123,LYCOPUS UNIFLORUS,LYUN,59,NH_NCZ,LYCOPUS UNIFLORUS,4,4,4,0,
52123,LYCOPUS UNIFLORUS,LYUN,83,NY_GLHL,LYCOPUS UNIFLORUS,5,5,5,0,
52123,LYCOPUS UNIFLORUS,LYUN,58,NY_NAAMH,LYCOPUS UNIFLORUS,4,4,4,0,
52123,LYCOPUS UNIFLORUS,LYUN,62,PA_AP,LYCOPUS UNIFLORUS,6,6,6,0,
52123,LYCOPUS UNIFLORUS,LYUN,61,PA_APG,LYCOPUS UNIFLORUS,6,6,6,0,
52123,LYCOPUS UNIFLORUS,LYUN,59,RI_NCZ,LYCOPUS UNIFLORUS,4,4,4,0,
52123,LYCOPUS UNIFLORUS,LYUN,83,VT_GLHL,LYCOPUS UNIFLORUS,5,5,5,0,
52123,LYCOPUS UNIFLORUS,LYUN,58,VT_NAAMH,LYCOPUS UNIFLORUS,4,4,4,0,
52123,LYCOPUS UNIFLORUS,LYUN,WI,WI,LYCOPUS UNIFLORUS,4,4,4,0,
52126,LYCOPUS VIRGINICUS,LYVI4,59,CT_NCZ,LYCOPUS VIRGINICUS,4,4,4,0,
52126,LYCOPUS VIRGINICUS,LYVI4,IN,IN,LYCOPUS VIRGINICUS,5,5,5,0,
52126,LYCOPUS VIRGINICUS,LYVI4,58,ME_NAAMH,LYCOPUS VIRGINICUS,5,5,5,0,
52126,LYCOPUS VIRGINICUS,LYVI4,MI,MI,LYCOPUS VIRGINICUS,8,8,8,0,
52126,LYCOPUS VIRGINICUS,LYVI4,61,OH_APG,LYCOPUS VIRGINICUS,4,4,4,0,
52126,LYCOPUS VIRGINICUS,LYVI4,60,PA_APG,LYCOPUS VIRGINICUS,4,4,4,0,
52126,LYCOPUS VIRGINICUS,LYVI4,61,PA_APG,LYCOPUS VIRGINICUS,4,4,4,0,
52126,LYCOPUS VIRGINICUS,LYVI4,59,RI_NCZ,LYCOPUS VIRGINICUS,4,4,4,0,
52173,LYONIA LIGUSTRINA,LYLI,59,CT_NCZ,LYONIA LIGUSTRINA,6,6,6,0,
52173,LYONIA LIGUSTRINA,LYLI,58,MA_NAAMH,LYONIA LIGUSTRINA,6,6,6,0,
52173,LYONIA LIGUSTRINA,LYLI,59,MA_NCZ,LYONIA LIGUSTRINA,6,6,6,0,
52173,LYONIA LIGUSTRINA,LYLI,58,NH_NAAMH,LYONIA LIGUSTRINA,6,6,6,0,
52173,LYONIA LIGUSTRINA,LYLI,59,NH_NCZ,LYONIA LIGUSTRINA,6,6,6,0,
52173,LYONIA LIGUSTRINA,LYLI,62,PA_AP,LYONIA LIGUSTRINA,7,7,7,0,
52173,LYONIA LIGUSTRINA,LYLI,61,PA_APG,LYONIA LIGUSTRINA,7,7,7,0,
52173,LYONIA LIGUSTRINA,LYLI,59,RI_NCZ,LYONIA LIGUSTRINA,6,6,6,0,
52176,LYONIA LIGUSTRINA VAR. LIGUSTRINA,LYLIL,58,MA_NAAMH,,NA,6,6,NA,
52176,LYONIA LIGUSTRINA VAR. LIGUSTRINA,LYLIL,59,MA_NCZ,,NA,6,6,NA,
52176,LYONIA LIGUSTRINA VAR. LIGUSTRINA,LYLIL,58,NH_NAAMH,,NA,6,6,NA,
52176,LYONIA LIGUSTRINA VAR. LIGUSTRINA,LYLIL,58,NY_NAAMH,,NA,6,6,NA,
52214,LYSIMACHIA,LYSIM,MI,MI,,NA,6,6,NA,
52214,LYSIMACHIA,LYSIM,MN,MN,,NA,7,7,NA,
52214,LYSIMACHIA,LYSIM,59,RI_NCZ,,NA,4,4,NA,
52214,LYSIMACHIA,LYSIM,58,VT_NAAMH,,NA,4,4,NA,
52214,LYSIMACHIA,LYSIM,WI,WI,,NA,6,6,NA,
52223,LYSIMACHIA CILIATA,LYCI,58,CT_NAAMH,LYSIMACHIA CILIATA,4,4,4,0,
52223,LYSIMACHIA CILIATA,LYCI,59,CT_NCZ,LYSIMACHIA CILIATA,3,3,3,0,
52223,LYSIMACHIA CILIATA,LYCI,59,MA_NCZ,LYSIMACHIA CILIATA,3,3,3,0,
52223,LYSIMACHIA CILIATA,LYCI,MI,MI,LYSIMACHIA CILIATA,4,4,4,0,
52223,LYSIMACHIA CILIATA,LYCI,MN,MN,LYSIMACHIA CILIATA,5,5,5,0,
52223,LYSIMACHIA CILIATA,LYCI,58,NH_NAAMH,LYSIMACHIA CILIATA,4,4,4,0,
52223,LYSIMACHIA CILIATA,LYCI,58,NJ,LYSIMACHIA CILIATA,4,2,4,2,
52223,LYSIMACHIA CILIATA,LYCI,61,OH_APG,LYSIMACHIA CILIATA,4,4,4,0,
52223,LYSIMACHIA CILIATA,LYCI,62,PA_AP,LYSIMACHIA CILIATA,4,4,4,0,
52223,LYSIMACHIA CILIATA,LYCI,61,PA_APG,LYSIMACHIA CILIATA,4,4,4,0,
52223,LYSIMACHIA CILIATA,LYCI,83,VT_GLHL,LYSIMACHIA CILIATA,4,4,4,0,
52223,LYSIMACHIA CILIATA,LYCI,58,VT_NAAMH,LYSIMACHIA CILIATA,4,4,4,0,
52223,LYSIMACHIA CILIATA,LYCI,WI,WI,LYSIMACHIA CILIATA,5,5,5,0,
52255,LYSIMACHIA LANCEOLATA,LYLA,IN,IN,LYSIMACHIA LANCEOLATA,7,7,7,0,
52255,LYSIMACHIA LANCEOLATA,LYLA,62,PA_AP,LYSIMACHIA LANCEOLATA,5,5,5,0,
52272,LYSIMACHIA NUMMULARIA,LYNU,59,CT_NCZ,LYSIMACHIA NUMMULARIA,0,0,0,0,
52272,LYSIMACHIA NUMMULARIA,LYNU,MI,MI,LYSIMACHIA NUMMULARIA,0,0,0,0,
52272,LYSIMACHIA NUMMULARIA,LYNU,83,NY_GLHL,LYSIMACHIA NUMMULARIA,0,0,0,0,
52272,LYSIMACHIA NUMMULARIA,LYNU,61,OH_APG,,NA,0,0,NA,
52272,LYSIMACHIA NUMMULARIA,LYNU,83,VT_GLHL,LYSIMACHIA NUMMULARIA,0,0,0,0,
52272,LYSIMACHIA NUMMULARIA,LYNU,58,VT_NAAMH,LYSIMACHIA NUMMULARIA,0,0,0,0,
52284,LYSIMACHIA QUADRIFOLIA,LYQU2,59,MA_NCZ,LYSIMACHIA QUADRIFOLIA,4,4,4,0,
52284,LYSIMACHIA QUADRIFOLIA,LYQU2,83,NY_GLHL,LYSIMACHIA QUADRIFOLIA,6,6,6,0,
52302,LYSIMACHIA TERRESTRIS,LYTE2,58,CT_NAAMH,LYSIMACHIA TERRESTRIS,4,4,4,0,
52302,LYSIMACHIA TERRESTRIS,LYTE2,59,CT_NCZ,LYSIMACHIA TERRESTRIS,4,4,4,0,
52302,LYSIMACHIA TERRESTRIS,LYTE2,IN,IN,LYSIMACHIA TERRESTRIS,8,8,8,0,
52302,LYSIMACHIA TERRESTRIS,LYTE2,58,MA_NAAMH,LYSIMACHIA TERRESTRIS,4,4,4,0,
52302,LYSIMACHIA TERRESTRIS,LYTE2,59,MA_NCZ,LYSIMACHIA TERRESTRIS,4,4,4,0,
52302,LYSIMACHIA TERRESTRIS,LYTE2,58,ME_NAAMH,LYSIMACHIA TERRESTRIS,4,4,4,0,
52302,LYSIMACHIA TERRESTRIS,LYTE2,82,ME_NBPH,LYSIMACHIA TERRESTRIS,3,3,3,0,
52302,LYSIMACHIA TERRESTRIS,LYTE2,59,ME_NCZ,LYSIMACHIA TERRESTRIS,4,4,4,0,
52302,LYSIMACHIA TERRESTRIS,LYTE2,MI,MI,LYSIMACHIA TERRESTRIS,6,6,6,0,
52302,LYSIMACHIA TERRESTRIS,LYTE2,MN,MN,LYSIMACHIA TERRESTRIS,7,7,7,0,
52302,LYSIMACHIA TERRESTRIS,LYTE2,58,NH_NAAMH,LYSIMACHIA TERRESTRIS,4,4,4,0,
52302,LYSIMACHIA TERRESTRIS,LYTE2,59,NH_NCZ,LYSIMACHIA TERRESTRIS,4,4,4,0,
52302,LYSIMACHIA TERRESTRIS,LYTE2,83,NY_GLHL,LYSIMACHIA TERRESTRIS,6,6,6,0,
52302,LYSIMACHIA TERRESTRIS,LYTE2,58,NY_NAAMH,LYSIMACHIA TERRESTRIS,4,4,4,0,
52302,LYSIMACHIA TERRESTRIS,LYTE2,62,PA_AP,LYSIMACHIA TERRESTRIS,7,7,7,0,
52302,LYSIMACHIA TERRESTRIS,LYTE2,60,PA_APG,LYSIMACHIA TERRESTRIS,7,7,7,0,
52302,LYSIMACHIA TERRESTRIS,LYTE2,59,RI_NCZ,LYSIMACHIA TERRESTRIS,4,4,4,0,
52302,LYSIMACHIA TERRESTRIS,LYTE2,83,VT_GLHL,LYSIMACHIA TERRESTRIS,6,6,6,0,
52302,LYSIMACHIA TERRESTRIS,LYTE2,58,VT_NAAMH,LYSIMACHIA TERRESTRIS,4,4,4,0,
52302,LYSIMACHIA TERRESTRIS,LYTE2,WI,WI,LYSIMACHIA TERRESTRIS,7,7,7,0,
52304,LYSIMACHIA THYRSIFLORA,LYTH2,IN,IN,LYSIMACHIA THYRSIFLORA,7,7,7,0,
52304,LYSIMACHIA THYRSIFLORA,LYTH2,82,ME_NBPH,LYSIMACHIA THYRSIFLORA,6,6,6,0,
52304,LYSIMACHIA THYRSIFLORA,LYTH2,MI,MI,LYSIMACHIA THYRSIFLORA,6,6,6,0,
52304,LYSIMACHIA THYRSIFLORA,LYTH2,MN,MN,LYSIMACHIA THYRSIFLORA,6,6,6,0,
52304,LYSIMACHIA THYRSIFLORA,LYTH2,83,NY_GLHL,LYSIMACHIA THYRSIFLORA,7,7,7,0,
52304,LYSIMACHIA THYRSIFLORA,LYTH2,58,NY_NAAMH,LYSIMACHIA THYRSIFLORA,7,7,7,0,
52304,LYSIMACHIA THYRSIFLORA,LYTH2,83,VT_GLHL,LYSIMACHIA THYRSIFLORA,7,7,7,0,
52304,LYSIMACHIA THYRSIFLORA,LYTH2,58,VT_NAAMH,LYSIMACHIA THYRSIFLORA,7,7,7,0,
52304,LYSIMACHIA THYRSIFLORA,LYTH2,WI,WI,LYSIMACHIA THYRSIFLORA,7,7,7,0,
52319,LYTHRUM,LYTHR,MI,MI,,NA,Und,Und,NA,
52335,LYTHRUM SALICARIA,LYSA2,58,CT_NAAMH,LYTHRUM SALICARIA,0,0,0,0,
52335,LYTHRUM SALICARIA,LYSA2,59,CT_NCZ,LYTHRUM SALICARIA,0,0,0,0,
52335,LYTHRUM SALICARIA,LYSA2,IN,IN,LYTHRUM SALICARIA,0,0,0,0,
52335,LYTHRUM SALICARIA,LYSA2,59,MA_NCZ,LYTHRUM SALICARIA,0,0,0,0,
52335,LYTHRUM SALICARIA,LYSA2,59,ME_NCZ,LYTHRUM SALICARIA,0,0,0,0,
52335,LYTHRUM SALICARIA,LYSA2,MI,MI,LYTHRUM SALICARIA,0,0,0,0,
52335,LYTHRUM SALICARIA,LYSA2,MN,MN,LYTHRUM SALICARIA,0,0,0,0,
52335,LYTHRUM SALICARIA,LYSA2,59,NH_NCZ,LYTHRUM SALICARIA,0,0,0,0,
52335,LYTHRUM SALICARIA,LYSA2,83,NY_GLHL,LYTHRUM SALICARIA,0,0,0,0,
52335,LYTHRUM SALICARIA,LYSA2,62,PA_AP,,NA,0,0,NA,
52335,LYTHRUM SALICARIA,LYSA2,59,RI_NCZ,LYTHRUM SALICARIA,0,0,0,0,
52335,LYTHRUM SALICARIA,LYSA2,83,VT_GLHL,LYTHRUM SALICARIA,0,0,0,0,
52335,LYTHRUM SALICARIA,LYSA2,58,VT_NAAMH,LYTHRUM SALICARIA,0,0,0,0,
52335,LYTHRUM SALICARIA,LYSA2,WI,WI,LYTHRUM SALICARIA,0,0,0,0,
52640,MAGNOLIA ACUMINATA,MAAC,61,OH_APG,MAGNOLIA ACUMINATA,8,8,8,0,
131576,MAGNOLIOPSIDA,2UNK,MN,MN,,NA,Und,Und,NA,
52690,MAIANTHEMUM,MAIAN,MI,MI,,NA,5,5,NA,
52690,MAIANTHEMUM,MAIAN,MN,MN,,NA,5,5,NA,
52690,MAIANTHEMUM,MAIAN,WI,WI,,NA,5,5,NA,
52694,MAIANTHEMUM CANADENSE,MACA4,59,CT_NCZ,MAIANTHEMUM CANADENSE,4,4,4,0,
52694,MAIANTHEMUM CANADENSE,MACA4,58,MA_NAAMH,MAIANTHEMUM CANADENSE,3,3,3,0,
52694,MAIANTHEMUM CANADENSE,MACA4,59,MA_NCZ,MAIANTHEMUM CANADENSE,4,4,4,0,
52694,MAIANTHEMUM CANADENSE,MACA4,58,ME_NAAMH,MAIANTHEMUM CANADENSE,3,3,3,0,
52694,MAIANTHEMUM CANADENSE,MACA4,82,ME_NBPH,MAIANTHEMUM CANADENSE,3,3,3,0,
52694,MAIANTHEMUM CANADENSE,MACA4,59,ME_NCZ,MAIANTHEMUM CANADENSE,4,4,4,0,
52694,MAIANTHEMUM CANADENSE,MACA4,MI,MI,MAIANTHEMUM CANADENSE,4,4,4,0,
52694,MAIANTHEMUM CANADENSE,MACA4,MN,MN,MAIANTHEMUM CANADENSE,5,5,5,0,
52694,MAIANTHEMUM CANADENSE,MACA4,58,NH_NAAMH,MAIANTHEMUM CANADENSE,3,3,3,0,
52694,MAIANTHEMUM CANADENSE,MACA4,59,NH_NCZ,MAIANTHEMUM CANADENSE,4,4,4,0,
52694,MAIANTHEMUM CANADENSE,MACA4,58,NJ,MAIANTHEMUM CANADENSE,3,4,3,-1,
52694,MAIANTHEMUM CANADENSE,MACA4,83,NY_GLHL,MAIANTHEMUM CANADENSE,4,4,4,0,
52694,MAIANTHEMUM CANADENSE,MACA4,58,NY_NAAMH,MAIANTHEMUM CANADENSE,3,3,3,0,
52694,MAIANTHEMUM CANADENSE,MACA4,61,OH_APG,MAIANTHEMUM CANADENSE,5,8,5,-3,
52694,MAIANTHEMUM CANADENSE,MACA4,62,PA_AP,MAIANTHEMUM CANADENSE,8,8,8,0,
52694,MAIANTHEMUM CANADENSE,MACA4,61,PA_APG,MAIANTHEMUM CANADENSE,5,8,5,-3,
52694,MAIANTHEMUM CANADENSE,MACA4,59,RI_NCZ,MAIANTHEMUM CANADENSE,4,4,4,0,
52694,MAIANTHEMUM CANADENSE,MACA4,83,VT_GLHL,MAIANTHEMUM CANADENSE,4,4,4,0,
52694,MAIANTHEMUM CANADENSE,MACA4,58,VT_NAAMH,MAIANTHEMUM CANADENSE,3,3,3,0,
52694,MAIANTHEMUM CANADENSE,MACA4,WI,WI,MAIANTHEMUM CANADENSE,5,5,5,0,
52699,MAIANTHEMUM RACEMOSUM,MARA7,MI,MI,,NA,5,5,NA,
52699,MAIANTHEMUM RACEMOSUM,MARA7,MN,MN,,NA,5,5,NA,
52699,MAIANTHEMUM RACEMOSUM,MARA7,83,NY_GLHL,MAIANTHEMUM RACEMOSUM,6,6,6,0,
52701,MAIANTHEMUM RACEMOSUM SSP. RACEMOSUM,MARAR,59,MA_NCZ,,NA,3,5,NA,Updated to ssp. Cval/CoC Ref
52701,MAIANTHEMUM RACEMOSUM SSP. RACEMOSUM,MARAR,58,ME_NAAMH,,NA,5,5,NA,
52701,MAIANTHEMUM RACEMOSUM SSP. RACEMOSUM,MARAR,58,NH_NAAMH,,NA,3,5,NA,Updated to ssp. Cval/CoC Ref
52701,MAIANTHEMUM RACEMOSUM SSP. RACEMOSUM,MARAR,58,NJ,,NA,5,5,NA,
52703,MAIANTHEMUM STELLATUM,MAST4,MI,MI,,NA,5,5,NA,
52703,MAIANTHEMUM STELLATUM,MAST4,MN,MN,MAIANTHEMUM STELLATUM,5,5,5,0,
52704,MAIANTHEMUM TRIFOLIUM,MATR4,58,ME_NAAMH,MAIANTHEMUM TRIFOLIUM,8,8,8,0,
52704,MAIANTHEMUM TRIFOLIUM,MATR4,82,ME_NBPH,MAIANTHEMUM TRIFOLIUM,7,7,7,0,
52704,MAIANTHEMUM TRIFOLIUM,MATR4,MI,MI,,NA,10,10,NA,
52704,MAIANTHEMUM TRIFOLIUM,MATR4,MN,MN,MAIANTHEMUM TRIFOLIUM,9,9,9,0,
52704,MAIANTHEMUM TRIFOLIUM,MATR4,58,NH_NAAMH,MAIANTHEMUM TRIFOLIUM,8,8,8,0,
52704,MAIANTHEMUM TRIFOLIUM,MATR4,58,NY_NAAMH,MAIANTHEMUM TRIFOLIUM,8,8,8,0,
52704,MAIANTHEMUM TRIFOLIUM,MATR4,WI,WI,MAIANTHEMUM TRIFOLIUM,10,10,10,0,
52814,MALAXIS BRACHYPODA,MABR5,83,NY_GLHL,MALAXIS BRACHYPODA,8,8,8,0,
52865,MALUS,MALUS,58,CT_NAAMH,,NA,0,0,NA,
52865,MALUS,MALUS,59,CT_NCZ,,NA,0,0,NA,
52865,MALUS,MALUS,59,MA_NCZ,,NA,0,0,NA,
52865,MALUS,MALUS,MI,MI,,NA,0,0,NA,
52882,MALUS BACCATA,MABA,59,MA_NCZ,MALUS BACCATA,0,0,0,0,
52917,MALUS PRUNIFOLIA,MAPR,59,RI_NCZ,MALUS PRUNIFOLIA,0,0,0,0,
52920,MALUS PUMILA,MAPU,61,PA_APG,,NA,0,0,NA,
52920,MALUS PUMILA,MAPU,59,RI_NCZ,MALUS PUMILA,0,0,0,0,
52920,MALUS PUMILA,MAPU,58,VT_NAAMH,MALUS PUMILA,0,0,0,0,
52933,MALUS TORINGO,MATO6,59,CT_NCZ,,NA,0,0,NA,
52933,MALUS TORINGO,MATO6,59,MA_NCZ,,NA,0,0,NA,
52933,MALUS TORINGO,MATO6,58,NJ,,NA,0,0,NA,
53484,MATTEUCCIA STRUTHIOPTERIS,MAST,59,CT_NCZ,MATTEUCCIA STRUTHIOPTERIS,6,6,6,0,
53484,MATTEUCCIA STRUTHIOPTERIS,MAST,MI,MI,MATTEUCCIA STRUTHIOPTERIS,3,3,3,0,
53484,MATTEUCCIA STRUTHIOPTERIS,MAST,MN,MN,MATTEUCCIA STRUTHIOPTERIS,5,5,5,0,
53484,MATTEUCCIA STRUTHIOPTERIS,MAST,58,NH_NAAMH,MATTEUCCIA STRUTHIOPTERIS,6,6,6,0,
53484,MATTEUCCIA STRUTHIOPTERIS,MAST,83,VT_GLHL,MATTEUCCIA STRUTHIOPTERIS,5,5,5,0,
53484,MATTEUCCIA STRUTHIOPTERIS,MAST,58,VT_NAAMH,MATTEUCCIA STRUTHIOPTERIS,6,6,6,0,
53484,MATTEUCCIA STRUTHIOPTERIS,MAST,WI,WI,MATTEUCCIA STRUTHIOPTERIS,5,5,5,0,
53569,MEDEOLA VIRGINIANA,MEVI,58,MA_NAAMH,MEDEOLA VIRGINIANA,5,5,5,0,
53569,MEDEOLA VIRGINIANA,MEVI,59,MA_NCZ,MEDEOLA VIRGINIANA,5,5,5,0,
53569,MEDEOLA VIRGINIANA,MEVI,58,ME_NAAMH,MEDEOLA VIRGINIANA,5,5,5,0,
53569,MEDEOLA VIRGINIANA,MEVI,59,ME_NCZ,MEDEOLA VIRGINIANA,5,5,5,0,
53569,MEDEOLA VIRGINIANA,MEVI,58,NY_NAAMH,MEDEOLA VIRGINIANA,5,5,5,0,
53569,MEDEOLA VIRGINIANA,MEVI,62,PA_AP,MEDEOLA VIRGINIANA,7,7,7,0,
53569,MEDEOLA VIRGINIANA,MEVI,61,PA_APG,MEDEOLA VIRGINIANA,7,7,7,0,
53569,MEDEOLA VIRGINIANA,MEVI,58,VT_NAAMH,MEDEOLA VIRGINIANA,5,5,5,0,
53633,MEDICAGO SATIVA,MESA,WI,WI,MEDICAGO SATIVA,0,0,0,0,
53850,MELAMPYRUM LINEARE,MELI2,59,MA_NCZ,MELAMPYRUM LINEARE,6,6,6,0,
54132,MELILOTUS OFFICINALIS,MEOF,MN,MN,MELILOTUS OFFICINALIS,0,0,0,0,
54198,MENISPERMUM CANADENSE,MECA3,IN,IN,MENISPERMUM CANADENSE,3,3,3,0,
54198,MENISPERMUM CANADENSE,MECA3,MI,MI,MENISPERMUM CANADENSE,5,5,5,0,
54198,MENISPERMUM CANADENSE,MECA3,61,PA_APG,MENISPERMUM CANADENSE,5,5,5,0,
54212,MENTHA,MENTH,MN,MN,,NA,0,0,NA,
54212,MENTHA,MENTH,58,NH_NAAMH,,NA,4,4,NA,
54212,MENTHA,MENTH,58,VT_NAAMH,,NA,4,4,NA,
54226,MENTHA AQUATICA,MEAQ,59,MA_NCZ,MENTHA AQUATICA,0,0,0,0,
54228,MENTHA ARVENSIS,MEAR4,58,ME_NAAMH,MENTHA ARVENSIS,4,4,4,0,
54228,MENTHA ARVENSIS,MEAR4,MI,MI,,NA,3,3,NA,
54228,MENTHA ARVENSIS,MEAR4,MN,MN,MENTHA ARVENSIS,3,3,3,0,
54228,MENTHA ARVENSIS,MEAR4,58,NH_NAAMH,MENTHA ARVENSIS,4,4,4,0,
54228,MENTHA ARVENSIS,MEAR4,83,NY_GLHL,MENTHA ARVENSIS,4,4,4,0,
54228,MENTHA ARVENSIS,MEAR4,61,PA_APG,MENTHA ARVENSIS,3,3,3,0,
54228,MENTHA ARVENSIS,MEAR4,83,VT_GLHL,MENTHA ARVENSIS,4,4,4,0,
54228,MENTHA ARVENSIS,MEAR4,58,VT_NAAMH,MENTHA ARVENSIS,4,4,4,0,
54228,MENTHA ARVENSIS,MEAR4,WI,WI,,NA,3,3,NA,
54251,MENTHA PULEGIUM,MEPU,62,PA_AP,,NA,0,0,NA,
54255,MENTHA SPICATA,MESP3,61,PA_APG,,NA,0,0,NA,
54384,MENYANTHES TRIFOLIATA,METR3,58,ME_NAAMH,MENYANTHES TRIFOLIATA,8,8,8,0,
54384,MENYANTHES TRIFOLIATA,METR3,82,ME_NBPH,MENYANTHES TRIFOLIATA,8,8,8,0,
54384,MENYANTHES TRIFOLIATA,METR3,MI,MI,MENYANTHES TRIFOLIATA,8,8,8,0,
54384,MENYANTHES TRIFOLIATA,METR3,MN,MN,MENYANTHES TRIFOLIATA,9,9,9,0,
54384,MENYANTHES TRIFOLIATA,METR3,62,PA_AP,MENYANTHES TRIFOLIATA,10,10,10,0,
54384,MENYANTHES TRIFOLIATA,METR3,58,VT_NAAMH,MENYANTHES TRIFOLIATA,8,8,8,0,
54384,MENYANTHES TRIFOLIATA,METR3,WI,WI,MENYANTHES TRIFOLIATA,10,10,10,0,
54841,MICROSTEGIUM VIMINEUM,MIVI,59,CT_NCZ,MICROSTEGIUM VIMINEUM,0,0,0,0,
54841,MICROSTEGIUM VIMINEUM,MIVI,58,NJ,MICROSTEGIUM VIMINEUM,0,0,0,0,
54841,MICROSTEGIUM VIMINEUM,MIVI,62,PA_AP,,NA,0,0,NA,
54885,MIKANIA SCANDENS,MISC,59,CT_NCZ,MIKANIA SCANDENS,5,5,5,0,
54885,MIKANIA SCANDENS,MISC,59,MA_NCZ,MIKANIA SCANDENS,5,5,5,0,
54885,MIKANIA SCANDENS,MISC,59,RI_NCZ,MIKANIA SCANDENS,5,5,5,0,
54890,MILIUM EFFUSUM,MIEF,MI,MI,MILIUM EFFUSUM,8,8,8,0,
54891,MILIUM EFFUSUM VAR. CISATLANTICUM,MIEFC,MN,MN,MILIUM EFFUSUM VAR. CISATLANTICUM,7,7,7,0,
55252,MIMULUS RINGENS,MIRI,58,CT_NAAMH,MIMULUS RINGENS,5,5,5,0,
55252,MIMULUS RINGENS,MIRI,59,CT_NCZ,MIMULUS RINGENS,5,5,5,0,
55252,MIMULUS RINGENS,MIRI,IN,IN,MIMULUS RINGENS,4,4,4,0,
55252,MIMULUS RINGENS,MIRI,82,ME_NBPH,MIMULUS RINGENS,6,6,6,0,
55252,MIMULUS RINGENS,MIRI,MN,MN,,NA,6,5,NA,Updated to ssp. Cval/CoC Ref
55252,MIMULUS RINGENS,MIRI,58,NH_NAAMH,MIMULUS RINGENS,5,5,5,0,
55252,MIMULUS RINGENS,MIRI,59,NH_NCZ,MIMULUS RINGENS,5,5,5,0,
55252,MIMULUS RINGENS,MIRI,83,NY_GLHL,MIMULUS RINGENS,6,6,6,0,
55252,MIMULUS RINGENS,MIRI,59,RI_NCZ,MIMULUS RINGENS,5,5,5,0,
55252,MIMULUS RINGENS,MIRI,WI,WI,MIMULUS RINGENS,6,6,6,0,
55256,MIMULUS RINGENS VAR. RINGENS,MIRIR,MN,MN,,NA,5,5,NA,
55256,MIMULUS RINGENS VAR. RINGENS,MIRIR,59,NH_NCZ,,NA,5,5,NA,
55256,MIMULUS RINGENS VAR. RINGENS,MIRIR,61,PA_APG,,NA,5,5,NA,
55486,MITCHELLA REPENS,MIRE,58,MA_NAAMH,MITCHELLA REPENS,6,6,6,0,
55486,MITCHELLA REPENS,MIRE,59,MA_NCZ,MITCHELLA REPENS,5,5,5,0,
55486,MITCHELLA REPENS,MIRE,58,ME_NAAMH,MITCHELLA REPENS,6,6,6,0,
55486,MITCHELLA REPENS,MIRE,82,ME_NBPH,MITCHELLA REPENS,5,5,5,0,
55486,MITCHELLA REPENS,MIRE,59,ME_NCZ,MITCHELLA REPENS,5,5,5,0,
55486,MITCHELLA REPENS,MIRE,MI,MI,MITCHELLA REPENS,5,5,5,0,
55486,MITCHELLA REPENS,MIRE,58,NH_NAAMH,MITCHELLA REPENS,6,6,6,0,
55486,MITCHELLA REPENS,MIRE,58,NJ,MITCHELLA REPENS,6,5,6,1,
55486,MITCHELLA REPENS,MIRE,58,NY_NAAMH,MITCHELLA REPENS,6,6,6,0,
55486,MITCHELLA REPENS,MIRE,60,NY_OTH,MITCHELLA REPENS,6,4,6,2,
55486,MITCHELLA REPENS,MIRE,61,OH_APG,MITCHELLA REPENS,6,6,6,0,
55486,MITCHELLA REPENS,MIRE,62,PA_AP,MITCHELLA REPENS,6,6,6,0,
55486,MITCHELLA REPENS,MIRE,61,PA_APG,MITCHELLA REPENS,6,6,6,0,
55486,MITCHELLA REPENS,MIRE,59,RI_NCZ,MITCHELLA REPENS,5,5,5,0,
55486,MITCHELLA REPENS,MIRE,83,VT_GLHL,MITCHELLA REPENS,6,6,6,0,
55487,MITELLA,MITEL,MI,MI,,NA,8,8,NA,
55491,MITELLA DIPHYLLA,MIDI3,MI,MI,MITELLA DIPHYLLA,8,8,8,0,
55491,MITELLA DIPHYLLA,MIDI3,58,VT_NAAMH,MITELLA DIPHYLLA,8,8,8,0,
55493,MITELLA NUDA,MINU3,82,ME_NBPH,MITELLA NUDA,7,7,7,0,
55493,MITELLA NUDA,MINU3,MI,MI,MITELLA NUDA,8,8,8,0,
55493,MITELLA NUDA,MINU3,MN,MN,MITELLA NUDA,7,7,7,0,
55493,MITELLA NUDA,MINU3,83,VT_GLHL,MITELLA NUDA,8,8,8,0,
55493,MITELLA NUDA,MINU3,58,VT_NAAMH,MITELLA NUDA,8,8,8,0,
55493,MITELLA NUDA,MINU3,WI,WI,MITELLA NUDA,9,9,9,0,
55596,MOEHRINGIA LATERIFLORA,MOLA6,59,CT_NCZ,MOEHRINGIA LATERIFLORA,6,6,6,0,
55596,MOEHRINGIA LATERIFLORA,MOLA6,59,RI_NCZ,MOEHRINGIA LATERIFLORA,6,6,6,0,
55634,MOLLUGO VERTICILLATA,MOVE,WI,WI,MOLLUGO VERTICILLATA,0,0,0,0,
55662,MONARDA DIDYMA,MODI,62,PA_AP,MONARDA DIDYMA,6,6,6,0,
55805,MONESES UNIFLORA,MOUN2,82,ME_NBPH,MONESES UNIFLORA,7,7,7,0,
55805,MONESES UNIFLORA,MOUN2,MI,MI,MONESES UNIFLORA,8,8,8,0,
55805,MONESES UNIFLORA,MOUN2,58,VT_NAAMH,MONESES UNIFLORA,7,7,7,0,
55844,MONOTROPA UNIFLORA,MOUN3,58,ME_NAAMH,MONOTROPA UNIFLORA,6,6,6,0,
55844,MONOTROPA UNIFLORA,MOUN3,82,ME_NBPH,MONOTROPA UNIFLORA,6,6,6,0,
55844,MONOTROPA UNIFLORA,MOUN3,MN,MN,MONOTROPA UNIFLORA,6,6,6,0,
55844,MONOTROPA UNIFLORA,MOUN3,58,NH_NAAMH,MONOTROPA UNIFLORA,6,6,6,0,
55844,MONOTROPA UNIFLORA,MOUN3,58,NJ,MONOTROPA UNIFLORA,6,5,6,1,
55844,MONOTROPA UNIFLORA,MOUN3,59,RI_NCZ,MONOTROPA UNIFLORA,6,6,6,0,
55844,MONOTROPA UNIFLORA,MOUN3,58,VT_NAAMH,MONOTROPA UNIFLORA,6,6,6,0,
55844,MONOTROPA UNIFLORA,MOUN3,WI,WI,MONOTROPA UNIFLORA,5,5,5,0,
55920,MORELLA CAROLINIENSIS,MOCA7,82,ME_NBPH,,NA,7,7,NA,
55927,MORELLA PENSYLVANICA,MOPE6,82,ME_NBPH,MORELLA PENSYLVANICA,4,4,4,0,
55927,MORELLA PENSYLVANICA,MOPE6,61,OH_APG,MORELLA PENSYLVANICA,4,4,4,0,
55927,MORELLA PENSYLVANICA,MOPE6,59,RI_NCZ,MORELLA PENSYLVANICA,4,4,4,0,
55961,MORUS ALBA,MOAL,IN,IN,MORUS ALBA,0,0,0,0,
55971,MORUS RUBRA,MORU2,IN,IN,MORUS RUBRA,4,4,4,0,
55971,MORUS RUBRA,MORU2,MI,MI,MORUS RUBRA,9,9,9,0,
56060,MUHLENBERGIA GLOMERATA,MUGL3,58,ME_NAAMH,MUHLENBERGIA GLOMERATA,8,8,8,0,
56060,MUHLENBERGIA GLOMERATA,MUGL3,MI,MI,MUHLENBERGIA GLOMERATA,10,10,10,0,
56060,MUHLENBERGIA GLOMERATA,MUGL3,MN,MN,MUHLENBERGIA GLOMERATA,8,8,8,0,
56072,MUHLENBERGIA MEXICANA,MUME2,MI,MI,MUHLENBERGIA MEXICANA,3,3,3,0,
56072,MUHLENBERGIA MEXICANA,MUME2,83,NY_GLHL,MUHLENBERGIA MEXICANA,4,4,4,0,
56072,MUHLENBERGIA MEXICANA,MUME2,WI,WI,MUHLENBERGIA MEXICANA,4,4,4,0,
56089,MUHLENBERGIA RACEMOSA,MURA,58,NH_NAAMH,MUHLENBERGIA RACEMOSA,2,0,2,2,
56121,MUHLENBERGIA UNIFLORA,MUUN,82,ME_NBPH,MUHLENBERGIA UNIFLORA,4,4,4,0,
56328,MYOSOTIS LAXA,MYLA,59,CT_NCZ,MYOSOTIS LAXA,5,5,5,0,
56328,MYOSOTIS LAXA,MYLA,MN,MN,MYOSOTIS LAXA,7,7,7,0,
56328,MYOSOTIS LAXA,MYLA,83,NY_GLHL,MYOSOTIS LAXA,4,4,4,0,
56328,MYOSOTIS LAXA,MYLA,61,PA_APG,MYOSOTIS LAXA,6,6,6,0,
56328,MYOSOTIS LAXA,MYLA,59,RI_NCZ,MYOSOTIS LAXA,5,5,5,0,
56333,MYOSOTIS SCORPIOIDES,MYSC,59,MA_NCZ,MYOSOTIS SCORPIOIDES,0,0,0,0,
56333,MYOSOTIS SCORPIOIDES,MYSC,MN,MN,MYOSOTIS SCORPIOIDES,0,0,0,0,
56333,MYOSOTIS SCORPIOIDES,MYSC,83,NY_GLHL,MYOSOTIS SCORPIOIDES,0,0,0,0,
56333,MYOSOTIS SCORPIOIDES,MYSC,58,VT_NAAMH,MYOSOTIS SCORPIOIDES,0,0,0,0,
56345,MYOSOTON AQUATICUM,MYAQ,MN,MN,MYOSOTON AQUATICUM,0,0,0,0,
56407,MYRICA GALE,MYGA,58,ME_NAAMH,MYRICA GALE,7,7,7,0,
56407,MYRICA GALE,MYGA,82,ME_NBPH,MYRICA GALE,5,5,5,0,
56407,MYRICA GALE,MYGA,MI,MI,MYRICA GALE,6,6,6,0,
56407,MYRICA GALE,MYGA,MN,MN,MYRICA GALE,8,8,8,0,
56407,MYRICA GALE,MYGA,58,NH_NAAMH,MYRICA GALE,7,7,7,0,
56407,MYRICA GALE,MYGA,83,NY_GLHL,MYRICA GALE,7,7,7,0,
56407,MYRICA GALE,MYGA,58,NY_NAAMH,MYRICA GALE,7,7,7,0,
56407,MYRICA GALE,MYGA,58,VT_NAAMH,MYRICA GALE,7,7,7,0,
56407,MYRICA GALE,MYGA,WI,WI,MYRICA GALE,9,9,9,0,
56443,MYRIOPHYLLUM SIBIRICUM,MYSI,MN,MN,MYRIOPHYLLUM SIBIRICUM,7,7,7,0,
56444,MYRIOPHYLLUM SPICATUM,MYSP2,59,RI_NCZ,MYRIOPHYLLUM SPICATUM,0,0,0,0,
56586,NAJAS FLEXILIS,NAFL,59,CT_NCZ,NAJAS FLEXILIS,4,4,4,0,
56586,NAJAS FLEXILIS,NAFL,MI,MI,NAJAS FLEXILIS,5,5,5,0,
56586,NAJAS FLEXILIS,NAFL,MN,MN,NAJAS FLEXILIS,5,5,5,0,
56586,NAJAS FLEXILIS,NAFL,59,RI_NCZ,NAJAS FLEXILIS,4,4,4,0,
56591,NAJAS GRACILLIMA,NAGR,MN,MN,NAJAS GRACILLIMA,10,10,10,0,
56593,NAJAS GUADALUPENSIS,NAGU,MN,MN,NAJAS GUADALUPENSIS,8,8,8,0,
56742,NASTURTIUM MICROPHYLLUM,NAMI2,59,CT_NCZ,NASTURTIUM MICROPHYLLUM,0,0,0,0,
56742,NASTURTIUM MICROPHYLLUM,NAMI2,59,MA_NCZ,NASTURTIUM MICROPHYLLUM,0,0,0,0,
56742,NASTURTIUM MICROPHYLLUM,NAMI2,82,ME_NBPH,NASTURTIUM MICROPHYLLUM,0,0,0,0,
56747,NASTURTIUM OFFICINALE,NAOF,62,PA_AP,,NA,0,0,NA,
56747,NASTURTIUM OFFICINALE,NAOF,58,VT_NAAMH,NASTURTIUM OFFICINALE,0,0,0,0,
57506,NUPHAR LUTEA SSP. ADVENA,NULUA,59,MA_NCZ,NUPHAR ADVENA,4,4,4,0,
57506,NUPHAR LUTEA SSP. ADVENA,NULUA,83,NY_GLHL,NUPHAR ADVENA,4,4,4,0,
57506,NUPHAR LUTEA SSP. ADVENA,NULUA,59,RI_NCZ,NUPHAR ADVENA,4,4,4,0,
57515,NUPHAR LUTEA SSP. VARIEGATA,NULUV,59,CT_NCZ,NUPHAR LUTEA SSP. VARIEGATA,4,4,4,0,
57515,NUPHAR LUTEA SSP. VARIEGATA,NULUV,59,MA_NCZ,NUPHAR LUTEA SSP. VARIEGATA,4,4,4,0,
57515,NUPHAR LUTEA SSP. VARIEGATA,NULUV,82,ME_NBPH,NUPHAR LUTEA SSP. VARIEGATA,4,4,4,0,
57515,NUPHAR LUTEA SSP. VARIEGATA,NULUV,MI,MI,NUPHAR VARIEGATA,7,7,7,0,
57515,NUPHAR LUTEA SSP. VARIEGATA,NULUV,MN,MN,NUPHAR LUTEA SSP. VARIEGATA,6,6,6,0,
57515,NUPHAR LUTEA SSP. VARIEGATA,NULUV,59,NH_NCZ,NUPHAR LUTEA SSP. VARIEGATA,4,4,4,0,
57515,NUPHAR LUTEA SSP. VARIEGATA,NULUV,62,PA_AP,NUPHAR LUTEA SSP. VARIEGATA,5,5,5,0,
57515,NUPHAR LUTEA SSP. VARIEGATA,NULUV,83,PA_OTH,NUPHAR LUTEA SSP. VARIEGATA,4,5,4,-1,
57515,NUPHAR LUTEA SSP. VARIEGATA,NULUV,59,RI_NCZ,NUPHAR LUTEA SSP. VARIEGATA,4,4,4,0,
57515,NUPHAR LUTEA SSP. VARIEGATA,NULUV,83,VT_GLHL,NUPHAR LUTEA SSP. VARIEGATA,4,4,4,0,
57587,NYMPHAEA ODORATA,NYOD,59,CT_NCZ,NYMPHAEA ODORATA,5,5,5,0,
57587,NYMPHAEA ODORATA,NYOD,59,MA_NCZ,NYMPHAEA ODORATA,5,5,5,0,
57587,NYMPHAEA ODORATA,NYOD,82,ME_NBPH,NYMPHAEA ODORATA,5,5,5,0,
57587,NYMPHAEA ODORATA,NYOD,MI,MI,NYMPHAEA ODORATA,6,6,6,0,
57587,NYMPHAEA ODORATA,NYOD,MN,MN,NYMPHAEA ODORATA,6,6,6,0,
57587,NYMPHAEA ODORATA,NYOD,83,NY_GLHL,NYMPHAEA ODORATA,4,4,4,0,
57587,NYMPHAEA ODORATA,NYOD,61,OH_APG,NYMPHAEA ODORATA,4,4,4,0,
57587,NYMPHAEA ODORATA,NYOD,59,RI_NCZ,NYMPHAEA ODORATA,5,5,5,0,
57587,NYMPHAEA ODORATA,NYOD,83,VT_GLHL,NYMPHAEA ODORATA,4,4,4,0,
57588,NYMPHAEA ODORATA SSP. ODORATA,NYODO,59,NH_NCZ,NYMPHAEA ODORATA SSP. ODORATA,5,5,5,0,
57588,NYMPHAEA ODORATA SSP. ODORATA,NYODO,83,NY_GLHL,NYMPHAEA ODORATA SSP. ODORATA,4,4,4,0,
57588,NYMPHAEA ODORATA SSP. ODORATA,NYODO,62,PA_AP,,NA,4,4,NA,
57588,NYMPHAEA ODORATA SSP. ODORATA,NYODO,83,PA_OTH,NYMPHAEA ODORATA SSP. ODORATA,4,5,4,-1,
57611,NYMPHOIDES CORDATA,NYCO,83,NY_GLHL,NYMPHOIDES CORDATA,8,8,8,0,
57631,NYSSA SYLVATICA,NYSY,59,CT_NCZ,NYSSA SYLVATICA,6,6,6,0,
57631,NYSSA SYLVATICA,NYSY,IN,IN,NYSSA SYLVATICA,5,5,5,0,
57631,NYSSA SYLVATICA,NYSY,59,MA_NCZ,NYSSA SYLVATICA,6,6,6,0,
57631,NYSSA SYLVATICA,NYSY,MI,MI,NYSSA SYLVATICA,9,9,9,0,
57631,NYSSA SYLVATICA,NYSY,58,NJ,NYSSA SYLVATICA,7,4,7,3,
57631,NYSSA SYLVATICA,NYSY,61,OH_APG,NYSSA SYLVATICA,6,6,6,0,
57631,NYSSA SYLVATICA,NYSY,62,PA_AP,NYSSA SYLVATICA,6,6,6,0,
57631,NYSSA SYLVATICA,NYSY,61,PA_APG,NYSSA SYLVATICA,6,6,6,0,
57631,NYSSA SYLVATICA,NYSY,59,RI_NCZ,NYSSA SYLVATICA,6,6,6,0,
57758,OCLEMENA ACUMINATA,OCAC,58,MA_NAAMH,OCLEMENA ACUMINATA,4,4,4,0,
57758,OCLEMENA ACUMINATA,OCAC,59,MA_NCZ,OCLEMENA ACUMINATA,5,5,5,0,
57758,OCLEMENA ACUMINATA,OCAC,58,ME_NAAMH,OCLEMENA ACUMINATA,4,4,4,0,
57758,OCLEMENA ACUMINATA,OCAC,82,ME_NBPH,OCLEMENA ACUMINATA,4,4,4,0,
57758,OCLEMENA ACUMINATA,OCAC,58,NH_NAAMH,OCLEMENA ACUMINATA,4,4,4,0,
57758,OCLEMENA ACUMINATA,OCAC,59,RI_NCZ,OCLEMENA ACUMINATA,5,5,5,0,
57758,OCLEMENA ACUMINATA,OCAC,83,VT_GLHL,OCLEMENA ACUMINATA,6,6,6,0,
57758,OCLEMENA ACUMINATA,OCAC,58,VT_NAAMH,OCLEMENA ACUMINATA,4,4,4,0,
57759,OCLEMENA NEMORALIS,OCNE2,82,ME_NBPH,OCLEMENA NEMORALIS,8,8,8,0,
57759,OCLEMENA NEMORALIS,OCNE2,58,NH_NAAMH,OCLEMENA NEMORALIS,8,8,8,0,
57757,OCLEMENA xBLAKEI,OCBL,82,ME_NBPH,,NA,5,5,NA,
57846,OENOTHERA,OENOT,59,RI_NCZ,,NA,Und,Und,NA,
131571,OENOTHERA GAURA,OEGA,61,PA_APG,,NA,Und,Und,NA,
58327,OLIGONEURON RIDDELLII,OLRI2,MN,MN,,NA,8,8,NA,
58462,ONOCLEA SENSIBILIS,ONSE,58,CT_NAAMH,ONOCLEA SENSIBILIS,2,2,2,0,
58462,ONOCLEA SENSIBILIS,ONSE,59,CT_NCZ,ONOCLEA SENSIBILIS,2,2,2,0,
58462,ONOCLEA SENSIBILIS,ONSE,IN,IN,ONOCLEA SENSIBILIS,4,4,4,0,
58462,ONOCLEA SENSIBILIS,ONSE,59,MA_NCZ,ONOCLEA SENSIBILIS,2,2,2,0,
58462,ONOCLEA SENSIBILIS,ONSE,58,ME_NAAMH,ONOCLEA SENSIBILIS,2,2,2,0,
58462,ONOCLEA SENSIBILIS,ONSE,82,ME_NBPH,ONOCLEA SENSIBILIS,3,3,3,0,
58462,ONOCLEA SENSIBILIS,ONSE,59,ME_NCZ,ONOCLEA SENSIBILIS,2,2,2,0,
58462,ONOCLEA SENSIBILIS,ONSE,MI,MI,ONOCLEA SENSIBILIS,2,2,2,0,
58462,ONOCLEA SENSIBILIS,ONSE,MN,MN,ONOCLEA SENSIBILIS,4,4,4,0,
58462,ONOCLEA SENSIBILIS,ONSE,58,NH_NAAMH,ONOCLEA SENSIBILIS,2,2,2,0,
58462,ONOCLEA SENSIBILIS,ONSE,59,NH_NCZ,ONOCLEA SENSIBILIS,2,2,2,0,
58462,ONOCLEA SENSIBILIS,ONSE,58,NJ,ONOCLEA SENSIBILIS,2,3,2,-1,
58462,ONOCLEA SENSIBILIS,ONSE,83,NY_GLHL,ONOCLEA SENSIBILIS,2,2,2,0,
58462,ONOCLEA SENSIBILIS,ONSE,58,NY_NAAMH,ONOCLEA SENSIBILIS,2,2,2,0,
58462,ONOCLEA SENSIBILIS,ONSE,61,OH_APG,ONOCLEA SENSIBILIS,3,3,3,0,
58462,ONOCLEA SENSIBILIS,ONSE,62,PA_AP,ONOCLEA SENSIBILIS,3,3,3,0,
58462,ONOCLEA SENSIBILIS,ONSE,60,PA_APG,ONOCLEA SENSIBILIS,3,3,3,0,
58462,ONOCLEA SENSIBILIS,ONSE,61,PA_APG,ONOCLEA SENSIBILIS,3,3,3,0,
58462,ONOCLEA SENSIBILIS,ONSE,59,RI_NCZ,ONOCLEA SENSIBILIS,2,2,2,0,
58462,ONOCLEA SENSIBILIS,ONSE,83,VT_GLHL,ONOCLEA SENSIBILIS,2,2,2,0,
58462,ONOCLEA SENSIBILIS,ONSE,58,VT_NAAMH,ONOCLEA SENSIBILIS,2,2,2,0,
58462,ONOCLEA SENSIBILIS,ONSE,WI,WI,ONOCLEA SENSIBILIS,5,5,5,0,
58607,OPHIOGLOSSUM PUSILLUM,OPPU3,83,NY_GLHL,OPHIOGLOSSUM PUSILLUM,6,6,6,0,
90976,ORCHIDACEAE,ORCHID,MI,MI,,NA,Und,Und,NA,
90976,ORCHIDACEAE,ORCHID,61,PA_APG,,NA,Und,Und,NA,
90976,ORCHIDACEAE,ORCHID,WI,WI,,NA,Und,Und,NA,
59241,ORTHILIA SECUNDA,ORSE,82,ME_NBPH,ORTHILIA SECUNDA,7,7,7,0,
59241,ORTHILIA SECUNDA,ORSE,MN,MN,ORTHILIA SECUNDA,7,7,7,0,
59241,ORTHILIA SECUNDA,ORSE,WI,WI,ORTHILIA SECUNDA,7,7,7,0,
59424,ORYZOPSIS ASPERIFOLIA,ORAS,MI,MI,ORYZOPSIS ASPERIFOLIA,6,6,6,0,
59470,OSMORHIZA,OSMOR,MI,MI,,NA,5,5,NA,
59484,OSMORHIZA CLAYTONII,OSCL,IN,IN,OSMORHIZA CLAYTONII,3,3,3,0,
59484,OSMORHIZA CLAYTONII,OSCL,58,ME_NAAMH,OSMORHIZA CLAYTONII,7,7,7,0,
59484,OSMORHIZA CLAYTONII,OSCL,MI,MI,OSMORHIZA CLAYTONII,4,4,4,0,
59484,OSMORHIZA CLAYTONII,OSCL,MN,MN,OSMORHIZA CLAYTONII,3,3,3,0,
59484,OSMORHIZA CLAYTONII,OSCL,61,OH_APG,OSMORHIZA CLAYTONII,5,5,5,0,
59501,OSMUNDA,OSMUN,MI,MI,,NA,5,5,NA,
59504,OSMUNDA CINNAMOMEA,OSCI,58,CT_NAAMH,OSMUNDA CINNAMOMEA,5,5,5,0,
59504,OSMUNDA CINNAMOMEA,OSCI,59,CT_NCZ,OSMUNDA CINNAMOMEA,4,4,4,0,
59504,OSMUNDA CINNAMOMEA,OSCI,58,MA_NAAMH,OSMUNDA CINNAMOMEA,5,5,5,0,
59504,OSMUNDA CINNAMOMEA,OSCI,59,MA_NCZ,OSMUNDA CINNAMOMEA,4,4,4,0,
59504,OSMUNDA CINNAMOMEA,OSCI,82,ME_NBPH,OSMUNDA CINNAMOMEA,4,4,4,0,
59504,OSMUNDA CINNAMOMEA,OSCI,59,ME_NCZ,OSMUNDA CINNAMOMEA,4,4,4,0,
59504,OSMUNDA CINNAMOMEA,OSCI,MI,MI,OSMUNDA CINNAMOMEA,5,5,5,0,
59504,OSMUNDA CINNAMOMEA,OSCI,MN,MN,,NA,7,7,NA,
59504,OSMUNDA CINNAMOMEA,OSCI,58,NH_NAAMH,OSMUNDA CINNAMOMEA,5,5,5,0,
59504,OSMUNDA CINNAMOMEA,OSCI,58,NJ,OSMUNDA CINNAMOMEA,5,5,5,0,
59504,OSMUNDA CINNAMOMEA,OSCI,83,NY_GLHL,OSMUNDA CINNAMOMEA,6,6,6,0,
59504,OSMUNDA CINNAMOMEA,OSCI,58,NY_NAAMH,OSMUNDA CINNAMOMEA,5,5,5,0,
59504,OSMUNDA CINNAMOMEA,OSCI,60,NY_OTH,OSMUNDA CINNAMOMEA,6,4,6,2,
59504,OSMUNDA CINNAMOMEA,OSCI,61,OH_APG,OSMUNDA CINNAMOMEA,6,6,6,0,
59504,OSMUNDA CINNAMOMEA,OSCI,62,PA_AP,OSMUNDA CINNAMOMEA,6,6,6,0,
59504,OSMUNDA CINNAMOMEA,OSCI,61,PA_APG,OSMUNDA CINNAMOMEA,6,6,6,0,
59504,OSMUNDA CINNAMOMEA,OSCI,59,RI_NCZ,OSMUNDA CINNAMOMEA,4,4,4,0,
59504,OSMUNDA CINNAMOMEA,OSCI,83,VT_GLHL,OSMUNDA CINNAMOMEA,6,6,6,0,
59504,OSMUNDA CINNAMOMEA,OSCI,58,VT_NAAMH,OSMUNDA CINNAMOMEA,5,5,5,0,
59504,OSMUNDA CINNAMOMEA,OSCI,WI,WI,OSMUNDA CINNAMOMEA,7,7,7,0,
59505,OSMUNDA CINNAMOMEA VAR. CINNAMOMEA,OSCIC,MN,MN,OSMUNDA CINNAMOMEA VAR. CINNAMOMEA,7,7,7,0,
59505,OSMUNDA CINNAMOMEA VAR. CINNAMOMEA,OSCIC,58,NH_NAAMH,,NA,5,5,NA,
59505,OSMUNDA CINNAMOMEA VAR. CINNAMOMEA,OSCIC,83,NY_GLHL,,NA,6,6,NA,
59505,OSMUNDA CINNAMOMEA VAR. CINNAMOMEA,OSCIC,58,NY_NAAMH,,NA,5,5,NA,
59509,OSMUNDA CLAYTONIANA,OSCL2,59,CT_NCZ,OSMUNDA CLAYTONIANA,4,4,4,0,
59509,OSMUNDA CLAYTONIANA,OSCL2,58,ME_NAAMH,OSMUNDA CLAYTONIANA,4,4,4,0,
59509,OSMUNDA CLAYTONIANA,OSCL2,82,ME_NBPH,OSMUNDA CLAYTONIANA,4,4,4,0,
59509,OSMUNDA CLAYTONIANA,OSCL2,MI,MI,OSMUNDA CLAYTONIANA,6,6,6,0,
59509,OSMUNDA CLAYTONIANA,OSCL2,MN,MN,OSMUNDA CLAYTONIANA,6,6,6,0,
59509,OSMUNDA CLAYTONIANA,OSCL2,58,NH_NAAMH,OSMUNDA CLAYTONIANA,4,4,4,0,
59509,OSMUNDA CLAYTONIANA,OSCL2,62,PA_AP,OSMUNDA CLAYTONIANA,6,6,6,0,
59509,OSMUNDA CLAYTONIANA,OSCL2,61,PA_APG,OSMUNDA CLAYTONIANA,6,6,6,0,
59509,OSMUNDA CLAYTONIANA,OSCL2,59,RI_NCZ,OSMUNDA CLAYTONIANA,4,4,4,0,
59509,OSMUNDA CLAYTONIANA,OSCL2,83,VT_GLHL,OSMUNDA CLAYTONIANA,4,4,4,0,
59509,OSMUNDA CLAYTONIANA,OSCL2,58,VT_NAAMH,OSMUNDA CLAYTONIANA,4,4,4,0,
59511,OSMUNDA REGALIS,OSRE,58,CT_NAAMH,OSMUNDA REGALIS,5,5,5,0,
59511,OSMUNDA REGALIS,OSRE,59,CT_NCZ,OSMUNDA REGALIS,5,5,5,0,
59511,OSMUNDA REGALIS,OSRE,IN,IN,,NA,7,7,NA,
59511,OSMUNDA REGALIS,OSRE,59,MA_NCZ,OSMUNDA REGALIS,5,5,5,0,
59511,OSMUNDA REGALIS,OSRE,58,ME_NAAMH,OSMUNDA REGALIS,5,5,5,0,
59511,OSMUNDA REGALIS,OSRE,82,ME_NBPH,OSMUNDA REGALIS,6,6,6,0,
59511,OSMUNDA REGALIS,OSRE,59,ME_NCZ,OSMUNDA REGALIS,5,5,5,0,
59511,OSMUNDA REGALIS,OSRE,MI,MI,OSMUNDA REGALIS,5,5,5,0,
59511,OSMUNDA REGALIS,OSRE,58,NH_NAAMH,OSMUNDA REGALIS,5,5,5,0,
59511,OSMUNDA REGALIS,OSRE,59,NH_NCZ,OSMUNDA REGALIS,5,5,5,0,
59511,OSMUNDA REGALIS,OSRE,58,NJ,OSMUNDA REGALIS,5,7,5,-2,
59511,OSMUNDA REGALIS,OSRE,83,NY_GLHL,OSMUNDA REGALIS,6,6,6,0,
59511,OSMUNDA REGALIS,OSRE,58,NY_NAAMH,OSMUNDA REGALIS,5,5,5,0,
59511,OSMUNDA REGALIS,OSRE,61,PA_APG,,NA,7,7,NA,
59511,OSMUNDA REGALIS,OSRE,59,RI_NCZ,OSMUNDA REGALIS,5,5,5,0,
59511,OSMUNDA REGALIS,OSRE,83,VT_GLHL,OSMUNDA REGALIS,6,6,6,0,
59511,OSMUNDA REGALIS,OSRE,58,VT_NAAMH,OSMUNDA REGALIS,5,5,5,0,
59511,OSMUNDA REGALIS,OSRE,WI,WI,OSMUNDA REGALIS,7,7,7,0,
59512,OSMUNDA REGALIS VAR. SPECTABILIS,OSRES,59,MA_NCZ,,NA,5,5,NA,
59512,OSMUNDA REGALIS VAR. SPECTABILIS,OSRES,MN,MN,OSMUNDA REGALIS VAR. SPECTABILIS,7,7,7,0,
59512,OSMUNDA REGALIS VAR. SPECTABILIS,OSRES,58,NH_NAAMH,,NA,5,5,NA,
59512,OSMUNDA REGALIS VAR. SPECTABILIS,OSRES,59,NH_NCZ,,NA,5,5,NA,
59512,OSMUNDA REGALIS VAR. SPECTABILIS,OSRES,83,NY_GLHL,,NA,6,6,NA,
59512,OSMUNDA REGALIS VAR. SPECTABILIS,OSRES,58,NY_NAAMH,,NA,6,5,NA,Updated to ssp. Cval/CoC Ref
59512,OSMUNDA REGALIS VAR. SPECTABILIS,OSRES,83,VT_GLHL,,NA,7,6,NA,Updated to ssp. Cval/CoC Ref
59512,OSMUNDA REGALIS VAR. SPECTABILIS,OSRES,58,VT_NAAMH,,NA,7,5,NA,Updated to ssp. Cval/CoC Ref
59532,OSTRYA VIRGINIANA,OSVI,IN,IN,OSTRYA VIRGINIANA,5,5,5,0,
59532,OSTRYA VIRGINIANA,OSVI,58,ME_NAAMH,OSTRYA VIRGINIANA,6,6,6,0,
59532,OSTRYA VIRGINIANA,OSVI,MI,MI,OSTRYA VIRGINIANA,5,5,5,0,
59532,OSTRYA VIRGINIANA,OSVI,MN,MN,,NA,4,4,NA,
59532,OSTRYA VIRGINIANA,OSVI,58,NJ,OSTRYA VIRGINIANA,6,7,6,-1,
59532,OSTRYA VIRGINIANA,OSVI,83,VT_GLHL,OSTRYA VIRGINIANA,7,7,7,0,
59532,OSTRYA VIRGINIANA,OSVI,WI,WI,OSTRYA VIRGINIANA,5,5,5,0,
59554,OXALIS,OXALI,MI,MI,,NA,0,0,NA,
59554,OXALIS,OXALI,62,PA_AP,,NA,1,1,NA,
59554,OXALIS,OXALI,61,PA_APG,,NA,2,2,NA,
59554,OXALIS,OXALI,58,VT_NAAMH,,NA,3,3,NA,
91439,OXALIS COMPLEX (YELLOW),1OXACPL,58,CT_NAAMH,,NA,1,1,NA,
91439,OXALIS COMPLEX (YELLOW),1OXACPL,IN,IN,,NA,1,1,NA,
91439,OXALIS COMPLEX (YELLOW),1OXACPL,58,ME_NAAMH,,NA,1,1,NA,
91439,OXALIS COMPLEX (YELLOW),1OXACPL,58,NH_NAAMH,,NA,1,1,NA,
91439,OXALIS COMPLEX (YELLOW),1OXACPL,59,RI_NCZ,,NA,1,1,NA,
91439,OXALIS COMPLEX (YELLOW),1OXACPL,83,VT_GLHL,,NA,1,1,NA,
91439,OXALIS COMPLEX (YELLOW),1OXACPL,58,VT_NAAMH,,NA,1,1,NA,
59604,OXALIS DILLENII,OXDI2,IN,IN,OXALIS DILLENII,0,1,0,-1,
59604,OXALIS DILLENII,OXDI2,62,PA_AP,OXALIS DILLENII,1,1,1,0,
59604,OXALIS DILLENII,OXDI2,WI,WI,OXALIS DILLENII,0,0,0,0,
59640,OXALIS MONTANA,OXMO,58,MA_NAAMH,OXALIS MONTANA,7,7,7,0,
59640,OXALIS MONTANA,OXMO,58,ME_NAAMH,OXALIS MONTANA,7,7,7,0,
59640,OXALIS MONTANA,OXMO,82,ME_NBPH,OXALIS MONTANA,6,6,6,0,
59640,OXALIS MONTANA,OXMO,MI,MI,,NA,7,7,NA,
59640,OXALIS MONTANA,OXMO,58,NH_NAAMH,OXALIS MONTANA,7,7,7,0,
59640,OXALIS MONTANA,OXMO,58,NY_NAAMH,OXALIS MONTANA,7,7,7,0,
59640,OXALIS MONTANA,OXMO,83,VT_GLHL,OXALIS MONTANA,7,7,7,0,
59640,OXALIS MONTANA,OXMO,58,VT_NAAMH,OXALIS MONTANA,7,7,7,0,
59640,OXALIS MONTANA,OXMO,WI,WI,OXALIS MONTANA,9,9,9,0,
59672,OXALIS STRICTA,OXST,59,CT_NCZ,OXALIS STRICTA,2,2,2,0,
59672,OXALIS STRICTA,OXST,59,MA_NCZ,OXALIS STRICTA,2,2,2,0,
59672,OXALIS STRICTA,OXST,58,ME_NAAMH,OXALIS STRICTA,2,2,2,0,
59672,OXALIS STRICTA,OXST,MI,MI,,NA,0,0,NA,
59672,OXALIS STRICTA,OXST,MN,MN,OXALIS STRICTA,0,1,0,-1,
59672,OXALIS STRICTA,OXST,83,NY_GLHL,OXALIS STRICTA,2,2,2,0,
59672,OXALIS STRICTA,OXST,58,NY_NAAMH,OXALIS STRICTA,2,2,2,0,
59672,OXALIS STRICTA,OXST,61,OH_APG,OXALIS STRICTA,0,0,0,0,
59672,OXALIS STRICTA,OXST,59,RI_NCZ,OXALIS STRICTA,2,2,2,0,
59672,OXALIS STRICTA,OXST,83,VT_GLHL,OXALIS STRICTA,2,2,2,0,
59672,OXALIS STRICTA,OXST,58,VT_NAAMH,OXALIS STRICTA,2,2,2,0,
59672,OXALIS STRICTA,OXST,WI,WI,OXALIS STRICTA,0,1,0,-1,
59990,PACHYSANDRA TERMINALIS,PATE11,58,NJ,PACHYSANDRA TERMINALIS,0,0,0,0,
60000,PACKERA AUREA,PAAU3,IN,IN,PACKERA AUREA,4,4,4,0,
60000,PACKERA AUREA,PAAU3,59,MA_NCZ,PACKERA AUREA,5,5,5,0,
60000,PACKERA AUREA,PAAU3,MI,MI,,NA,5,5,NA,
60000,PACKERA AUREA,PAAU3,MN,MN,PACKERA AUREA,6,6,6,0,
60000,PACKERA AUREA,PAAU3,58,NJ,PACKERA AUREA,6,5,6,1,
60000,PACKERA AUREA,PAAU3,83,NY_GLHL,PACKERA AUREA,7,7,7,0,
60000,PACKERA AUREA,PAAU3,61,OH_APG,PACKERA AUREA,5,4,5,1,
60000,PACKERA AUREA,PAAU3,62,PA_AP,PACKERA AUREA,4,4,4,0,
60000,PACKERA AUREA,PAAU3,61,PA_APG,PACKERA AUREA,5,4,5,1,
60000,PACKERA AUREA,PAAU3,WI,WI,PACKERA AUREA,6,6,6,0,
60036,PACKERA INDECORA,PAIN11,MI,MI,,NA,10,10,NA,
60067,PACKERA SCHWEINITZIANA,PASC19,58,NY_NAAMH,PACKERA SCHWEINITZIANA,6,6,6,0,
60067,PACKERA SCHWEINITZIANA,PASC19,83,VT_GLHL,PACKERA SCHWEINITZIANA,6,6,6,0,
60067,PACKERA SCHWEINITZIANA,PASC19,58,VT_NAAMH,PACKERA SCHWEINITZIANA,6,6,6,0,
60163,PANAX QUINQUEFOLIUS,PAQU,MI,MI,PANAX QUINQUEFOLIUS,10,10,10,0,
60219,PANICUM,PANIC,61,PA_APG,,NA,6,6,NA,
60219,PANICUM,PANIC,83,VT_GLHL,,NA,0,0,NA,
60219,PANICUM,PANIC,WI,WI,,NA,5,5,NA,
60302,PANICUM CAPILLARE,PACA6,WI,WI,PANICUM CAPILLARE,1,1,1,0,
60363,PANICUM DICHOTOMIFLORUM,PADI,MI,MI,PANICUM DICHOTOMIFLORUM,0,0,0,0,
60696,PANICUM VIRGATUM,PAVI2,61,OH_APG,PANICUM VIRGATUM,4,4,4,0,
60696,PANICUM VIRGATUM,PAVI2,WI,WI,PANICUM VIRGATUM,4,4,4,0,
61279,PARNASSIA GLAUCA,PAGL3,MI,MI,PARNASSIA GLAUCA,8,8,8,0,
61286,PARNASSIA PALUSTRIS,PAPA8,MI,MI,PARNASSIA PALUSTRIS,10,10,10,0,
61432,PARTHENOCISSUS,PARTH3,58,CT_NAAMH,,NA,2,2,NA,
61432,PARTHENOCISSUS,PARTH3,59,MA_NCZ,,NA,3,3,NA,
61436,PARTHENOCISSUS QUINQUEFOLIA,PAQU2,59,CT_NCZ,PARTHENOCISSUS QUINQUEFOLIA,2,2,2,0,
61436,PARTHENOCISSUS QUINQUEFOLIA,PAQU2,IN,IN,PARTHENOCISSUS QUINQUEFOLIA,2,2,2,0,
61436,PARTHENOCISSUS QUINQUEFOLIA,PAQU2,59,MA_NCZ,PARTHENOCISSUS QUINQUEFOLIA,2,2,2,0,
61436,PARTHENOCISSUS QUINQUEFOLIA,PAQU2,MI,MI,PARTHENOCISSUS QUINQUEFOLIA,5,4,5,1,
61436,PARTHENOCISSUS QUINQUEFOLIA,PAQU2,MN,MN,PARTHENOCISSUS QUINQUEFOLIA,9,9,9,0,
61436,PARTHENOCISSUS QUINQUEFOLIA,PAQU2,58,NH_NAAMH,PARTHENOCISSUS QUINQUEFOLIA,3,3,3,0,
61436,PARTHENOCISSUS QUINQUEFOLIA,PAQU2,59,NH_NCZ,PARTHENOCISSUS QUINQUEFOLIA,2,2,2,0,
61436,PARTHENOCISSUS QUINQUEFOLIA,PAQU2,58,NJ,PARTHENOCISSUS QUINQUEFOLIA,3,2,3,1,
61436,PARTHENOCISSUS QUINQUEFOLIA,PAQU2,83,NY_GLHL,PARTHENOCISSUS QUINQUEFOLIA,4,4,4,0,
61436,PARTHENOCISSUS QUINQUEFOLIA,PAQU2,58,NY_NAAMH,PARTHENOCISSUS QUINQUEFOLIA,3,3,3,0,
61436,PARTHENOCISSUS QUINQUEFOLIA,PAQU2,61,OH_APG,PARTHENOCISSUS QUINQUEFOLIA,3,3,3,0,
61436,PARTHENOCISSUS QUINQUEFOLIA,PAQU2,62,PA_AP,PARTHENOCISSUS QUINQUEFOLIA,3,3,3,0,
61436,PARTHENOCISSUS QUINQUEFOLIA,PAQU2,61,PA_APG,PARTHENOCISSUS QUINQUEFOLIA,3,3,3,0,
61436,PARTHENOCISSUS QUINQUEFOLIA,PAQU2,59,RI_NCZ,PARTHENOCISSUS QUINQUEFOLIA,2,2,2,0,
61436,PARTHENOCISSUS QUINQUEFOLIA,PAQU2,83,VT_GLHL,PARTHENOCISSUS QUINQUEFOLIA,4,4,4,0,
61436,PARTHENOCISSUS QUINQUEFOLIA,PAQU2,58,VT_NAAMH,PARTHENOCISSUS QUINQUEFOLIA,3,3,3,0,
61436,PARTHENOCISSUS QUINQUEFOLIA,PAQU2,WI,WI,PARTHENOCISSUS QUINQUEFOLIA,5,5,5,0,
61441,PARTHENOCISSUS VITACEA,PAVI5,82,ME_NBPH,PARTHENOCISSUS VITACEA,4,4,4,0,
61441,PARTHENOCISSUS VITACEA,PAVI5,MN,MN,PARTHENOCISSUS VITACEA,2,2,2,0,
61441,PARTHENOCISSUS VITACEA,PAVI5,61,OH_APG,PARTHENOCISSUS VITACEA,3,3,3,0,
61686,PASTINACA SATIVA,PASA2,83,VT_GLHL,PASTINACA SATIVA,0,0,0,0,
61686,PASTINACA SATIVA,PASA2,58,VT_NAAMH,PASTINACA SATIVA,0,0,0,0,
61820,PEDICULARIS CANADENSIS,PECA,MI,MI,PEDICULARIS CANADENSIS,10,10,10,0,
61861,PEDICULARIS LANCEOLATA,PELA2,WI,WI,PEDICULARIS LANCEOLATA,8,8,8,0,
62233,PELTANDRA VIRGINICA,PEVI,59,CT_NCZ,PELTANDRA VIRGINICA,6,6,6,0,
62233,PELTANDRA VIRGINICA,PEVI,59,MA_NCZ,PELTANDRA VIRGINICA,6,6,6,0,
62233,PELTANDRA VIRGINICA,PEVI,83,NY_GLHL,PELTANDRA VIRGINICA,7,7,7,0,
62233,PELTANDRA VIRGINICA,PEVI,59,RI_NCZ,PELTANDRA VIRGINICA,6,6,6,0,
62233,PELTANDRA VIRGINICA,PEVI,83,VT_GLHL,PELTANDRA VIRGINICA,7,7,7,0,
62543,PENSTEMON DIGITALIS,PEDI,61,OH_APG,PENSTEMON DIGITALIS,3,3,3,0,
62997,PENTHORUM SEDOIDES,PESE6,58,CT_NAAMH,PENTHORUM SEDOIDES,4,4,4,0,
62997,PENTHORUM SEDOIDES,PESE6,83,NY_GLHL,PENTHORUM SEDOIDES,4,4,4,0,
62997,PENTHORUM SEDOIDES,PESE6,58,VT_NAAMH,PENTHORUM SEDOIDES,4,4,4,0,
62997,PENTHORUM SEDOIDES,PESE6,WI,WI,PENTHORUM SEDOIDES,3,3,3,0,
63520,PETASITES FRIGIDUS,PEFR5,MI,MI,,NA,10,10,NA,
63520,PETASITES FRIGIDUS,PEFR5,MN,MN,,NA,8,8,NA,
63528,PETASITES FRIGIDUS VAR. PALMATUS,PEFRP,MN,MN,,NA,6,6,NA,
63528,PETASITES FRIGIDUS VAR. PALMATUS,PEFRP,WI,WI,,NA,7,7,NA,
63529,PETASITES FRIGIDUS VAR. SAGITTATUS,PEFRS5,MN,MN,,NA,8,8,NA,
63529,PETASITES FRIGIDUS VAR. SAGITTATUS,PEFRS5,WI,WI,,NA,8,8,NA,
64061,PHALARIS ARUNDINACEA,PHAR3,58,CT_NAAMH,PHALARIS ARUNDINACEA,1,1,1,0,
64061,PHALARIS ARUNDINACEA,PHAR3,59,CT_NCZ,PHALARIS ARUNDINACEA,1,1,1,0,
64061,PHALARIS ARUNDINACEA,PHAR3,IN,IN,PHALARIS ARUNDINACEA,0,0,0,0,
64061,PHALARIS ARUNDINACEA,PHAR3,59,MA_NCZ,PHALARIS ARUNDINACEA,1,1,1,0,
64061,PHALARIS ARUNDINACEA,PHAR3,MI,MI,PHALARIS ARUNDINACEA,0,0,0,0,
64061,PHALARIS ARUNDINACEA,PHAR3,MN,MN,PHALARIS ARUNDINACEA,0,0,0,0,
64061,PHALARIS ARUNDINACEA,PHAR3,58,NH_NAAMH,PHALARIS ARUNDINACEA,1,1,1,0,
64061,PHALARIS ARUNDINACEA,PHAR3,83,NY_GLHL,PHALARIS ARUNDINACEA,1,1,1,0,
64061,PHALARIS ARUNDINACEA,PHAR3,61,OH_APG,PHALARIS ARUNDINACEA,0,0,0,0,
64061,PHALARIS ARUNDINACEA,PHAR3,60,PA_APG,PHALARIS ARUNDINACEA,0,0,0,0,
64061,PHALARIS ARUNDINACEA,PHAR3,59,RI_NCZ,PHALARIS ARUNDINACEA,1,1,1,0,
64061,PHALARIS ARUNDINACEA,PHAR3,83,VT_GLHL,PHALARIS ARUNDINACEA,1,1,1,0,
64061,PHALARIS ARUNDINACEA,PHAR3,58,VT_NAAMH,PHALARIS ARUNDINACEA,1,1,1,0,
64061,PHALARIS ARUNDINACEA,PHAR3,WI,WI,PHALARIS ARUNDINACEA,0,0,0,0,
64178,PHEGOPTERIS CONNECTILIS,PHCO24,58,MA_NAAMH,PHEGOPTERIS CONNECTILIS,5,5,5,0,
64178,PHEGOPTERIS CONNECTILIS,PHCO24,58,ME_NAAMH,PHEGOPTERIS CONNECTILIS,5,5,5,0,
64178,PHEGOPTERIS CONNECTILIS,PHCO24,82,ME_NBPH,PHEGOPTERIS CONNECTILIS,5,5,5,0,
64178,PHEGOPTERIS CONNECTILIS,PHCO24,MI,MI,,NA,5,5,NA,
64178,PHEGOPTERIS CONNECTILIS,PHCO24,MN,MN,,NA,7,7,NA,
64178,PHEGOPTERIS CONNECTILIS,PHCO24,58,NY_NAAMH,PHEGOPTERIS CONNECTILIS,5,5,5,0,
64178,PHEGOPTERIS CONNECTILIS,PHCO24,58,VT_NAAMH,PHEGOPTERIS CONNECTILIS,5,5,5,0,
64218,PHILADELPHUS,PHILA,58,NJ,,NA,0,0,NA,
64441,PHLEUM PRATENSE,PHPR3,MI,MI,PHLEUM PRATENSE,0,0,0,0,
64441,PHLEUM PRATENSE,PHPR3,83,NY_GLHL,PHLEUM PRATENSE,0,0,0,0,
64441,PHLEUM PRATENSE,PHPR3,61,PA_APG,,NA,0,0,NA,
64441,PHLEUM PRATENSE,PHPR3,83,VT_GLHL,PHLEUM PRATENSE,0,0,0,0,
64441,PHLEUM PRATENSE,PHPR3,58,VT_NAAMH,PHLEUM PRATENSE,0,0,0,0,
64441,PHLEUM PRATENSE,PHPR3,WI,WI,PHLEUM PRATENSE,0,0,0,0,
64530,PHLOX DIVARICATA,PHDI5,IN,IN,PHLOX DIVARICATA,5,5,5,0,
64530,PHLOX DIVARICATA,PHDI5,MI,MI,PHLOX DIVARICATA,5,5,5,0,
64844,PHRAGMITES AUSTRALIS,PHAU7,59,CT_NCZ,PHRAGMITES AUSTRALIS,0,0,0,0,
64844,PHRAGMITES AUSTRALIS,PHAU7,59,MA_NCZ,PHRAGMITES AUSTRALIS,0,0,0,0,
64844,PHRAGMITES AUSTRALIS,PHAU7,MN,MN,PHRAGMITES AUSTRALIS,1,1,1,0,
64844,PHRAGMITES AUSTRALIS,PHAU7,58,NH_NAAMH,PHRAGMITES AUSTRALIS,0,0,0,0,
64844,PHRAGMITES AUSTRALIS,PHAU7,83,NY_GLHL,PHRAGMITES AUSTRALIS,0,0,0,0,
64844,PHRAGMITES AUSTRALIS,PHAU7,61,PA_APG,,NA,0,0,NA,
64844,PHRAGMITES AUSTRALIS,PHAU7,83,PA_OTH,PHRAGMITES AUSTRALIS,0,0,0,0,
64844,PHRAGMITES AUSTRALIS,PHAU7,59,RI_NCZ,PHRAGMITES AUSTRALIS,0,0,0,0,
64844,PHRAGMITES AUSTRALIS,PHAU7,WI,WI,PHRAGMITES AUSTRALIS,1,1,1,0,
92013,PHRAGMITES AUSTRALIS SSP. AMERICANUS,PHAUA6,MN,MN,,NA,1,1,NA,
92013,PHRAGMITES AUSTRALIS SSP. AMERICANUS,PHAUA6,58,VT_NAAMH,PHRAGMITES AUSTRALIS SSP. AMERICANUS,6,6,6,0,
92015,PHRAGMITES AUSTRALIS SSP. AUSTRALIS,PHAUA7,59,CT_NCZ,,NA,0,0,NA,
92015,PHRAGMITES AUSTRALIS SSP. AUSTRALIS,PHAUA7,MN,MN,,NA,0,0,NA,
92015,PHRAGMITES AUSTRALIS SSP. AUSTRALIS,PHAUA7,59,RI_NCZ,,NA,0,0,NA,
64854,PHRYMA LEPTOSTACHYA,PHLE5,MI,MI,PHRYMA LEPTOSTACHYA,4,4,4,0,
64869,PHYLA LANCEOLATA,PHLA3,MI,MI,PHYLA LANCEOLATA,6,6,6,0,
65162,PHYSALIS LONGIFOLIA VAR. SUBGLABRATA,PHLOS,IN,IN,PHYSALIS LONGIFOLIA VAR. SUBGLABRATA,0,1,0,-1,
65432,PHYSOCARPUS OPULIFOLIUS,PHOP,MI,MI,PHYSOCARPUS OPULIFOLIUS,4,4,4,0,
65464,PHYSOSTEGIA VIRGINIANA SSP. VIRGINIANA,PHVIV,MN,MN,,NA,6,6,NA,
65487,PHYTOLACCA AMERICANA,PHAM4,IN,IN,,NA,1,1,NA,
65507,PICEA,PICEA,58,ME_NAAMH,,NA,4,4,NA,
65507,PICEA,PICEA,58,VT_NAAMH,,NA,5,5,NA,
65507,PICEA,PICEA,WI,WI,,NA,7,7,NA,
65514,PICEA ABIES,PIAB,58,CT_NAAMH,PICEA ABIES,0,0,0,0,
65523,PICEA GLAUCA,PIGL,MI,MI,PICEA GLAUCA,3,3,3,0,
65523,PICEA GLAUCA,PIGL,MN,MN,PICEA GLAUCA,5,5,5,0,
65523,PICEA GLAUCA,PIGL,62,PA_AP,,NA,0,0,NA,
65523,PICEA GLAUCA,PIGL,WI,WI,PICEA GLAUCA,7,7,7,0,
65530,PICEA MARIANA,PIMA,82,ME_NBPH,PICEA MARIANA,6,6,6,0,
65530,PICEA MARIANA,PIMA,MI,MI,PICEA MARIANA,6,6,6,0,
65530,PICEA MARIANA,PIMA,MN,MN,PICEA MARIANA,7,7,7,0,
65530,PICEA MARIANA,PIMA,58,NH_NAAMH,PICEA MARIANA,7,7,7,0,
65530,PICEA MARIANA,PIMA,58,NY_NAAMH,PICEA MARIANA,7,7,7,0,
65530,PICEA MARIANA,PIMA,83,VT_GLHL,PICEA MARIANA,7,7,7,0,
65530,PICEA MARIANA,PIMA,58,VT_NAAMH,PICEA MARIANA,7,7,7,0,
65530,PICEA MARIANA,PIMA,WI,WI,PICEA MARIANA,8,8,8,0,
65533,PICEA PUNGENS,PIPU,58,NJ,PICEA PUNGENS,0,0,0,0,
65536,PICEA RUBENS,PIRU,58,MA_NAAMH,PICEA RUBENS,5,5,5,0,
65536,PICEA RUBENS,PIRU,58,ME_NAAMH,PICEA RUBENS,5,5,5,0,
65536,PICEA RUBENS,PIRU,82,ME_NBPH,PICEA RUBENS,4,4,4,0,
65536,PICEA RUBENS,PIRU,58,NH_NAAMH,PICEA RUBENS,5,5,5,0,
65536,PICEA RUBENS,PIRU,58,NY_NAAMH,PICEA RUBENS,5,5,5,0,
65536,PICEA RUBENS,PIRU,60,NY_OTH,PICEA RUBENS,9,7,9,2,
65536,PICEA RUBENS,PIRU,62,PA_AP,PICEA RUBENS,9,9,9,0,
65536,PICEA RUBENS,PIRU,58,VT_NAAMH,PICEA RUBENS,5,5,5,0,
65574,PILEA,PILEA,MI,MI,,NA,5,5,NA,
65574,PILEA,PILEA,MN,MN,,NA,4,4,NA,
65576,PILEA FONTANA,PIFO,59,CT_NCZ,PILEA FONTANA,5,5,5,0,
65576,PILEA FONTANA,PIFO,IN,IN,PILEA FONTANA,5,5,5,0,
65576,PILEA FONTANA,PIFO,MN,MN,PILEA FONTANA,4,4,4,0,
65593,PILEA PUMILA,PIPU2,59,CT_NCZ,PILEA PUMILA,3,3,3,0,
65593,PILEA PUMILA,PIPU2,IN,IN,PILEA PUMILA,2,2,2,0,
65593,PILEA PUMILA,PIPU2,59,MA_NCZ,PILEA PUMILA,3,3,3,0,
65593,PILEA PUMILA,PIPU2,58,ME_NAAMH,PILEA PUMILA,4,4,4,0,
65593,PILEA PUMILA,PIPU2,82,ME_NBPH,PILEA PUMILA,4,4,4,0,
65593,PILEA PUMILA,PIPU2,MI,MI,PILEA PUMILA,5,5,5,0,
65593,PILEA PUMILA,PIPU2,MN,MN,,NA,3,3,NA,
65593,PILEA PUMILA,PIPU2,58,NJ,PILEA PUMILA,4,3,4,1,
65593,PILEA PUMILA,PIPU2,83,NY_GLHL,PILEA PUMILA,3,3,3,0,
65593,PILEA PUMILA,PIPU2,61,OH_APG,PILEA PUMILA,4,4,4,0,
65593,PILEA PUMILA,PIPU2,62,PA_AP,PILEA PUMILA,4,4,4,0,
65593,PILEA PUMILA,PIPU2,59,RI_NCZ,PILEA PUMILA,3,3,3,0,
65593,PILEA PUMILA,PIPU2,83,VT_GLHL,PILEA PUMILA,3,3,3,0,
65593,PILEA PUMILA,PIPU2,58,VT_NAAMH,PILEA PUMILA,4,4,4,0,
65593,PILEA PUMILA,PIPU2,WI,WI,PILEA PUMILA,3,3,3,0,
65595,PILEA PUMILA VAR. PUMILA,PIPUP,59,MA_NCZ,,NA,3,3,NA,
65595,PILEA PUMILA VAR. PUMILA,PIPUP,MN,MN,,NA,3,3,NA,
65595,PILEA PUMILA VAR. PUMILA,PIPUP,83,NY_GLHL,,NA,3,3,NA,
65595,PILEA PUMILA VAR. PUMILA,PIPUP,59,RI_NCZ,,NA,3,3,NA,
65595,PILEA PUMILA VAR. PUMILA,PIPUP,83,VT_GLHL,,NA,3,3,NA,
65595,PILEA PUMILA VAR. PUMILA,PIPUP,58,VT_NAAMH,,NA,4,4,NA,
65701,PINUS BANKSIANA,PIBA2,82,ME_NBPH,PINUS BANKSIANA,6,6,6,0,
65701,PINUS BANKSIANA,PIBA2,MI,MI,PINUS BANKSIANA,5,5,5,0,
65701,PINUS BANKSIANA,PIBA2,MN,MN,PINUS BANKSIANA,5,5,5,0,
65701,PINUS BANKSIANA,PIBA2,WI,WI,PINUS BANKSIANA,5,5,5,0,
65835,PINUS RESINOSA,PIRE,MI,MI,PINUS RESINOSA,6,6,6,0,
65835,PINUS RESINOSA,PIRE,WI,WI,PINUS RESINOSA,7,7,7,0,
65844,PINUS STROBUS,PIST,59,CT_NCZ,PINUS STROBUS,3,3,3,0,
65844,PINUS STROBUS,PIST,58,MA_NAAMH,PINUS STROBUS,3,3,3,0,
65844,PINUS STROBUS,PIST,59,MA_NCZ,PINUS STROBUS,3,3,3,0,
65844,PINUS STROBUS,PIST,58,ME_NAAMH,PINUS STROBUS,3,3,3,0,
65844,PINUS STROBUS,PIST,82,ME_NBPH,PINUS STROBUS,3,3,3,0,
65844,PINUS STROBUS,PIST,59,ME_NCZ,PINUS STROBUS,3,3,3,0,
65844,PINUS STROBUS,PIST,MI,MI,PINUS STROBUS,3,3,3,0,
65844,PINUS STROBUS,PIST,MN,MN,PINUS STROBUS,5,5,5,0,
65844,PINUS STROBUS,PIST,58,NH_NAAMH,PINUS STROBUS,3,3,3,0,
65844,PINUS STROBUS,PIST,59,NH_NCZ,PINUS STROBUS,3,3,3,0,
65844,PINUS STROBUS,PIST,58,NJ,PINUS STROBUS,3,5,3,-2,
65844,PINUS STROBUS,PIST,83,NY_GLHL,PINUS STROBUS,3,3,3,0,
65844,PINUS STROBUS,PIST,58,NY_NAAMH,PINUS STROBUS,3,3,3,0,
65844,PINUS STROBUS,PIST,60,NY_OTH,PINUS STROBUS,6,5,6,1,
65844,PINUS STROBUS,PIST,62,PA_AP,PINUS STROBUS,6,6,6,0,
65844,PINUS STROBUS,PIST,61,PA_APG,PINUS STROBUS,6,6,6,0,
65844,PINUS STROBUS,PIST,59,RI_NCZ,PINUS STROBUS,3,3,3,0,
65844,PINUS STROBUS,PIST,83,VT_GLHL,PINUS STROBUS,3,3,3,0,
65844,PINUS STROBUS,PIST,58,VT_NAAMH,PINUS STROBUS,3,3,3,0,
65844,PINUS STROBUS,PIST,WI,WI,PINUS STROBUS,5,5,5,0,
66470,PLANTAGO,PLANT,58,ME_NAAMH,,NA,0,0,NA,
66528,PLANTAGO LANCEOLATA,PLLA,MI,MI,PLANTAGO LANCEOLATA,0,0,0,0,
66531,PLANTAGO MAJOR,PLMA2,59,MA_NCZ,PLANTAGO MAJOR,0,0,0,0,
66531,PLANTAGO MAJOR,PLMA2,MI,MI,PLANTAGO MAJOR,0,0,0,0,
66531,PLANTAGO MAJOR,PLMA2,MN,MN,PLANTAGO MAJOR,0,0,0,0,
66531,PLANTAGO MAJOR,PLMA2,WI,WI,PLANTAGO MAJOR,0,0,0,0,
66599,PLATANTHERA,PLATA2,59,CT_NCZ,,NA,7,7,NA,
66599,PLATANTHERA,PLATA2,82,ME_NBPH,,NA,6,6,NA,
66599,PLATANTHERA,PLATA2,MN,MN,,NA,7,7,NA,
66599,PLATANTHERA,PLATA2,WI,WI,,NA,7,7,NA,
66613,PLATANTHERA AQUILONIS,PLAQ2,59,CT_NCZ,PLATANTHERA AQUILONIS,7,7,7,0,
66613,PLATANTHERA AQUILONIS,PLAQ2,MI,MI,,NA,5,5,NA,
66613,PLATANTHERA AQUILONIS,PLAQ2,MN,MN,,NA,5,5,NA,
66613,PLATANTHERA AQUILONIS,PLAQ2,58,VT_NAAMH,PLATANTHERA AQUILONIS,6,6,6,0,
66615,PLATANTHERA BLEPHARIGLOTTIS VAR. BLEPHARIGLOTTIS,PLBLB,62,PA_AP,,NA,10,10,NA,
66621,PLATANTHERA CLAVELLATA,PLCL,58,ME_NAAMH,PLATANTHERA CLAVELLATA,6,6,6,0,
66621,PLATANTHERA CLAVELLATA,PLCL,82,ME_NBPH,PLATANTHERA CLAVELLATA,4,4,4,0,
66621,PLATANTHERA CLAVELLATA,PLCL,MI,MI,,NA,6,6,NA,
66621,PLATANTHERA CLAVELLATA,PLCL,MN,MN,PLATANTHERA CLAVELLATA,9,9,9,0,
66621,PLATANTHERA CLAVELLATA,PLCL,83,NY_GLHL,PLATANTHERA CLAVELLATA,6,6,6,0,
66621,PLATANTHERA CLAVELLATA,PLCL,58,NY_NAAMH,PLATANTHERA CLAVELLATA,6,6,6,0,
66621,PLATANTHERA CLAVELLATA,PLCL,58,VT_NAAMH,PLATANTHERA CLAVELLATA,6,6,6,0,
66633,PLATANTHERA FLAVA,PLFL,MN,MN,,NA,7,8,NA,Updated to ssp. Cval/CoC Ref
66637,PLATANTHERA GRANDIFLORA,PLGR2,58,NH_NAAMH,PLATANTHERA GRANDIFLORA,7,7,7,0,
66637,PLATANTHERA GRANDIFLORA,PLGR2,58,VT_NAAMH,PLATANTHERA GRANDIFLORA,7,7,7,0,
66640,PLATANTHERA HURONENSIS,PLHU2,MN,MN,,NA,7,7,NA,
66652,PLATANTHERA LACERA,PLLA2,59,MA_NCZ,PLATANTHERA LACERA,4,4,4,0,
66652,PLATANTHERA LACERA,PLLA2,MI,MI,,NA,6,6,NA,
66652,PLATANTHERA LACERA,PLLA2,MN,MN,PLATANTHERA LACERA,7,7,7,0,
66668,PLATANTHERA PSYCODES,PLPS2,MI,MI,,NA,7,7,NA,
66668,PLATANTHERA PSYCODES,PLPS2,MN,MN,PLATANTHERA PSYCODES,7,7,7,0,
66668,PLATANTHERA PSYCODES,PLPS2,83,NY_GLHL,PLATANTHERA PSYCODES,7,7,7,0,
66668,PLATANTHERA PSYCODES,PLPS2,58,VT_NAAMH,PLATANTHERA PSYCODES,6,6,6,0,
66688,PLATANUS OCCIDENTALIS,PLOC,MI,MI,PLATANUS OCCIDENTALIS,7,7,7,0,
66991,POA,POA,59,CT_NCZ,,NA,Und,Und,NA,
66991,POA,POA,58,ME_NAAMH,,NA,Und,Und,NA,
66991,POA,POA,MI,MI,,NA,5,5,NA,
66991,POA,POA,MN,MN,,NA,5,5,NA,
66991,POA,POA,61,PA_APG,,NA,Und,Und,NA,
66991,POA,POA,59,RI_NCZ,,NA,Und,Und,NA,
66991,POA,POA,83,VT_GLHL,,NA,4,4,NA,
66991,POA,POA,WI,WI,,NA,5,5,NA,
67011,POA ALSODES,POAL3,MN,MN,POA ALSODES,5,5,5,0,
67011,POA ALSODES,POAL3,58,VT_NAAMH,POA ALSODES,5,5,5,0,
67064,POA COMPRESSA,POCO,MI,MI,POA COMPRESSA,0,0,0,0,
67201,POA PALUSTRIS,POPA2,59,MA_NCZ,POA PALUSTRIS,3,3,3,0,
67201,POA PALUSTRIS,POPA2,58,ME_NAAMH,POA PALUSTRIS,3,3,3,0,
67201,POA PALUSTRIS,POPA2,82,ME_NBPH,POA PALUSTRIS,3,3,3,0,
67201,POA PALUSTRIS,POPA2,MI,MI,POA PALUSTRIS,3,3,3,0,
67201,POA PALUSTRIS,POPA2,MN,MN,POA PALUSTRIS,5,5,5,0,
67201,POA PALUSTRIS,POPA2,61,PA_APG,POA PALUSTRIS,5,5,5,0,
67201,POA PALUSTRIS,POPA2,59,RI_NCZ,POA PALUSTRIS,3,3,3,0,
67201,POA PALUSTRIS,POPA2,83,VT_GLHL,POA PALUSTRIS,3,3,3,0,
67201,POA PALUSTRIS,POPA2,58,VT_NAAMH,POA PALUSTRIS,3,3,3,0,
67201,POA PALUSTRIS,POPA2,WI,WI,POA PALUSTRIS,5,5,5,0,
67213,POA PRATENSIS,POPR,IN,IN,POA PRATENSIS,0,0,0,0,
67213,POA PRATENSIS,POPR,MI,MI,POA PRATENSIS,0,0,0,0,
67213,POA PRATENSIS,POPR,MN,MN,,NA,0,0,NA,
67213,POA PRATENSIS,POPR,58,NH_NAAMH,POA PRATENSIS,0,0,0,0,
67213,POA PRATENSIS,POPR,83,NY_GLHL,POA PRATENSIS,0,0,0,0,
67213,POA PRATENSIS,POPR,61,OH_APG,,NA,0,0,NA,
67213,POA PRATENSIS,POPR,58,VT_NAAMH,POA PRATENSIS,0,0,0,0,
67213,POA PRATENSIS,POPR,WI,WI,POA PRATENSIS,0,0,0,0,
67219,POA PRATENSIS SSP. PRATENSIS,POPRP2,MN,MN,POA PRATENSIS SSP. PRATENSIS,0,0,0,0,
67219,POA PRATENSIS SSP. PRATENSIS,POPRP2,83,VT_GLHL,POA PRATENSIS SSP. PRATENSIS,0,0,0,0,
67241,POA SALTUENSIS,POSA,58,ME_NAAMH,POA SALTUENSIS,6,6,6,0,
67241,POA SALTUENSIS,POSA,58,VT_NAAMH,POA SALTUENSIS,6,6,6,0,
67269,POA SYLVESTRIS,POSY,IN,IN,POA SYLVESTRIS,5,5,5,0,
67279,POA TRIVIALIS,POTR2,59,CT_NCZ,POA TRIVIALIS,0,0,0,0,
67279,POA TRIVIALIS,POTR2,83,NY_GLHL,POA TRIVIALIS,0,0,0,0,
67279,POA TRIVIALIS,POTR2,59,RI_NCZ,POA TRIVIALIS,0,0,0,0,
90910,POACEAE,POACEA,59,MA_NCZ,,NA,Und,Und,NA,
90910,POACEAE,POACEA,58,ME_NAAMH,,NA,Und,Und,NA,
90910,POACEAE,POACEA,82,ME_NBPH,,NA,Und,Und,NA,
90910,POACEAE,POACEA,59,ME_NCZ,,NA,Und,Und,NA,
90910,POACEAE,POACEA,MI,MI,,NA,Und,Und,NA,
90910,POACEAE,POACEA,MN,MN,,NA,Und,Und,NA,
90910,POACEAE,POACEA,59,NH_NCZ,,NA,Und,Und,NA,
90910,POACEAE,POACEA,58,NJ,,NA,Und,Und,NA,
90910,POACEAE,POACEA,61,OH_APG,,NA,Und,Und,NA,
90910,POACEAE,POACEA,62,PA_AP,,NA,Und,Und,NA,
90910,POACEAE,POACEA,60,PA_APG,,NA,Und,Und,NA,
90910,POACEAE,POACEA,61,PA_APG,,NA,Und,Und,NA,
90910,POACEAE,POACEA,59,RI_NCZ,,NA,Und,Und,NA,
90910,POACEAE,POACEA,83,VT_GLHL,,NA,Und,Und,NA,
90910,POACEAE,POACEA,58,VT_NAAMH,,NA,Und,Und,NA,
90910,POACEAE,POACEA,WI,WI,,NA,Und,Und,NA,
67319,PODOPHYLLUM PELTATUM,POPE,MI,MI,PODOPHYLLUM PELTATUM,3,3,3,0,
67319,PODOPHYLLUM PELTATUM,POPE,MN,MN,PODOPHYLLUM PELTATUM,4,4,4,0,
67319,PODOPHYLLUM PELTATUM,POPE,61,PA_APG,PODOPHYLLUM PELTATUM,5,5,5,0,
67367,POGONIA OPHIOGLOSSOIDES,POOP,82,ME_NBPH,POGONIA OPHIOGLOSSOIDES,5,5,5,0,
67367,POGONIA OPHIOGLOSSOIDES,POOP,MN,MN,POGONIA OPHIOGLOSSOIDES,9,9,9,0,
67367,POGONIA OPHIOGLOSSOIDES,POOP,62,PA_AP,POGONIA OPHIOGLOSSOIDES,9,9,9,0,
67367,POGONIA OPHIOGLOSSOIDES,POOP,WI,WI,POGONIA OPHIOGLOSSOIDES,9,9,9,0,
67738,POLYGALA PAUCIFOLIA,POPA5,MI,MI,POLYGALA PAUCIFOLIA,7,7,7,0,
67781,POLYGONATUM,POLYG2,58,VT_NAAMH,,NA,6,6,NA,
67782,POLYGONATUM BIFLORUM,POBI2,59,CT_NCZ,POLYGONATUM BIFLORUM,5,5,5,0,
67782,POLYGONATUM BIFLORUM,POBI2,MI,MI,POLYGONATUM BIFLORUM,4,4,4,0,
67782,POLYGONATUM BIFLORUM,POBI2,MN,MN,,NA,4,4,NA,
67782,POLYGONATUM BIFLORUM,POBI2,58,NY_NAAMH,POLYGONATUM BIFLORUM,5,5,5,0,
67782,POLYGONATUM BIFLORUM,POBI2,61,PA_APG,POLYGONATUM BIFLORUM,7,7,7,0,
67784,POLYGONATUM BIFLORUM VAR. COMMUTATUM,POBIC,MN,MN,POLYGONATUM BIFLORUM VAR. COMMUTATUM,4,4,4,0,
67795,POLYGONATUM PUBESCENS,POPU4,MI,MI,POLYGONATUM PUBESCENS,5,5,5,0,
67795,POLYGONATUM PUBESCENS,POPU4,MN,MN,,NA,6,6,NA,
67795,POLYGONATUM PUBESCENS,POPU4,61,PA_APG,POLYGONATUM PUBESCENS,6,6,6,0,
67795,POLYGONATUM PUBESCENS,POPU4,WI,WI,POLYGONATUM PUBESCENS,6,6,6,0,
67814,POLYGONUM,POLYG4,59,CT_NCZ,,NA,Und,Und,NA,
67814,POLYGONUM,POLYG4,82,ME_NBPH,,NA,Und,Und,NA,
67814,POLYGONUM,POLYG4,MI,MI,,NA,Und,Und,NA,
67814,POLYGONUM,POLYG4,MN,MN,,NA,Und,Und,NA,
67814,POLYGONUM,POLYG4,58,NH_NAAMH,,NA,4,4,NA,
67814,POLYGONUM,POLYG4,59,NH_NCZ,,NA,Und,Und,NA,
67814,POLYGONUM,POLYG4,83,NY_GLHL,,NA,5,5,NA,
67814,POLYGONUM,POLYG4,61,OH_APG,,NA,Und,Und,NA,
67814,POLYGONUM,POLYG4,61,PA_APG,,NA,5,5,NA,
67814,POLYGONUM,POLYG4,83,PA_OTH,,NA,5,5,NA,
67814,POLYGONUM,POLYG4,59,RI_NCZ,,NA,Und,Und,NA,
67814,POLYGONUM,POLYG4,83,VT_GLHL,,NA,4,4,NA,
67814,POLYGONUM,POLYG4,58,VT_NAAMH,,NA,4,4,NA,
67814,POLYGONUM,POLYG4,WI,WI,,NA,Und,Und,NA,
67825,POLYGONUM AMPHIBIUM,POAM8,IN,IN,,NA,4,4,NA,
67825,POLYGONUM AMPHIBIUM,POAM8,59,MA_NCZ,POLYGONUM AMPHIBIUM,4,4,4,0,
67825,POLYGONUM AMPHIBIUM,POAM8,MI,MI,,NA,6,6,NA,
67825,POLYGONUM AMPHIBIUM,POAM8,MN,MN,POLYGONUM AMPHIBIUM,4,4,4,0,
67825,POLYGONUM AMPHIBIUM,POAM8,58,NH_NAAMH,POLYGONUM AMPHIBIUM,5,5,5,0,
67825,POLYGONUM AMPHIBIUM,POAM8,83,NY_GLHL,POLYGONUM AMPHIBIUM,5,5,5,0,
67825,POLYGONUM AMPHIBIUM,POAM8,83,VT_GLHL,POLYGONUM AMPHIBIUM,5,5,5,0,
67825,POLYGONUM AMPHIBIUM,POAM8,WI,WI,POLYGONUM AMPHIBIUM,5,5,5,0,
67828,POLYGONUM AMPHIBIUM VAR. EMERSUM,POAME,82,ME_NBPH,,NA,5,5,NA,
67828,POLYGONUM AMPHIBIUM VAR. EMERSUM,POAME,MN,MN,,NA,4,4,NA,
67828,POLYGONUM AMPHIBIUM VAR. EMERSUM,POAME,83,NY_GLHL,PERSICARIA COCCINEA,5,5,5,0,
67828,POLYGONUM AMPHIBIUM VAR. EMERSUM,POAME,WI,WI,POLYGONUM AMPHIBIUM VAR. EMERSUM,4,4,4,0,
67830,POLYGONUM AMPHIBIUM VAR. STIPULACEUM,POAMS,83,NY_GLHL,POLYGONUM AMPHIBIUM VAR. STIPULACEUM,6,6,6,0,
67834,POLYGONUM ARIFOLIUM,POAR6,59,CT_NCZ,POLYGONUM ARIFOLIUM,4,4,4,0,
67834,POLYGONUM ARIFOLIUM,POAR6,IN,IN,PERSICARIA ARIFOLIA,10,10,10,0,
67834,POLYGONUM ARIFOLIUM,POAR6,59,MA_NCZ,POLYGONUM ARIFOLIUM,4,4,4,0,
67834,POLYGONUM ARIFOLIUM,POAR6,82,ME_NBPH,POLYGONUM ARIFOLIUM,5,5,5,0,
67834,POLYGONUM ARIFOLIUM,POAR6,59,ME_NCZ,POLYGONUM ARIFOLIUM,4,4,4,0,
67834,POLYGONUM ARIFOLIUM,POAR6,MI,MI,,NA,7,7,NA,
67834,POLYGONUM ARIFOLIUM,POAR6,MN,MN,POLYGONUM ARIFOLIUM,7,7,7,0,
67834,POLYGONUM ARIFOLIUM,POAR6,58,NJ,POLYGONUM ARIFOLIUM,4,5,4,-1,
67834,POLYGONUM ARIFOLIUM,POAR6,83,NY_GLHL,POLYGONUM ARIFOLIUM,5,5,5,0,
67834,POLYGONUM ARIFOLIUM,POAR6,61,OH_APG,POLYGONUM ARIFOLIUM,6,6,6,0,
67834,POLYGONUM ARIFOLIUM,POAR6,WI,WI,POLYGONUM ARIFOLIUM,7,7,7,0,
67875,POLYGONUM CAREYI,POCA8,MI,MI,,NA,9,9,NA,
67882,POLYGONUM CESPITOSUM VAR. LONGISETUM,POCEL,59,CT_NCZ,,NA,0,0,NA,
67882,POLYGONUM CESPITOSUM VAR. LONGISETUM,POCEL,58,NJ,,NA,0,0,NA,
67882,POLYGONUM CESPITOSUM VAR. LONGISETUM,POCEL,61,OH_APG,,NA,0,0,NA,
67884,POLYGONUM CILINODE,POCI,58,VT_NAAMH,POLYGONUM CILINODE,4,4,4,0,
67884,POLYGONUM CILINODE,POCI,WI,WI,POLYGONUM CILINODE,1,1,1,0,
67892,POLYGONUM CONVOLVULUS,POCO10,58,NH_NAAMH,POLYGONUM CONVOLVULUS,0,0,0,0,
67892,POLYGONUM CONVOLVULUS,POCO10,58,VT_NAAMH,POLYGONUM CONVOLVULUS,0,0,0,0,
67893,POLYGONUM CONVOLVULUS VAR. CONVOLVULUS,POCOC2,61,OH_APG,,NA,0,0,NA,
67896,POLYGONUM CUSPIDATUM,POCU6,58,NJ,POLYGONUM CUSPIDATUM,0,0,0,0,
67945,POLYGONUM HYDROPIPER,POHY,58,CT_NAAMH,POLYGONUM HYDROPIPER,4,0,4,4,
67945,POLYGONUM HYDROPIPER,POHY,59,CT_NCZ,POLYGONUM HYDROPIPER,5,0,5,5,
67945,POLYGONUM HYDROPIPER,POHY,MI,MI,,NA,1,1,NA,
67945,POLYGONUM HYDROPIPER,POHY,MN,MN,POLYGONUM HYDROPIPER,0,0,0,0,
67945,POLYGONUM HYDROPIPER,POHY,58,NH_NAAMH,POLYGONUM HYDROPIPER,4,0,4,4,
67945,POLYGONUM HYDROPIPER,POHY,83,NY_GLHL,POLYGONUM HYDROPIPER,4,0,4,4,
67945,POLYGONUM HYDROPIPER,POHY,59,RI_NCZ,POLYGONUM HYDROPIPER,5,0,5,5,
67945,POLYGONUM HYDROPIPER,POHY,WI,WI,POLYGONUM HYDROPIPER,0,0,0,0,
67947,POLYGONUM HYDROPIPEROIDES,POHY2,IN,IN,PERSICARIA HYDROPIPEROIDES,4,4,4,0,
67947,POLYGONUM HYDROPIPEROIDES,POHY2,59,MA_NCZ,POLYGONUM HYDROPIPEROIDES,4,4,4,0,
67947,POLYGONUM HYDROPIPEROIDES,POHY2,82,ME_NBPH,POLYGONUM HYDROPIPEROIDES,4,4,4,0,
67947,POLYGONUM HYDROPIPEROIDES,POHY2,MI,MI,,NA,5,5,NA,
67947,POLYGONUM HYDROPIPEROIDES,POHY2,58,NH_NAAMH,POLYGONUM HYDROPIPEROIDES,5,5,5,0,
67947,POLYGONUM HYDROPIPEROIDES,POHY2,83,NY_GLHL,POLYGONUM HYDROPIPEROIDES,5,5,5,0,
67947,POLYGONUM HYDROPIPEROIDES,POHY2,58,NY_NAAMH,POLYGONUM HYDROPIPEROIDES,5,5,5,0,
67947,POLYGONUM HYDROPIPEROIDES,POHY2,61,OH_APG,POLYGONUM HYDROPIPEROIDES,4,4,4,0,
67947,POLYGONUM HYDROPIPEROIDES,POHY2,62,PA_AP,POLYGONUM HYDROPIPEROIDES,4,4,4,0,
67947,POLYGONUM HYDROPIPEROIDES,POHY2,59,RI_NCZ,POLYGONUM HYDROPIPEROIDES,4,4,4,0,
67947,POLYGONUM HYDROPIPEROIDES,POHY2,83,VT_GLHL,POLYGONUM HYDROPIPEROIDES,5,5,5,0,
67947,POLYGONUM HYDROPIPEROIDES,POHY2,58,VT_NAAMH,POLYGONUM HYDROPIPEROIDES,5,5,5,0,
67966,POLYGONUM LAPATHIFOLIUM,POLA4,IN,IN,PERSICARIA LAPATHIFOLIA,0,1,0,-1,
67966,POLYGONUM LAPATHIFOLIUM,POLA4,59,MA_NCZ,POLYGONUM LAPATHIFOLIUM,3,3,3,0,
67966,POLYGONUM LAPATHIFOLIUM,POLA4,MI,MI,,NA,1,1,NA,
67966,POLYGONUM LAPATHIFOLIUM,POLA4,MN,MN,POLYGONUM LAPATHIFOLIUM,2,2,2,0,
67966,POLYGONUM LAPATHIFOLIUM,POLA4,83,NY_GLHL,POLYGONUM LAPATHIFOLIUM,4,4,4,0,
67966,POLYGONUM LAPATHIFOLIUM,POLA4,WI,WI,POLYGONUM LAPATHIFOLIUM,2,2,2,0,
68017,POLYGONUM PENSYLVANICUM,POPE2,58,CT_NAAMH,POLYGONUM PENSYLVANICUM,3,3,3,0,
68017,POLYGONUM PENSYLVANICUM,POPE2,MI,MI,,NA,0,0,NA,
68017,POLYGONUM PENSYLVANICUM,POPE2,MN,MN,POLYGONUM PENSYLVANICUM,1,1,1,0,
68017,POLYGONUM PENSYLVANICUM,POPE2,83,NY_GLHL,POLYGONUM PENSYLVANICUM,4,4,4,0,
68025,POLYGONUM PERSICARIA,POPE3,58,ME_NAAMH,POLYGONUM PERSICARIA,4,0,4,4,
68025,POLYGONUM PERSICARIA,POPE3,MI,MI,,NA,0,0,NA,
68025,POLYGONUM PERSICARIA,POPE3,58,NH_NAAMH,POLYGONUM PERSICARIA,4,0,4,4,
68025,POLYGONUM PERSICARIA,POPE3,83,NY_GLHL,POLYGONUM PERSICARIA,5,0,5,5,
68025,POLYGONUM PERSICARIA,POPE3,WI,WI,POLYGONUM PERSICARIA,0,0,0,0,
68044,POLYGONUM PUNCTATUM,POPU5,IN,IN,,NA,6,6,NA,
68044,POLYGONUM PUNCTATUM,POPU5,59,MA_NCZ,POLYGONUM PUNCTATUM,4,4,4,0,
68044,POLYGONUM PUNCTATUM,POPU5,MI,MI,,NA,5,5,NA,
68044,POLYGONUM PUNCTATUM,POPU5,MN,MN,POLYGONUM PUNCTATUM,5,5,5,0,
68044,POLYGONUM PUNCTATUM,POPU5,83,NY_GLHL,POLYGONUM PUNCTATUM,4,4,4,0,
68044,POLYGONUM PUNCTATUM,POPU5,83,VT_GLHL,POLYGONUM PUNCTATUM,4,4,4,0,
68044,POLYGONUM PUNCTATUM,POPU5,WI,WI,POLYGONUM PUNCTATUM,5,5,5,0,
68059,POLYGONUM ROBUSTIUS,PORO,59,RI_NCZ,POLYGONUM ROBUSTIUS,6,6,6,0,
68062,POLYGONUM SAGITTATUM,POSA5,58,CT_NAAMH,POLYGONUM SAGITTATUM,3,3,3,0,
68062,POLYGONUM SAGITTATUM,POSA5,59,CT_NCZ,POLYGONUM SAGITTATUM,3,3,3,0,
68062,POLYGONUM SAGITTATUM,POSA5,59,MA_NCZ,POLYGONUM SAGITTATUM,3,3,3,0,
68062,POLYGONUM SAGITTATUM,POSA5,58,ME_NAAMH,POLYGONUM SAGITTATUM,3,3,3,0,
68062,POLYGONUM SAGITTATUM,POSA5,82,ME_NBPH,POLYGONUM SAGITTATUM,4,4,4,0,
68062,POLYGONUM SAGITTATUM,POSA5,MI,MI,,NA,5,5,NA,
68062,POLYGONUM SAGITTATUM,POSA5,MN,MN,POLYGONUM SAGITTATUM,4,4,4,0,
68062,POLYGONUM SAGITTATUM,POSA5,58,NH_NAAMH,POLYGONUM SAGITTATUM,3,3,3,0,
68062,POLYGONUM SAGITTATUM,POSA5,58,NJ,POLYGONUM SAGITTATUM,3,3,3,0,
68062,POLYGONUM SAGITTATUM,POSA5,83,NY_GLHL,POLYGONUM SAGITTATUM,4,4,4,0,
68062,POLYGONUM SAGITTATUM,POSA5,58,NY_NAAMH,POLYGONUM SAGITTATUM,3,3,3,0,
68062,POLYGONUM SAGITTATUM,POSA5,61,OH_APG,POLYGONUM SAGITTATUM,3,3,3,0,
68062,POLYGONUM SAGITTATUM,POSA5,62,PA_AP,POLYGONUM SAGITTATUM,3,3,3,0,
68062,POLYGONUM SAGITTATUM,POSA5,60,PA_APG,POLYGONUM SAGITTATUM,3,3,3,0,
68062,POLYGONUM SAGITTATUM,POSA5,61,PA_APG,POLYGONUM SAGITTATUM,3,3,3,0,
68062,POLYGONUM SAGITTATUM,POSA5,59,RI_NCZ,POLYGONUM SAGITTATUM,3,3,3,0,
68062,POLYGONUM SAGITTATUM,POSA5,83,VT_GLHL,POLYGONUM SAGITTATUM,4,4,4,0,
68062,POLYGONUM SAGITTATUM,POSA5,58,VT_NAAMH,POLYGONUM SAGITTATUM,3,3,3,0,
68062,POLYGONUM SAGITTATUM,POSA5,WI,WI,POLYGONUM SAGITTATUM,6,6,6,0,
68068,POLYGONUM SCANDENS,POSC3,IN,IN,,NA,2,0,NA,Updated to ssp. Cval/CoC Ref
68071,POLYGONUM SCANDENS VAR. SCANDENS,POSCS,WI,WI,FALLOPIA SCANDENS,3,3,3,0,
68073,POLYGONUM SETACEUM,POSE6,58,CT_NAAMH,POLYGONUM SETACEUM,6,6,6,0,
68073,POLYGONUM SETACEUM,POSE6,MI,MI,,NA,Und,Und,NA,
68091,POLYGONUM VIRGINIANUM,POVI2,59,CT_NCZ,POLYGONUM VIRGINIANUM,5,5,5,0,
68091,POLYGONUM VIRGINIANUM,POVI2,IN,IN,,NA,3,3,NA,
68091,POLYGONUM VIRGINIANUM,POVI2,MI,MI,,NA,4,4,NA,
68091,POLYGONUM VIRGINIANUM,POVI2,58,NJ,POLYGONUM VIRGINIANUM,6,4,6,2,
68091,POLYGONUM VIRGINIANUM,POVI2,83,NY_GLHL,POLYGONUM VIRGINIANUM,6,6,6,0,
68091,POLYGONUM VIRGINIANUM,POVI2,61,OH_APG,POLYGONUM VIRGINIANUM,4,4,4,0,
68091,POLYGONUM VIRGINIANUM,POVI2,62,PA_AP,POLYGONUM VIRGINIANUM,4,4,4,0,
68091,POLYGONUM VIRGINIANUM,POVI2,61,PA_APG,POLYGONUM VIRGINIANUM,4,4,4,0,
68091,POLYGONUM VIRGINIANUM,POVI2,58,VT_NAAMH,POLYGONUM VIRGINIANUM,6,6,6,0,
68091,POLYGONUM VIRGINIANUM,POVI2,WI,WI,POLYGONUM VIRGINIANUM,7,7,7,0,
68262,POLYSTICHUM ACROSTICHOIDES,POAC4,59,CT_NCZ,POLYSTICHUM ACROSTICHOIDES,5,5,5,0,
68262,POLYSTICHUM ACROSTICHOIDES,POAC4,IN,IN,POLYSTICHUM ACROSTICHOIDES,5,5,5,0,
68262,POLYSTICHUM ACROSTICHOIDES,POAC4,58,ME_NAAMH,POLYSTICHUM ACROSTICHOIDES,6,6,6,0,
68262,POLYSTICHUM ACROSTICHOIDES,POAC4,58,NJ,POLYSTICHUM ACROSTICHOIDES,6,5,6,1,
68262,POLYSTICHUM ACROSTICHOIDES,POAC4,61,PA_APG,POLYSTICHUM ACROSTICHOIDES,5,5,5,0,
68262,POLYSTICHUM ACROSTICHOIDES,POAC4,83,VT_GLHL,POLYSTICHUM ACROSTICHOIDES,6,6,6,0,
68410,PONTEDERIA CORDATA,POCO14,58,CT_NAAMH,PONTEDERIA CORDATA,5,5,5,0,
68410,PONTEDERIA CORDATA,POCO14,59,MA_NCZ,PONTEDERIA CORDATA,5,5,5,0,
68410,PONTEDERIA CORDATA,POCO14,82,ME_NBPH,PONTEDERIA CORDATA,4,4,4,0,
68410,PONTEDERIA CORDATA,POCO14,MI,MI,PONTEDERIA CORDATA,8,8,8,0,
68410,PONTEDERIA CORDATA,POCO14,59,NH_NCZ,PONTEDERIA CORDATA,5,5,5,0,
68410,PONTEDERIA CORDATA,POCO14,83,NY_GLHL,PONTEDERIA CORDATA,5,5,5,0,
68410,PONTEDERIA CORDATA,POCO14,59,RI_NCZ,PONTEDERIA CORDATA,5,5,5,0,
68410,PONTEDERIA CORDATA,POCO14,83,VT_GLHL,PONTEDERIA CORDATA,5,5,5,0,
68410,PONTEDERIA CORDATA,POCO14,WI,WI,PONTEDERIA CORDATA,8,8,8,0,
68424,POPULUS,POPUL,83,NY_GLHL,,NA,3,3,NA,
68424,POPULUS,POPUL,WI,WI,,NA,2,2,NA,
68462,POPULUS BALSAMIFERA,POBA2,82,ME_NBPH,POPULUS BALSAMIFERA,2,2,2,0,
68462,POPULUS BALSAMIFERA,POBA2,MI,MI,POPULUS BALSAMIFERA,2,2,2,0,
68462,POPULUS BALSAMIFERA,POBA2,MN,MN,,NA,4,4,NA,
68462,POPULUS BALSAMIFERA,POBA2,83,NY_GLHL,POPULUS BALSAMIFERA,2,2,2,0,
68462,POPULUS BALSAMIFERA,POBA2,83,VT_GLHL,POPULUS BALSAMIFERA,2,2,2,0,
68462,POPULUS BALSAMIFERA,POBA2,WI,WI,POPULUS BALSAMIFERA,4,4,4,0,
68463,POPULUS BALSAMIFERA SSP. BALSAMIFERA,POBAB2,MN,MN,,NA,4,4,NA,
68483,POPULUS DELTOIDES,PODE3,59,CT_NCZ,POPULUS DELTOIDES,4,4,4,0,
68483,POPULUS DELTOIDES,PODE3,MI,MI,POPULUS DELTOIDES,1,1,1,0,
68483,POPULUS DELTOIDES,PODE3,MN,MN,,NA,2,2,NA,
68483,POPULUS DELTOIDES,PODE3,83,NY_GLHL,POPULUS DELTOIDES,2,2,2,0,
68483,POPULUS DELTOIDES,PODE3,61,PA_APG,POPULUS DELTOIDES,4,4,4,0,
68483,POPULUS DELTOIDES,PODE3,WI,WI,POPULUS DELTOIDES,2,2,2,0,
68485,POPULUS DELTOIDES SSP. MONILIFERA,PODEM,MN,MN,,NA,1,1,NA,
68507,POPULUS GRANDIDENTATA,POGR4,59,CT_NCZ,POPULUS GRANDIDENTATA,3,3,3,0,
68507,POPULUS GRANDIDENTATA,POGR4,58,ME_NAAMH,POPULUS GRANDIDENTATA,3,3,3,0,
68507,POPULUS GRANDIDENTATA,POGR4,MI,MI,POPULUS GRANDIDENTATA,4,4,4,0,
68507,POPULUS GRANDIDENTATA,POGR4,61,PA_APG,POPULUS GRANDIDENTATA,4,4,4,0,
68512,POPULUS HETEROPHYLLA,POHE4,59,CT_NCZ,POPULUS HETEROPHYLLA,10,10,10,0,
68538,POPULUS TREMULOIDES,POTR5,59,CT_NCZ,POPULUS TREMULOIDES,2,2,2,0,
68538,POPULUS TREMULOIDES,POTR5,IN,IN,POPULUS TREMULOIDES,2,2,2,0,
68538,POPULUS TREMULOIDES,POTR5,58,ME_NAAMH,POPULUS TREMULOIDES,2,2,2,0,
68538,POPULUS TREMULOIDES,POTR5,82,ME_NBPH,POPULUS TREMULOIDES,2,2,2,0,
68538,POPULUS TREMULOIDES,POTR5,MI,MI,POPULUS TREMULOIDES,1,1,1,0,
68538,POPULUS TREMULOIDES,POTR5,MN,MN,POPULUS TREMULOIDES,2,2,2,0,
68538,POPULUS TREMULOIDES,POTR5,58,NH_NAAMH,POPULUS TREMULOIDES,2,2,2,0,
68538,POPULUS TREMULOIDES,POTR5,59,NH_NCZ,POPULUS TREMULOIDES,2,2,2,0,
68538,POPULUS TREMULOIDES,POTR5,83,NY_GLHL,POPULUS TREMULOIDES,3,3,3,0,
68538,POPULUS TREMULOIDES,POTR5,61,PA_APG,POPULUS TREMULOIDES,4,4,4,0,
68538,POPULUS TREMULOIDES,POTR5,83,VT_GLHL,POPULUS TREMULOIDES,3,3,3,0,
68538,POPULUS TREMULOIDES,POTR5,WI,WI,POPULUS TREMULOIDES,2,2,2,0,
68706,POTAMOGETON,POTAM,MI,MI,,NA,7,7,NA,
68706,POTAMOGETON,POTAM,59,NH_NCZ,,NA,7,7,NA,
68706,POTAMOGETON,POTAM,83,NY_GLHL,,NA,6,6,NA,
68706,POTAMOGETON,POTAM,62,PA_AP,,NA,8,8,NA,
68706,POTAMOGETON,POTAM,59,RI_NCZ,,NA,7,7,NA,
68706,POTAMOGETON,POTAM,58,VT_NAAMH,,NA,5,5,NA,
68706,POTAMOGETON,POTAM,WI,WI,,NA,7,7,NA,
68746,POTAMOGETON AMPLIFOLIUS,POAM5,MI,MI,POTAMOGETON AMPLIFOLIUS,6,6,6,0,
68746,POTAMOGETON AMPLIFOLIUS,POAM5,MN,MN,POTAMOGETON AMPLIFOLIUS,7,7,7,0,
68746,POTAMOGETON AMPLIFOLIUS,POAM5,WI,WI,POTAMOGETON AMPLIFOLIUS,7,7,7,0,
68755,POTAMOGETON BICUPULATUS,POBI9,59,RI_NCZ,POTAMOGETON BICUPULATUS,7,7,7,0,
68762,POTAMOGETON CRISPUS,POCR3,59,RI_NCZ,POTAMOGETON CRISPUS,0,0,0,0,
68765,POTAMOGETON DIVERSIFOLIUS,PODI,MN,MN,POTAMOGETON DIVERSIFOLIUS,10,10,10,0,
68768,POTAMOGETON EPIHYDRUS,POEP2,58,CT_NAAMH,POTAMOGETON EPIHYDRUS,5,5,5,0,
68768,POTAMOGETON EPIHYDRUS,POEP2,82,ME_NBPH,POTAMOGETON EPIHYDRUS,5,5,5,0,
68768,POTAMOGETON EPIHYDRUS,POEP2,MI,MI,POTAMOGETON EPIHYDRUS,8,8,8,0,
68768,POTAMOGETON EPIHYDRUS,POEP2,MN,MN,POTAMOGETON EPIHYDRUS,8,8,8,0,
68768,POTAMOGETON EPIHYDRUS,POEP2,58,NY_NAAMH,POTAMOGETON EPIHYDRUS,5,5,5,0,
68768,POTAMOGETON EPIHYDRUS,POEP2,59,RI_NCZ,POTAMOGETON EPIHYDRUS,5,5,5,0,
68768,POTAMOGETON EPIHYDRUS,POEP2,WI,WI,POTAMOGETON EPIHYDRUS,8,8,8,0,
68781,POTAMOGETON FOLIOSUS,POFO3,MI,MI,POTAMOGETON FOLIOSUS,4,4,4,0,
68781,POTAMOGETON FOLIOSUS,POFO3,MN,MN,,NA,6,6,NA,
68781,POTAMOGETON FOLIOSUS,POFO3,61,OH_APG,POTAMOGETON FOLIOSUS,4,4,4,0,
68790,POTAMOGETON GRAMINEUS,POGR8,MN,MN,POTAMOGETON GRAMINEUS,7,7,7,0,
68797,POTAMOGETON HILLII,POHI4,MN,MN,,NA,9,9,NA,
68808,POTAMOGETON NATANS,PONA4,MI,MI,POTAMOGETON NATANS,5,5,5,0,
68808,POTAMOGETON NATANS,PONA4,MN,MN,POTAMOGETON NATANS,5,5,5,0,
68808,POTAMOGETON NATANS,PONA4,83,NY_GLHL,POTAMOGETON NATANS,4,4,4,0,
68808,POTAMOGETON NATANS,PONA4,59,RI_NCZ,POTAMOGETON NATANS,5,5,5,0,
68808,POTAMOGETON NATANS,PONA4,83,VT_GLHL,POTAMOGETON NATANS,4,4,4,0,
68808,POTAMOGETON NATANS,PONA4,58,VT_NAAMH,POTAMOGETON NATANS,5,5,5,0,
68809,POTAMOGETON NODOSUS,PONO2,MN,MN,POTAMOGETON NODOSUS,6,6,6,0,
68809,POTAMOGETON NODOSUS,PONO2,WI,WI,POTAMOGETON NODOSUS,7,7,7,0,
68810,POTAMOGETON OAKESIANUS,POOA,82,ME_NBPH,POTAMOGETON OAKESIANUS,7,7,7,0,
68810,POTAMOGETON OAKESIANUS,POOA,59,RI_NCZ,POTAMOGETON OAKESIANUS,7,7,7,0,
68810,POTAMOGETON OAKESIANUS,POOA,WI,WI,POTAMOGETON OAKESIANUS,10,10,10,0,
68812,POTAMOGETON OBTUSIFOLIUS,POOB2,MN,MN,POTAMOGETON OBTUSIFOLIUS,8,8,8,0,
68829,POTAMOGETON PULCHER,POPU6,59,MA_NCZ,POTAMOGETON PULCHER,7,7,7,0,
68829,POTAMOGETON PULCHER,POPU6,MN,MN,,NA,10,10,NA,
68830,POTAMOGETON PUSILLUS,POPU7,59,MA_NCZ,POTAMOGETON PUSILLUS,4,4,4,0,
68830,POTAMOGETON PUSILLUS,POPU7,82,ME_NBPH,POTAMOGETON PUSILLUS,6,6,6,0,
68830,POTAMOGETON PUSILLUS,POPU7,MN,MN,POTAMOGETON PUSILLUS,7,7,7,0,
68830,POTAMOGETON PUSILLUS,POPU7,83,NY_GLHL,POTAMOGETON PUSILLUS,5,5,5,0,
68830,POTAMOGETON PUSILLUS,POPU7,58,NY_NAAMH,POTAMOGETON PUSILLUS,4,4,4,0,
68834,POTAMOGETON PUSILLUS SSP. TENUISSIMUS,POPUT3,59,CT_NCZ,POTAMOGETON PUSILLUS SSP. TENUISSIMUS,2,2,2,0,
68834,POTAMOGETON PUSILLUS SSP. TENUISSIMUS,POPUT3,59,MA_NCZ,POTAMOGETON PUSILLUS SSP. TENUISSIMUS,2,2,2,0,
68834,POTAMOGETON PUSILLUS SSP. TENUISSIMUS,POPUT3,MN,MN,,NA,7,7,NA,
68834,POTAMOGETON PUSILLUS SSP. TENUISSIMUS,POPUT3,59,RI_NCZ,POTAMOGETON PUSILLUS SSP. TENUISSIMUS,2,2,2,0,
68834,POTAMOGETON PUSILLUS SSP. TENUISSIMUS,POPUT3,WI,WI,,NA,7,7,NA,
68841,POTAMOGETON RICHARDSONII,PORI2,MN,MN,POTAMOGETON RICHARDSONII,5,5,5,0,
68846,POTAMOGETON STRICTIFOLIUS,POST2,MN,MN,POTAMOGETON STRICTIFOLIUS,8,8,8,0,
68855,POTAMOGETON ZOSTERIFORMIS,POZO,MN,MN,POTAMOGETON ZOSTERIFORMIS,6,6,6,0,
68856,POTENTILLA,POTEN,MI,MI,,NA,Und,Und,NA,
68856,POTENTILLA,POTEN,61,PA_APG,,NA,1,1,NA,
68856,POTENTILLA,POTEN,58,VT_NAAMH,,NA,Und,Und,NA,
68883,POTENTILLA ARGUTA,POAR7,58,NH_NAAMH,POTENTILLA ARGUTA,5,5,5,0,
68884,POTENTILLA ARGUTA SSP. ARGUTA,POARA4,58,NH_NAAMH,,NA,5,5,NA,
68910,POTENTILLA CANADENSIS VAR. CANADENSIS,POCAC2,58,NH_NAAMH,,NA,2,2,NA,
69086,POTENTILLA NORVEGICA,PONO3,59,CT_NCZ,POTENTILLA NORVEGICA,2,2,2,0,
69086,POTENTILLA NORVEGICA,PONO3,58,ME_NAAMH,POTENTILLA NORVEGICA,2,2,2,0,
69086,POTENTILLA NORVEGICA,PONO3,82,ME_NBPH,POTENTILLA NORVEGICA,2,2,2,0,
69086,POTENTILLA NORVEGICA,PONO3,MI,MI,POTENTILLA NORVEGICA,0,0,0,0,
69086,POTENTILLA NORVEGICA,PONO3,MN,MN,,NA,0,0,NA,
69086,POTENTILLA NORVEGICA,PONO3,WI,WI,POTENTILLA NORVEGICA,0,0,0,0,
69088,POTENTILLA NORVEGICA SSP. MONSPELIENSIS,PONOM,MN,MN,POTENTILLA NORVEGICA SSP. MONSPELIENSIS,1,1,1,0,
69139,POTENTILLA RECTA,PORE5,WI,WI,POTENTILLA RECTA,0,0,0,0,
69148,POTENTILLA RIVALIS,PORI3,MN,MN,POTENTILLA RIVALIS,4,4,4,0,
69169,POTENTILLA SIMPLEX,POSI2,59,CT_NCZ,POTENTILLA SIMPLEX,2,2,2,0,
69169,POTENTILLA SIMPLEX,POSI2,IN,IN,POTENTILLA SIMPLEX,2,2,2,0,
69169,POTENTILLA SIMPLEX,POSI2,59,MA_NCZ,POTENTILLA SIMPLEX,2,2,2,0,
69169,POTENTILLA SIMPLEX,POSI2,58,ME_NAAMH,POTENTILLA SIMPLEX,2,2,2,0,
69169,POTENTILLA SIMPLEX,POSI2,MI,MI,POTENTILLA SIMPLEX,2,2,2,0,
69169,POTENTILLA SIMPLEX,POSI2,58,NJ,POTENTILLA SIMPLEX,2,2,2,0,
69169,POTENTILLA SIMPLEX,POSI2,61,OH_APG,POTENTILLA SIMPLEX,3,3,3,0,
69169,POTENTILLA SIMPLEX,POSI2,59,RI_NCZ,POTENTILLA SIMPLEX,2,2,2,0,
69169,POTENTILLA SIMPLEX,POSI2,83,VT_GLHL,POTENTILLA SIMPLEX,1,1,1,0,
69169,POTENTILLA SIMPLEX,POSI2,58,VT_NAAMH,POTENTILLA SIMPLEX,2,2,2,0,
69169,POTENTILLA SIMPLEX,POSI2,WI,WI,POTENTILLA SIMPLEX,2,2,2,0,
69272,PRENANTHES,PRENA,58,ME_NAAMH,,NA,7,7,NA,
69272,PRENANTHES,PRENA,MI,MI,,NA,6,6,NA,
69272,PRENANTHES,PRENA,MN,MN,,NA,9,9,NA,
69272,PRENANTHES,PRENA,58,NJ,,NA,7,7,NA,
69272,PRENANTHES,PRENA,83,VT_GLHL,,NA,5,5,NA,
69272,PRENANTHES,PRENA,58,VT_NAAMH,,NA,7,7,NA,
69276,PRENANTHES ALBA,PRAL2,58,ME_NAAMH,PRENANTHES ALBA,7,7,7,0,
69276,PRENANTHES ALBA,PRAL2,MI,MI,PRENANTHES ALBA,5,5,5,0,
69276,PRENANTHES ALBA,PRAL2,MN,MN,PRENANTHES ALBA,5,5,5,0,
69276,PRENANTHES ALBA,PRAL2,58,NH_NAAMH,PRENANTHES ALBA,7,7,7,0,
69276,PRENANTHES ALBA,PRAL2,61,PA_APG,PRENANTHES ALBA,7,7,7,0,
69276,PRENANTHES ALBA,PRAL2,WI,WI,PRENANTHES ALBA,5,5,5,0,
69277,PRENANTHES ALTISSIMA,PRAL3,59,CT_NCZ,PRENANTHES ALTISSIMA,5,5,5,0,
69277,PRENANTHES ALTISSIMA,PRAL3,MI,MI,PRENANTHES ALTISSIMA,5,5,5,0,
69277,PRENANTHES ALTISSIMA,PRAL3,59,RI_NCZ,PRENANTHES ALTISSIMA,5,5,5,0,
69277,PRENANTHES ALTISSIMA,PRAL3,58,VT_NAAMH,PRENANTHES ALTISSIMA,5,5,5,0,
69298,PRENANTHES TRIFOLIOLATA,PRTR,58,NY_NAAMH,PRENANTHES TRIFOLIOLATA,5,5,5,0,
69484,PROSERPINACA PALUSTRIS,PRPA3,59,MA_NCZ,PROSERPINACA PALUSTRIS,5,5,5,0,
69484,PROSERPINACA PALUSTRIS,PRPA3,59,NH_NCZ,PROSERPINACA PALUSTRIS,5,5,5,0,
69484,PROSERPINACA PALUSTRIS,PRPA3,83,NY_GLHL,PROSERPINACA PALUSTRIS,6,6,6,0,
69484,PROSERPINACA PALUSTRIS,PRPA3,59,RI_NCZ,PROSERPINACA PALUSTRIS,5,5,5,0,
69484,PROSERPINACA PALUSTRIS,PRPA3,58,VT_NAAMH,PROSERPINACA PALUSTRIS,5,5,5,0,
69489,PROSERPINACA PECTINATA,PRPE,58,VT_NAAMH,,NA,6,6,NA,
69582,PRUNELLA VULGARIS,PRVU,IN,IN,,NA,1,1,NA,
69582,PRUNELLA VULGARIS,PRVU,59,MA_NCZ,PRUNELLA VULGARIS,1,1,1,0,
69582,PRUNELLA VULGARIS,PRVU,58,ME_NAAMH,PRUNELLA VULGARIS,1,1,1,0,
69582,PRUNELLA VULGARIS,PRVU,MI,MI,PRUNELLA VULGARIS,0,1,0,-1,
69582,PRUNELLA VULGARIS,PRVU,58,NH_NAAMH,PRUNELLA VULGARIS,1,1,1,0,
69582,PRUNELLA VULGARIS,PRVU,83,NY_GLHL,PRUNELLA VULGARIS,1,1,1,0,
69582,PRUNELLA VULGARIS,PRVU,62,PA_AP,,NA,1,1,NA,
69582,PRUNELLA VULGARIS,PRVU,61,PA_APG,,NA,1,1,NA,
69582,PRUNELLA VULGARIS,PRVU,83,VT_GLHL,PRUNELLA VULGARIS,1,1,1,0,
69582,PRUNELLA VULGARIS,PRVU,58,VT_NAAMH,PRUNELLA VULGARIS,1,1,1,0,
69584,PRUNELLA VULGARIS SSP. LANCEOLATA,PRVUL2,MI,MI,,NA,1,1,NA,
69584,PRUNELLA VULGARIS SSP. LANCEOLATA,PRVUL2,61,OH_APG,PRUNELLA VULGARIS SSP. LANCEOLATA,3,3,3,0,
69597,PRUNUS,PRUNU,MI,MI,,NA,0,0,NA,
69597,PRUNUS,PRUNU,MN,MN,,NA,3,3,NA,
69597,PRUNUS,PRUNU,62,PA_AP,,NA,Und,Und,NA,
69607,PRUNUS AMERICANA,PRAM,IN,IN,PRUNUS AMERICANA,4,4,4,0,
69607,PRUNUS AMERICANA,PRAM,58,NH_NAAMH,PRUNUS AMERICANA,3,3,3,0,
69618,PRUNUS AVIUM,PRAV,83,NY_GLHL,PRUNUS AVIUM,0,0,0,0,
69683,PRUNUS PENSYLVANICA,PRPE2,59,MA_NCZ,PRUNUS PENSYLVANICA,4,4,4,0,
69683,PRUNUS PENSYLVANICA,PRPE2,58,ME_NAAMH,,NA,2,2,NA,
69683,PRUNUS PENSYLVANICA,PRPE2,MI,MI,PRUNUS PENSYLVANICA,3,3,3,0,
69683,PRUNUS PENSYLVANICA,PRPE2,WI,WI,PRUNUS PENSYLVANICA,4,4,4,0,
69704,PRUNUS SEROTINA,PRSE2,59,CT_NCZ,PRUNUS SEROTINA,3,3,3,0,
69704,PRUNUS SEROTINA,PRSE2,IN,IN,,NA,1,1,NA,
69704,PRUNUS SEROTINA,PRSE2,59,MA_NCZ,PRUNUS SEROTINA,3,3,3,0,
69704,PRUNUS SEROTINA,PRSE2,82,ME_NBPH,PRUNUS SEROTINA,3,3,3,0,
69704,PRUNUS SEROTINA,PRSE2,59,ME_NCZ,PRUNUS SEROTINA,3,3,3,0,
69704,PRUNUS SEROTINA,PRSE2,MI,MI,PRUNUS SEROTINA,2,2,2,0,
69704,PRUNUS SEROTINA,PRSE2,MN,MN,,NA,3,4,NA,Updated to ssp. Cval/CoC Ref
69704,PRUNUS SEROTINA,PRSE2,58,NJ,PRUNUS SEROTINA,3,2,3,1,
69704,PRUNUS SEROTINA,PRSE2,83,NY_GLHL,PRUNUS SEROTINA,3,3,3,0,
69704,PRUNUS SEROTINA,PRSE2,61,OH_APG,PRUNUS SEROTINA,3,3,3,0,
69704,PRUNUS SEROTINA,PRSE2,62,PA_AP,PRUNUS SEROTINA,3,3,3,0,
69704,PRUNUS SEROTINA,PRSE2,61,PA_APG,PRUNUS SEROTINA,3,3,3,0,
69704,PRUNUS SEROTINA,PRSE2,59,RI_NCZ,PRUNUS SEROTINA,3,3,3,0,
69704,PRUNUS SEROTINA,PRSE2,58,VT_NAAMH,PRUNUS SEROTINA,3,3,3,0,
69704,PRUNUS SEROTINA,PRSE2,WI,WI,PRUNUS SEROTINA,3,3,3,0,
69712,PRUNUS SEROTINA VAR. SEROTINA,PRSES,58,MA_NAAMH,,NA,3,3,NA,
69712,PRUNUS SEROTINA VAR. SEROTINA,PRSES,59,MA_NCZ,,NA,3,3,NA,
69712,PRUNUS SEROTINA VAR. SEROTINA,PRSES,58,NH_NAAMH,,NA,3,3,NA,
69712,PRUNUS SEROTINA VAR. SEROTINA,PRSES,58,NY_NAAMH,,NA,3,3,NA,
69712,PRUNUS SEROTINA VAR. SEROTINA,PRSES,59,RI_NCZ,,NA,2,3,NA,Updated to ssp. Cval/CoC Ref
69712,PRUNUS SEROTINA VAR. SEROTINA,PRSES,58,VT_NAAMH,,NA,3,3,NA,
69735,PRUNUS VIRGINIANA,PRVI,59,CT_NCZ,PRUNUS VIRGINIANA,3,3,3,0,
69735,PRUNUS VIRGINIANA,PRVI,IN,IN,,NA,3,3,NA,
69735,PRUNUS VIRGINIANA,PRVI,59,MA_NCZ,PRUNUS VIRGINIANA,3,3,3,0,
69735,PRUNUS VIRGINIANA,PRVI,MI,MI,PRUNUS VIRGINIANA,2,2,2,0,
69735,PRUNUS VIRGINIANA,PRVI,MN,MN,,NA,3,3,NA,
69735,PRUNUS VIRGINIANA,PRVI,58,NH_NAAMH,PRUNUS VIRGINIANA,3,3,3,0,
69735,PRUNUS VIRGINIANA,PRVI,83,NY_GLHL,PRUNUS VIRGINIANA,3,3,3,0,
69735,PRUNUS VIRGINIANA,PRVI,58,NY_NAAMH,PRUNUS VIRGINIANA,3,3,3,0,
69735,PRUNUS VIRGINIANA,PRVI,58,VT_NAAMH,PRUNUS VIRGINIANA,3,3,3,0,
69735,PRUNUS VIRGINIANA,PRVI,WI,WI,PRUNUS VIRGINIANA,3,3,3,0,
69740,PRUNUS VIRGINIANA VAR. VIRGINIANA,PRVIV,MN,MN,,NA,3,3,NA,
69740,PRUNUS VIRGINIANA VAR. VIRGINIANA,PRVIV,58,NH_NAAMH,,NA,3,3,NA,
69740,PRUNUS VIRGINIANA VAR. VIRGINIANA,PRVIV,58,VT_NAAMH,,NA,3,3,NA,
70415,PTERIDIUM AQUILINUM,PTAQ,58,ME_NAAMH,PTERIDIUM AQUILINUM,2,2,2,0,
70415,PTERIDIUM AQUILINUM,PTAQ,82,ME_NBPH,PTERIDIUM AQUILINUM,3,3,3,0,
70415,PTERIDIUM AQUILINUM,PTAQ,59,ME_NCZ,PTERIDIUM AQUILINUM,3,3,3,0,
70415,PTERIDIUM AQUILINUM,PTAQ,MI,MI,PTERIDIUM AQUILINUM,0,1,0,-1,
70415,PTERIDIUM AQUILINUM,PTAQ,62,PA_AP,,NA,1,1,NA,
70415,PTERIDIUM AQUILINUM,PTAQ,WI,WI,PTERIDIUM AQUILINUM,2,2,2,0,
70422,PTERIDIUM AQUILINUM VAR. LATIUSCULUM,PTAQL,MN,MN,PTERIDIUM AQUILINUM VAR. LATIUSCULUM,3,3,3,0,
70538,PTILIMNIUM CAPILLACEUM,PTCA,82,ME_NBPH,,NA,8,8,NA,
70582,PUCCINELLIA DISTANS,PUDI,83,VT_GLHL,PUCCINELLIA DISTANS,0,0,0,0,
70749,PYCNANTHEMUM VIRGINIANUM,PYVI,MN,MN,PYCNANTHEMUM VIRGINIANUM,6,6,6,0,
70925,PYROLA,PYROL,MI,MI,,NA,8,8,NA,
70925,PYROLA,PYROL,MN,MN,,NA,7,7,NA,
70925,PYROLA,PYROL,58,NY_NAAMH,,NA,5,5,NA,
70925,PYROLA,PYROL,WI,WI,,NA,6,6,NA,
70926,PYROLA AMERICANA,PYAM,82,ME_NBPH,PYROLA AMERICANA,6,6,6,0,
70926,PYROLA AMERICANA,PYAM,MI,MI,,NA,7,7,NA,
70926,PYROLA AMERICANA,PYAM,58,NH_NAAMH,PYROLA AMERICANA,6,6,6,0,
70930,PYROLA ASARIFOLIA,PYAS,MI,MI,PYROLA ASARIFOLIA,8,8,8,0,
70930,PYROLA ASARIFOLIA,PYAS,MN,MN,,NA,8,8,NA,
70955,PYROLA ELLIPTICA,PYEL,58,ME_NAAMH,PYROLA ELLIPTICA,6,6,6,0,
70955,PYROLA ELLIPTICA,PYEL,82,ME_NBPH,PYROLA ELLIPTICA,5,5,5,0,
70955,PYROLA ELLIPTICA,PYEL,MI,MI,PYROLA ELLIPTICA,6,6,6,0,
70955,PYROLA ELLIPTICA,PYEL,83,VT_GLHL,PYROLA ELLIPTICA,6,6,6,0,
70955,PYROLA ELLIPTICA,PYEL,58,VT_NAAMH,PYROLA ELLIPTICA,6,6,6,0,
70955,PYROLA ELLIPTICA,PYEL,WI,WI,PYROLA ELLIPTICA,6,6,6,0,
70960,PYROLA MINOR,PYMI,MN,MN,PYROLA MINOR,7,7,7,0,
71076,PYRUS CALLERYANA,PYCA80,59,CT_NCZ,,NA,0,0,NA,
71144,QUERCUS,QUERC,MI,MI,,NA,5,5,NA,
71144,QUERCUS,QUERC,62,PA_AP,,NA,6,6,NA,
71144,QUERCUS,QUERC,WI,WI,,NA,5,5,NA,
71270,QUERCUS ALBA,QUAL,58,CT_NAAMH,QUERCUS ALBA,5,5,5,0,
71270,QUERCUS ALBA,QUAL,59,CT_NCZ,QUERCUS ALBA,5,5,5,0,
71270,QUERCUS ALBA,QUAL,59,MA_NCZ,QUERCUS ALBA,5,5,5,0,
71270,QUERCUS ALBA,QUAL,59,ME_NCZ,QUERCUS ALBA,5,5,5,0,
71270,QUERCUS ALBA,QUAL,MI,MI,QUERCUS ALBA,5,5,5,0,
71270,QUERCUS ALBA,QUAL,MN,MN,QUERCUS ALBA,7,7,7,0,
71270,QUERCUS ALBA,QUAL,59,NH_NCZ,QUERCUS ALBA,5,5,5,0,
71270,QUERCUS ALBA,QUAL,58,NJ,QUERCUS ALBA,5,4,5,1,
71270,QUERCUS ALBA,QUAL,58,NY_NAAMH,QUERCUS ALBA,5,5,5,0,
71270,QUERCUS ALBA,QUAL,59,RI_NCZ,QUERCUS ALBA,5,5,5,0,
71270,QUERCUS ALBA,QUAL,WI,WI,QUERCUS ALBA,7,7,7,0,
71280,QUERCUS BICOLOR,QUBI,59,CT_NCZ,QUERCUS BICOLOR,7,7,7,0,
71280,QUERCUS BICOLOR,QUBI,IN,IN,QUERCUS BICOLOR,7,7,7,0,
71280,QUERCUS BICOLOR,QUBI,59,MA_NCZ,QUERCUS BICOLOR,7,7,7,0,
71280,QUERCUS BICOLOR,QUBI,MI,MI,QUERCUS BICOLOR,8,8,8,0,
71280,QUERCUS BICOLOR,QUBI,MN,MN,QUERCUS BICOLOR,8,8,8,0,
71280,QUERCUS BICOLOR,QUBI,58,NJ,QUERCUS BICOLOR,7,7,7,0,
71280,QUERCUS BICOLOR,QUBI,83,NY_GLHL,QUERCUS BICOLOR,7,7,7,0,
71280,QUERCUS BICOLOR,QUBI,61,OH_APG,QUERCUS BICOLOR,8,8,8,0,
71280,QUERCUS BICOLOR,QUBI,61,PA_APG,QUERCUS BICOLOR,8,8,8,0,
71280,QUERCUS BICOLOR,QUBI,59,RI_NCZ,QUERCUS BICOLOR,7,7,7,0,
71280,QUERCUS BICOLOR,QUBI,83,VT_GLHL,QUERCUS BICOLOR,7,7,7,0,
71280,QUERCUS BICOLOR,QUBI,WI,WI,QUERCUS BICOLOR,7,7,7,0,
71303,QUERCUS COCCINEA,QUCO2,59,CT_NCZ,QUERCUS COCCINEA,6,6,6,0,
71303,QUERCUS COCCINEA,QUCO2,59,MA_NCZ,QUERCUS COCCINEA,6,6,6,0,
71303,QUERCUS COCCINEA,QUCO2,58,NJ,,NA,6,6,NA,
71327,QUERCUS ELLIPSOIDALIS,QUEL,MN,MN,,NA,5,5,NA,
71385,QUERCUS MACROCARPA,QUMA2,IN,IN,QUERCUS MACROCARPA,5,5,5,0,
71385,QUERCUS MACROCARPA,QUMA2,MI,MI,QUERCUS MACROCARPA,5,5,5,0,
71385,QUERCUS MACROCARPA,QUMA2,MN,MN,,NA,5,5,NA,
71385,QUERCUS MACROCARPA,QUMA2,WI,WI,QUERCUS MACROCARPA,5,5,5,0,
71405,QUERCUS MUEHLENBERGII,QUMU,IN,IN,QUERCUS MUEHLENBERGII,4,4,4,0,
71424,QUERCUS PALUSTRIS,QUPA2,59,CT_NCZ,QUERCUS PALUSTRIS,6,6,6,0,
71424,QUERCUS PALUSTRIS,QUPA2,IN,IN,QUERCUS PALUSTRIS,3,3,3,0,
71424,QUERCUS PALUSTRIS,QUPA2,MI,MI,QUERCUS PALUSTRIS,8,8,8,0,
71424,QUERCUS PALUSTRIS,QUPA2,MN,MN,,NA,8,8,NA,
71424,QUERCUS PALUSTRIS,QUPA2,58,NJ,QUERCUS PALUSTRIS,7,4,7,3,
71424,QUERCUS PALUSTRIS,QUPA2,83,NY_GLHL,QUERCUS PALUSTRIS,7,7,7,0,
71424,QUERCUS PALUSTRIS,QUPA2,61,OH_APG,QUERCUS PALUSTRIS,5,5,5,0,
71424,QUERCUS PALUSTRIS,QUPA2,83,PA_OTH,QUERCUS PALUSTRIS,7,5,7,2,
71448,QUERCUS RUBRA,QURU,58,CT_NAAMH,QUERCUS RUBRA,4,4,4,0,
71448,QUERCUS RUBRA,QURU,59,CT_NCZ,QUERCUS RUBRA,4,4,4,0,
71448,QUERCUS RUBRA,QURU,IN,IN,QUERCUS RUBRA,4,4,4,0,
71448,QUERCUS RUBRA,QURU,58,MA_NAAMH,QUERCUS RUBRA,4,4,4,0,
71448,QUERCUS RUBRA,QURU,59,MA_NCZ,QUERCUS RUBRA,4,4,4,0,
71448,QUERCUS RUBRA,QURU,58,ME_NAAMH,QUERCUS RUBRA,4,4,4,0,
71448,QUERCUS RUBRA,QURU,82,ME_NBPH,QUERCUS RUBRA,4,4,4,0,
71448,QUERCUS RUBRA,QURU,59,ME_NCZ,QUERCUS RUBRA,4,4,4,0,
71448,QUERCUS RUBRA,QURU,MI,MI,QUERCUS RUBRA,5,5,5,0,
71448,QUERCUS RUBRA,QURU,MN,MN,QUERCUS RUBRA,5,5,5,0,
71448,QUERCUS RUBRA,QURU,58,NH_NAAMH,QUERCUS RUBRA,4,4,4,0,
71448,QUERCUS RUBRA,QURU,59,NH_NCZ,QUERCUS RUBRA,4,4,4,0,
71448,QUERCUS RUBRA,QURU,58,NY_NAAMH,QUERCUS RUBRA,4,4,4,0,
71448,QUERCUS RUBRA,QURU,60,NY_OTH,QUERCUS RUBRA,6,4,6,2,
71448,QUERCUS RUBRA,QURU,61,OH_APG,QUERCUS RUBRA,6,6,6,0,
71448,QUERCUS RUBRA,QURU,62,PA_AP,QUERCUS RUBRA,6,6,6,0,
71448,QUERCUS RUBRA,QURU,61,PA_APG,QUERCUS RUBRA,6,6,6,0,
71448,QUERCUS RUBRA,QURU,59,RI_NCZ,QUERCUS RUBRA,4,4,4,0,
71448,QUERCUS RUBRA,QURU,83,VT_GLHL,QUERCUS RUBRA,5,5,5,0,
71448,QUERCUS RUBRA,QURU,WI,WI,QUERCUS RUBRA,5,5,5,0,
71499,QUERCUS VELUTINA,QUVE,59,CT_NCZ,QUERCUS VELUTINA,4,4,4,0,
71499,QUERCUS VELUTINA,QUVE,IN,IN,QUERCUS VELUTINA,4,4,4,0,
71499,QUERCUS VELUTINA,QUVE,59,MA_NCZ,QUERCUS VELUTINA,4,4,4,0,
71499,QUERCUS VELUTINA,QUVE,MI,MI,QUERCUS VELUTINA,6,6,6,0,
71754,RANUNCULUS,RANUN,IN,IN,,NA,4,4,NA,
71754,RANUNCULUS,RANUN,58,ME_NAAMH,,NA,7,7,NA,
71754,RANUNCULUS,RANUN,MI,MI,,NA,6,6,NA,
71754,RANUNCULUS,RANUN,MN,MN,,NA,6,6,NA,
71754,RANUNCULUS,RANUN,59,NH_NCZ,,NA,7,7,NA,
71754,RANUNCULUS,RANUN,59,RI_NCZ,,NA,7,7,NA,
71754,RANUNCULUS,RANUN,58,VT_NAAMH,,NA,7,7,NA,
71754,RANUNCULUS,RANUN,WI,WI,,NA,5,5,NA,
71756,RANUNCULUS ABORTIVUS,RAAB,IN,IN,RANUNCULUS ABORTIVUS,0,1,0,-1,
71756,RANUNCULUS ABORTIVUS,RAAB,59,MA_NCZ,RANUNCULUS ABORTIVUS,5,5,5,0,
71756,RANUNCULUS ABORTIVUS,RAAB,MI,MI,RANUNCULUS ABORTIVUS,0,1,0,-1,
71756,RANUNCULUS ABORTIVUS,RAAB,83,NY_GLHL,RANUNCULUS ABORTIVUS,6,6,6,0,
71756,RANUNCULUS ABORTIVUS,RAAB,83,VT_GLHL,RANUNCULUS ABORTIVUS,6,6,6,0,
71756,RANUNCULUS ABORTIVUS,RAAB,58,VT_NAAMH,RANUNCULUS ABORTIVUS,6,6,6,0,
71756,RANUNCULUS ABORTIVUS,RAAB,WI,WI,RANUNCULUS ABORTIVUS,1,1,1,0,
71769,RANUNCULUS ACRIS,RAAC3,58,ME_NAAMH,RANUNCULUS ACRIS,0,0,0,0,
71769,RANUNCULUS ACRIS,RAAC3,82,ME_NBPH,RANUNCULUS ACRIS,0,0,0,0,
71769,RANUNCULUS ACRIS,RAAC3,MI,MI,RANUNCULUS ACRIS,0,0,0,0,
71769,RANUNCULUS ACRIS,RAAC3,83,NY_GLHL,RANUNCULUS ACRIS,0,0,0,0,
71769,RANUNCULUS ACRIS,RAAC3,61,PA_APG,,NA,0,0,NA,
71769,RANUNCULUS ACRIS,RAAC3,59,RI_NCZ,RANUNCULUS ACRIS,0,0,0,0,
71769,RANUNCULUS ACRIS,RAAC3,83,VT_GLHL,RANUNCULUS ACRIS,0,0,0,0,
71769,RANUNCULUS ACRIS,RAAC3,58,VT_NAAMH,RANUNCULUS ACRIS,0,0,0,0,
71769,RANUNCULUS ACRIS,RAAC3,WI,WI,RANUNCULUS ACRIS,0,0,0,0,
71888,RANUNCULUS FASCICULARIS,RAFA,MI,MI,RANUNCULUS FASCICULARIS,10,10,10,0,
71898,RANUNCULUS FLABELLARIS,RAFL,58,VT_NAAMH,RANUNCULUS FLABELLARIS,7,7,7,0,
71922,RANUNCULUS GMELINII,RAGM,MN,MN,RANUNCULUS GMELINII,6,6,6,0,
71944,RANUNCULUS HISPIDUS,RAHI,MI,MI,RANUNCULUS HISPIDUS,5,5,5,0,
71944,RANUNCULUS HISPIDUS,RAHI,83,NY_GLHL,RANUNCULUS HISPIDUS,7,7,7,0,
71944,RANUNCULUS HISPIDUS,RAHI,58,VT_NAAMH,RANUNCULUS HISPIDUS,7,7,7,0,
71944,RANUNCULUS HISPIDUS,RAHI,WI,WI,RANUNCULUS HISPIDUS,6,6,6,0,
71945,RANUNCULUS HISPIDUS VAR. CARICETORUM,RAHIC,82,ME_NBPH,,NA,7,7,NA,
71945,RANUNCULUS HISPIDUS VAR. CARICETORUM,RAHIC,58,VT_NAAMH,RANUNCULUS CARICETORUM,7,7,7,0,
71951,RANUNCULUS HISPIDUS VAR. NITIDUS,RAHIN,58,NJ,RANUNCULUS HISPIDUS VAR. NITIDUS,8,6,8,2,
71991,RANUNCULUS MACOUNII,RAMA2,MN,MN,RANUNCULUS MACOUNII,6,6,6,0,
72055,RANUNCULUS PENSYLVANICUS,RAPE2,58,ME_NAAMH,RANUNCULUS PENSYLVANICUS,4,4,4,0,
72055,RANUNCULUS PENSYLVANICUS,RAPE2,MI,MI,RANUNCULUS PENSYLVANICUS,6,6,6,0,
72055,RANUNCULUS PENSYLVANICUS,RAPE2,MN,MN,RANUNCULUS PENSYLVANICUS,5,5,5,0,
72055,RANUNCULUS PENSYLVANICUS,RAPE2,58,NH_NAAMH,RANUNCULUS PENSYLVANICUS,4,4,4,0,
72055,RANUNCULUS PENSYLVANICUS,RAPE2,WI,WI,RANUNCULUS PENSYLVANICUS,5,5,5,0,
72073,RANUNCULUS RECURVATUS,RARE2,59,CT_NCZ,RANUNCULUS RECURVATUS,4,4,4,0,
72073,RANUNCULUS RECURVATUS,RARE2,IN,IN,,NA,5,5,NA,
72073,RANUNCULUS RECURVATUS,RARE2,58,ME_NAAMH,RANUNCULUS RECURVATUS,6,6,6,0,
72073,RANUNCULUS RECURVATUS,RARE2,MI,MI,RANUNCULUS RECURVATUS,5,5,5,0,
72073,RANUNCULUS RECURVATUS,RARE2,58,NJ,RANUNCULUS RECURVATUS,6,5,6,1,
72073,RANUNCULUS RECURVATUS,RARE2,WI,WI,RANUNCULUS RECURVATUS,5,5,5,0,
72076,RANUNCULUS RECURVATUS VAR. RECURVATUS,RARER2,MN,MN,,NA,5,5,NA,
72079,RANUNCULUS REPENS,RARE3,58,CT_NAAMH,,NA,0,0,NA,
72079,RANUNCULUS REPENS,RARE3,83,NY_GLHL,,NA,0,0,NA,
72079,RANUNCULUS REPENS,RARE3,62,PA_AP,,NA,0,0,NA,
72079,RANUNCULUS REPENS,RARE3,59,RI_NCZ,,NA,0,0,NA,
72095,RANUNCULUS SCELERATUS,RASC3,IN,IN,,NA,3,3,NA,
72095,RANUNCULUS SCELERATUS,RASC3,MI,MI,RANUNCULUS SCELERATUS,1,1,1,0,
72095,RANUNCULUS SCELERATUS,RASC3,MN,MN,RANUNCULUS SCELERATUS,3,3,3,0,
72095,RANUNCULUS SCELERATUS,RASC3,WI,WI,RANUNCULUS SCELERATUS,3,3,3,0,
72098,RANUNCULUS SCELERATUS VAR. SCELERATUS,RASCS,59,MA_NCZ,,NA,3,3,NA,
72330,RHAMNUS,RHAMN,58,NJ,,NA,4,4,NA,
72333,RHAMNUS ALNIFOLIA,RHAL,82,ME_NBPH,RHAMNUS ALNIFOLIA,6,6,6,0,
72333,RHAMNUS ALNIFOLIA,RHAL,MI,MI,RHAMNUS ALNIFOLIA,8,8,8,0,
72333,RHAMNUS ALNIFOLIA,RHAL,MN,MN,RHAMNUS ALNIFOLIA,7,7,7,0,
72333,RHAMNUS ALNIFOLIA,RHAL,83,NY_GLHL,RHAMNUS ALNIFOLIA,8,8,8,0,
72333,RHAMNUS ALNIFOLIA,RHAL,83,VT_GLHL,RHAMNUS ALNIFOLIA,8,8,8,0,
72333,RHAMNUS ALNIFOLIA,RHAL,58,VT_NAAMH,RHAMNUS ALNIFOLIA,7,7,7,0,
72333,RHAMNUS ALNIFOLIA,RHAL,WI,WI,RHAMNUS ALNIFOLIA,8,8,8,0,
72350,RHAMNUS CATHARTICA,RHCA3,58,CT_NAAMH,,NA,0,0,NA,
72350,RHAMNUS CATHARTICA,RHCA3,IN,IN,RHAMNUS CATHARTICA,0,0,0,0,
72350,RHAMNUS CATHARTICA,RHCA3,59,MA_NCZ,,NA,0,0,NA,
72350,RHAMNUS CATHARTICA,RHCA3,MI,MI,RHAMNUS CATHARTICA,0,0,0,0,
72350,RHAMNUS CATHARTICA,RHCA3,MN,MN,RHAMNUS CATHARTICA,0,0,0,0,
72350,RHAMNUS CATHARTICA,RHCA3,58,NH_NAAMH,,NA,0,0,NA,
72350,RHAMNUS CATHARTICA,RHCA3,83,NY_GLHL,RHAMNUS CATHARTICA,0,0,0,0,
72350,RHAMNUS CATHARTICA,RHCA3,61,PA_APG,,NA,0,0,NA,
72350,RHAMNUS CATHARTICA,RHCA3,83,VT_GLHL,RHAMNUS CATHARTICA,0,0,0,0,
72350,RHAMNUS CATHARTICA,RHCA3,58,VT_NAAMH,,NA,0,0,NA,
72350,RHAMNUS CATHARTICA,RHCA3,WI,WI,RHAMNUS CATHARTICA,0,0,0,0,
72461,RHEXIA VIRGINICA,RHVI,WI,WI,RHEXIA VIRGINICA,8,8,8,0,
72635,RHODODENDRON CANADENSE,RHCA6,58,ME_NAAMH,RHODODENDRON CANADENSE,6,6,6,0,
72635,RHODODENDRON CANADENSE,RHCA6,82,ME_NBPH,RHODODENDRON CANADENSE,5,5,5,0,
72635,RHODODENDRON CANADENSE,RHCA6,58,NH_NAAMH,RHODODENDRON CANADENSE,6,6,6,0,
72659,RHODODENDRON MAXIMUM,RHMA4,58,NJ,RHODODENDRON MAXIMUM,8,8,8,0,
72659,RHODODENDRON MAXIMUM,RHMA4,60,NY_OTH,RHODODENDRON MAXIMUM,7,7,7,0,
72659,RHODODENDRON MAXIMUM,RHMA4,62,PA_AP,RHODODENDRON MAXIMUM,7,7,7,0,
72659,RHODODENDRON MAXIMUM,RHMA4,59,RI_NCZ,RHODODENDRON MAXIMUM,8,8,8,0,
72671,RHODODENDRON PERICLYMENOIDES,RHPE4,59,CT_NCZ,RHODODENDRON PERICLYMENOIDES,6,6,6,0,
72671,RHODODENDRON PERICLYMENOIDES,RHPE4,59,MA_NCZ,RHODODENDRON PERICLYMENOIDES,6,6,6,0,
72673,RHODODENDRON PRINOPHYLLUM,RHPR,58,MA_NAAMH,RHODODENDRON PRINOPHYLLUM,6,6,6,0,
72682,RHODODENDRON VISCOSUM,RHVI2,59,CT_NCZ,RHODODENDRON VISCOSUM,6,6,6,0,
72682,RHODODENDRON VISCOSUM,RHVI2,58,MA_NAAMH,RHODODENDRON VISCOSUM,7,7,7,0,
72682,RHODODENDRON VISCOSUM,RHVI2,59,MA_NCZ,RHODODENDRON VISCOSUM,6,6,6,0,
72682,RHODODENDRON VISCOSUM,RHVI2,60,NY_OTH,RHODODENDRON VISCOSUM,7,7,7,0,
72682,RHODODENDRON VISCOSUM,RHVI2,59,RI_NCZ,RHODODENDRON VISCOSUM,6,6,6,0,
72697,RHODOTYPOS SCANDENS,RHSC3,59,CT_NCZ,,NA,0,0,NA,
72735,RHUS COPALLINUM VAR. LATIFOLIA,RHCOL2,59,RI_NCZ,,NA,3,4,NA,Updated to ssp. Cval/CoC Ref
72740,RHUS GLABRA,RHGL,IN,IN,RHUS GLABRA,1,1,1,0,
72782,RHUS TYPHINA,RHTY,59,CT_NCZ,RHUS TYPHINA,2,2,2,0,
72782,RHUS TYPHINA,RHTY,IN,IN,RHUS TYPHINA,2,2,2,0,
72782,RHUS TYPHINA,RHTY,83,NY_GLHL,RHUS TYPHINA,1,1,1,0,
72782,RHUS TYPHINA,RHTY,59,RI_NCZ,RHUS TYPHINA,2,2,2,0,
72847,RHYNCHOSPORA,RHYNC3,WI,WI,,NA,10,10,NA,
72848,RHYNCHOSPORA ALBA,RHAL3,58,ME_NAAMH,RHYNCHOSPORA ALBA,7,7,7,0,
72848,RHYNCHOSPORA ALBA,RHAL3,82,ME_NBPH,RHYNCHOSPORA ALBA,6,6,6,0,
72848,RHYNCHOSPORA ALBA,RHAL3,58,NY_NAAMH,RHYNCHOSPORA ALBA,7,7,7,0,
72848,RHYNCHOSPORA ALBA,RHAL3,WI,WI,RHYNCHOSPORA ALBA,9,9,9,0,
72903,RHYNCHOSPORA FUSCA,RHFU,82,ME_NBPH,RHYNCHOSPORA FUSCA,6,6,6,0,
72903,RHYNCHOSPORA FUSCA,RHFU,WI,WI,RHYNCHOSPORA FUSCA,10,10,10,0,
73043,RIBES,RIBES,58,ME_NAAMH,,NA,7,7,NA,
73043,RIBES,RIBES,82,ME_NBPH,,NA,5,5,NA,
73043,RIBES,RIBES,MI,MI,,NA,5,5,NA,
73043,RIBES,RIBES,MN,MN,,NA,5,5,NA,
73043,RIBES,RIBES,83,NY_GLHL,,NA,7,7,NA,
73043,RIBES,RIBES,62,PA_AP,,NA,Und,Und,NA,
73043,RIBES,RIBES,61,PA_APG,,NA,Und,Und,NA,
73043,RIBES,RIBES,58,VT_NAAMH,,NA,7,7,NA,
73043,RIBES,RIBES,WI,WI,,NA,5,5,NA,
73051,RIBES AMERICANUM,RIAM2,IN,IN,RIBES AMERICANUM,5,5,5,0,
73051,RIBES AMERICANUM,RIAM2,59,MA_NCZ,RIBES AMERICANUM,6,6,6,0,
73051,RIBES AMERICANUM,RIAM2,MI,MI,RIBES AMERICANUM,6,6,6,0,
73051,RIBES AMERICANUM,RIAM2,MN,MN,RIBES AMERICANUM,4,4,4,0,
73051,RIBES AMERICANUM,RIAM2,58,NJ,RIBES AMERICANUM,6,8,6,-2,
73051,RIBES AMERICANUM,RIAM2,83,NY_GLHL,RIBES AMERICANUM,6,6,6,0,
73051,RIBES AMERICANUM,RIAM2,61,OH_APG,RIBES AMERICANUM,7,7,7,0,
73051,RIBES AMERICANUM,RIAM2,58,VT_NAAMH,RIBES AMERICANUM,6,6,6,0,
73051,RIBES AMERICANUM,RIAM2,WI,WI,RIBES AMERICANUM,4,4,4,0,
73080,RIBES CYNOSBATI,RICY,MI,MI,RIBES CYNOSBATI,4,4,4,0,
73080,RIBES CYNOSBATI,RICY,MN,MN,,NA,3,3,NA,
73080,RIBES CYNOSBATI,RICY,61,OH_APG,RIBES CYNOSBATI,7,7,7,0,
73080,RIBES CYNOSBATI,RICY,WI,WI,RIBES CYNOSBATI,3,3,3,0,
73099,RIBES GLANDULOSUM,RIGL,WI,WI,RIBES GLANDULOSUM,7,7,7,0,
73109,RIBES HIRTELLUM,RIHI,59,MA_NCZ,RIBES HIRTELLUM,6,6,6,0,
73109,RIBES HIRTELLUM,RIHI,MI,MI,RIBES HIRTELLUM,6,6,6,0,
73109,RIBES HIRTELLUM,RIHI,MN,MN,RIBES HIRTELLUM,6,6,6,0,
73109,RIBES HIRTELLUM,RIHI,WI,WI,RIBES HIRTELLUM,6,6,6,0,
73114,RIBES HUDSONIANUM,RIHU,MI,MI,,NA,10,10,NA,
73114,RIBES HUDSONIANUM,RIHU,MN,MN,,NA,10,8,NA,Updated to ssp. Cval/CoC Ref
73115,RIBES HUDSONIANUM VAR. HUDSONIANUM,RIHUH,MN,MN,,NA,8,8,NA,
73127,RIBES LACUSTRE,RILA,58,ME_NAAMH,RIBES LACUSTRE,7,7,7,0,
73127,RIBES LACUSTRE,RILA,82,ME_NBPH,RIBES LACUSTRE,6,6,6,0,
73127,RIBES LACUSTRE,RILA,MI,MI,RIBES LACUSTRE,6,6,6,0,
73127,RIBES LACUSTRE,RILA,MN,MN,RIBES LACUSTRE,8,8,8,0,
73127,RIBES LACUSTRE,RILA,59,NH_NCZ,RIBES LACUSTRE,8,8,8,0,
73127,RIBES LACUSTRE,RILA,83,NY_GLHL,RIBES LACUSTRE,7,7,7,0,
73127,RIBES LACUSTRE,RILA,58,VT_NAAMH,RIBES LACUSTRE,7,7,7,0,
73127,RIBES LACUSTRE,RILA,WI,WI,RIBES LACUSTRE,9,9,9,0,
73157,RIBES MISSOURIENSE,RIMI,IN,IN,RIBES MISSOURIENSE,3,3,3,0,
73173,RIBES OXYACANTHOIDES,RIOX,MN,MN,,NA,9,9,NA,
73226,RIBES TRISTE,RITR,82,ME_NBPH,RIBES TRISTE,6,6,6,0,
73226,RIBES TRISTE,RITR,MI,MI,RIBES TRISTE,6,6,6,0,
73226,RIBES TRISTE,RITR,MN,MN,RIBES TRISTE,7,7,7,0,
73226,RIBES TRISTE,RITR,58,NY_NAAMH,RIBES TRISTE,7,7,7,0,
73226,RIBES TRISTE,RITR,58,VT_NAAMH,RIBES TRISTE,7,7,7,0,
73226,RIBES TRISTE,RITR,WI,WI,RIBES TRISTE,8,8,8,0,
131553,RICCIA FLUITANS,RIFL4,WI,WI,,NA,Und,Und,NA,
131555,RICCIOCARPOS NATANS,RINA2,WI,WI,,NA,Und,Und,NA,
73513,ROBINIA PSEUDOACACIA,ROPS,59,CT_NCZ,,NA,0,0,NA,
73513,ROBINIA PSEUDOACACIA,ROPS,MI,MI,ROBINIA PSEUDOACACIA,0,0,0,0,
73513,ROBINIA PSEUDOACACIA,ROPS,61,OH_APG,ROBINIA PSEUDOACACIA,1,1,1,0,
73688,RORIPPA PALUSTRIS,ROPA2,59,CT_NCZ,RORIPPA PALUSTRIS,3,3,3,0,
73688,RORIPPA PALUSTRIS,ROPA2,82,ME_NBPH,RORIPPA PALUSTRIS,4,4,4,0,
73688,RORIPPA PALUSTRIS,ROPA2,MI,MI,RORIPPA PALUSTRIS,1,1,1,0,
73688,RORIPPA PALUSTRIS,ROPA2,MN,MN,RORIPPA PALUSTRIS,4,4,4,0,
73688,RORIPPA PALUSTRIS,ROPA2,83,NY_GLHL,RORIPPA PALUSTRIS,3,3,3,0,
73693,RORIPPA PALUSTRIS SSP. PALUSTRIS,ROPAP,83,NY_GLHL,,NA,4,3,NA,Updated to ssp. Cval/CoC Ref
73713,RORIPPA SYLVESTRIS,ROSY,58,VT_NAAMH,RORIPPA SYLVESTRIS,4,0,4,4,
73719,ROSA,ROSA5,59,CT_NCZ,,NA,0,0,NA,
73719,ROSA,ROSA5,MI,MI,,NA,0,0,NA,
73719,ROSA,ROSA5,MN,MN,,NA,0,0,NA,
73719,ROSA,ROSA5,58,NH_NAAMH,,NA,Und,Und,NA,
73719,ROSA,ROSA5,WI,WI,,NA,0,0,NA,
73739,ROSA ACICULARIS,ROAC,MN,MN,,NA,6,6,NA,
73759,ROSA BLANDA,ROBL,MI,MI,ROSA BLANDA,3,3,3,0,
73857,ROSA MULTIFLORA,ROMU,58,CT_NAAMH,,NA,0,0,NA,
73857,ROSA MULTIFLORA,ROMU,59,CT_NCZ,,NA,0,0,NA,
73857,ROSA MULTIFLORA,ROMU,IN,IN,,NA,0,0,NA,
73857,ROSA MULTIFLORA,ROMU,59,MA_NCZ,,NA,0,0,NA,
73857,ROSA MULTIFLORA,ROMU,MI,MI,,NA,0,0,NA,
73857,ROSA MULTIFLORA,ROMU,58,NJ,,NA,0,0,NA,
73857,ROSA MULTIFLORA,ROMU,83,NY_GLHL,,NA,0,0,NA,
73857,ROSA MULTIFLORA,ROMU,58,NY_NAAMH,,NA,0,0,NA,
73857,ROSA MULTIFLORA,ROMU,61,OH_APG,,NA,0,0,NA,
73857,ROSA MULTIFLORA,ROMU,62,PA_AP,,NA,0,0,NA,
73857,ROSA MULTIFLORA,ROMU,60,PA_APG,,NA,0,0,NA,
73857,ROSA MULTIFLORA,ROMU,61,PA_APG,,NA,0,0,NA,
73857,ROSA MULTIFLORA,ROMU,59,RI_NCZ,,NA,0,0,NA,
73857,ROSA MULTIFLORA,ROMU,58,VT_NAAMH,,NA,0,0,NA,
73862,ROSA NITIDA,RONI,82,ME_NBPH,ROSA NITIDA,7,7,7,0,
73862,ROSA NITIDA,RONI,59,ME_NCZ,ROSA NITIDA,8,8,8,0,
73873,ROSA PALUSTRIS,ROPA,58,CT_NAAMH,ROSA PALUSTRIS,6,6,6,0,
73873,ROSA PALUSTRIS,ROPA,59,CT_NCZ,ROSA PALUSTRIS,5,5,5,0,
73873,ROSA PALUSTRIS,ROPA,IN,IN,ROSA PALUSTRIS,5,5,5,0,
73873,ROSA PALUSTRIS,ROPA,59,MA_NCZ,ROSA PALUSTRIS,5,5,5,0,
73873,ROSA PALUSTRIS,ROPA,82,ME_NBPH,ROSA PALUSTRIS,5,5,5,0,
73873,ROSA PALUSTRIS,ROPA,MI,MI,ROSA PALUSTRIS,5,5,5,0,
73873,ROSA PALUSTRIS,ROPA,MN,MN,,NA,7,7,NA,
73873,ROSA PALUSTRIS,ROPA,58,NH_NAAMH,ROSA PALUSTRIS,6,6,6,0,
73873,ROSA PALUSTRIS,ROPA,58,NJ,ROSA PALUSTRIS,6,6,6,0,
73873,ROSA PALUSTRIS,ROPA,83,NY_GLHL,ROSA PALUSTRIS,7,7,7,0,
73873,ROSA PALUSTRIS,ROPA,58,NY_NAAMH,ROSA PALUSTRIS,6,6,6,0,
73873,ROSA PALUSTRIS,ROPA,61,OH_APG,ROSA PALUSTRIS,7,7,7,0,
73873,ROSA PALUSTRIS,ROPA,61,PA_APG,ROSA PALUSTRIS,7,7,7,0,
73873,ROSA PALUSTRIS,ROPA,83,PA_OTH,ROSA PALUSTRIS,7,7,7,0,
73873,ROSA PALUSTRIS,ROPA,59,RI_NCZ,ROSA PALUSTRIS,5,5,5,0,
73873,ROSA PALUSTRIS,ROPA,58,VT_NAAMH,ROSA PALUSTRIS,6,6,6,0,
73873,ROSA PALUSTRIS,ROPA,WI,WI,ROSA PALUSTRIS,7,7,7,0,
73903,ROSA SETIGERA,ROSE2,IN,IN,,NA,4,4,NA,
73954,ROSA WOODSII,ROWO,MN,MN,,NA,5,5,NA,
90900,ROSACEAE,ROSACE,MN,MN,,NA,Und,Und,NA,
74018,RUBUS,RUBUS,59,MA_NCZ,,NA,3,3,NA,
74018,RUBUS,RUBUS,58,ME_NAAMH,,NA,Und,Und,NA,
74018,RUBUS,RUBUS,82,ME_NBPH,,NA,Und,Und,NA,
74018,RUBUS,RUBUS,MI,MI,,NA,2,2,NA,
74018,RUBUS,RUBUS,MN,MN,,NA,6,6,NA,
74018,RUBUS,RUBUS,58,NH_NAAMH,,NA,3,3,NA,
74018,RUBUS,RUBUS,62,PA_AP,,NA,5,5,NA,
74018,RUBUS,RUBUS,60,PA_APG,,NA,2,2,NA,
74018,RUBUS,RUBUS,61,PA_APG,,NA,2,2,NA,
74018,RUBUS,RUBUS,WI,WI,,NA,3,3,NA,
74040,RUBUS ALLEGHENIENSIS,RUAL,59,CT_NCZ,RUBUS ALLEGHENIENSIS,2,2,2,0,
74040,RUBUS ALLEGHENIENSIS,RUAL,MI,MI,RUBUS ALLEGHENIENSIS,1,1,1,0,
74040,RUBUS ALLEGHENIENSIS,RUAL,58,NH_NAAMH,RUBUS ALLEGHENIENSIS,2,2,2,0,
74040,RUBUS ALLEGHENIENSIS,RUAL,83,NY_GLHL,RUBUS ALLEGHENIENSIS,3,3,3,0,
74040,RUBUS ALLEGHENIENSIS,RUAL,61,OH_APG,RUBUS ALLEGHENIENSIS,1,1,1,0,
74040,RUBUS ALLEGHENIENSIS,RUAL,61,PA_APG,RUBUS ALLEGHENIENSIS,1,1,1,0,
74040,RUBUS ALLEGHENIENSIS,RUAL,59,RI_NCZ,RUBUS ALLEGHENIENSIS,2,2,2,0,
74040,RUBUS ALLEGHENIENSIS,RUAL,58,VT_NAAMH,RUBUS ALLEGHENIENSIS,2,2,2,0,
74040,RUBUS ALLEGHENIENSIS,RUAL,WI,WI,RUBUS ALLEGHENIENSIS,2,2,2,0,
74062,RUBUS ARCTICUS SSP. ACAULIS,RUARA2,MN,MN,,NA,9,9,NA,
74123,RUBUS CANADENSIS,RUCA16,58,NH_NAAMH,RUBUS CANADENSIS,4,4,4,0,
74214,RUBUS FLAGELLARIS,RUFL,59,CT_NCZ,RUBUS FLAGELLARIS,2,2,2,0,
74214,RUBUS FLAGELLARIS,RUFL,IN,IN,RUBUS FLAGELLARIS,2,2,2,0,
74214,RUBUS FLAGELLARIS,RUFL,59,MA_NCZ,RUBUS FLAGELLARIS,2,2,2,0,
74214,RUBUS FLAGELLARIS,RUFL,82,ME_NBPH,RUBUS FLAGELLARIS,3,3,3,0,
74214,RUBUS FLAGELLARIS,RUFL,58,NJ,RUBUS FLAGELLARIS,2,5,2,-3,
74214,RUBUS FLAGELLARIS,RUFL,83,NY_GLHL,RUBUS FLAGELLARIS,2,2,2,0,
74214,RUBUS FLAGELLARIS,RUFL,58,VT_NAAMH,RUBUS FLAGELLARIS,2,2,2,0,
74232,RUBUS FRONDOSUS,RUFR4,59,RI_NCZ,RUBUS FRONDOSUS,2,2,2,0,
74269,RUBUS HISPIDUS,RUHI,59,CT_NCZ,RUBUS HISPIDUS,4,4,4,0,
74269,RUBUS HISPIDUS,RUHI,IN,IN,RUBUS HISPIDUS,6,6,6,0,
74269,RUBUS HISPIDUS,RUHI,58,MA_NAAMH,RUBUS HISPIDUS,4,4,4,0,
74269,RUBUS HISPIDUS,RUHI,59,MA_NCZ,RUBUS HISPIDUS,4,4,4,0,
74269,RUBUS HISPIDUS,RUHI,58,ME_NAAMH,RUBUS HISPIDUS,4,4,4,0,
74269,RUBUS HISPIDUS,RUHI,82,ME_NBPH,RUBUS HISPIDUS,3,3,3,0,
74269,RUBUS HISPIDUS,RUHI,59,ME_NCZ,RUBUS HISPIDUS,4,4,4,0,
74269,RUBUS HISPIDUS,RUHI,MI,MI,RUBUS HISPIDUS,4,4,4,0,
74269,RUBUS HISPIDUS,RUHI,MN,MN,,NA,4,4,NA,
74269,RUBUS HISPIDUS,RUHI,58,NH_NAAMH,RUBUS HISPIDUS,4,4,4,0,
74269,RUBUS HISPIDUS,RUHI,59,NH_NCZ,RUBUS HISPIDUS,4,4,4,0,
74269,RUBUS HISPIDUS,RUHI,83,NY_GLHL,RUBUS HISPIDUS,6,6,6,0,
74269,RUBUS HISPIDUS,RUHI,58,NY_NAAMH,RUBUS HISPIDUS,4,4,4,0,
74269,RUBUS HISPIDUS,RUHI,61,OH_APG,RUBUS HISPIDUS,6,6,6,0,
74269,RUBUS HISPIDUS,RUHI,62,PA_AP,RUBUS HISPIDUS,6,6,6,0,
74269,RUBUS HISPIDUS,RUHI,60,PA_APG,RUBUS HISPIDUS,6,6,6,0,
74269,RUBUS HISPIDUS,RUHI,61,PA_APG,RUBUS HISPIDUS,6,6,6,0,
74269,RUBUS HISPIDUS,RUHI,59,RI_NCZ,RUBUS HISPIDUS,4,4,4,0,
74269,RUBUS HISPIDUS,RUHI,58,VT_NAAMH,RUBUS HISPIDUS,4,4,4,0,
74269,RUBUS HISPIDUS,RUHI,WI,WI,RUBUS HISPIDUS,4,4,4,0,
74281,RUBUS IDAEUS,RUID,58,CT_NAAMH,RUBUS IDAEUS,2,2,2,0,
74281,RUBUS IDAEUS,RUID,59,CT_NCZ,RUBUS IDAEUS,2,2,2,0,
74281,RUBUS IDAEUS,RUID,58,ME_NAAMH,RUBUS IDAEUS,2,2,2,0,
74281,RUBUS IDAEUS,RUID,82,ME_NBPH,RUBUS IDAEUS,2,2,2,0,
74281,RUBUS IDAEUS,RUID,MI,MI,,NA,3,2,NA,Updated to ssp. Cval/CoC Ref
74281,RUBUS IDAEUS,RUID,MN,MN,,NA,3,3,NA,
74281,RUBUS IDAEUS,RUID,83,NY_GLHL,RUBUS IDAEUS,2,2,2,0,
74281,RUBUS IDAEUS,RUID,83,VT_GLHL,RUBUS IDAEUS,2,2,2,0,
74281,RUBUS IDAEUS,RUID,58,VT_NAAMH,RUBUS IDAEUS,2,2,2,0,
74281,RUBUS IDAEUS,RUID,WI,WI,RUBUS IDAEUS,3,3,3,0,
74282,RUBUS IDAEUS SSP. IDAEUS,RUIDI,82,ME_NBPH,RUBUS IDAEUS SSP. IDAEUS,2,2,2,0,
74282,RUBUS IDAEUS SSP. IDAEUS,RUIDI,83,VT_GLHL,,NA,2,2,NA,
74282,RUBUS IDAEUS SSP. IDAEUS,RUIDI,58,VT_NAAMH,RUBUS IDAEUS SSP. IDAEUS,2,2,2,0,
74285,RUBUS IDAEUS SSP. STRIGOSUS,RUIDS2,59,MA_NCZ,RUBUS IDAEUS SSP. STRIGOSUS,2,2,2,0,
74285,RUBUS IDAEUS SSP. STRIGOSUS,RUIDS2,MI,MI,,NA,2,2,NA,
74285,RUBUS IDAEUS SSP. STRIGOSUS,RUIDS2,MN,MN,RUBUS IDAEUS SSP. STRIGOSUS,3,3,3,0,
74285,RUBUS IDAEUS SSP. STRIGOSUS,RUIDS2,58,NH_NAAMH,RUBUS IDAEUS SSP. STRIGOSUS,2,2,2,0,
74285,RUBUS IDAEUS SSP. STRIGOSUS,RUIDS2,58,NY_NAAMH,RUBUS IDAEUS SSP. STRIGOSUS,2,2,2,0,
74424,RUBUS OCCIDENTALIS,RUOC,59,CT_NCZ,RUBUS OCCIDENTALIS,2,2,2,0,
74424,RUBUS OCCIDENTALIS,RUOC,IN,IN,RUBUS OCCIDENTALIS,1,1,1,0,
74424,RUBUS OCCIDENTALIS,RUOC,MN,MN,,NA,2,2,NA,
74424,RUBUS OCCIDENTALIS,RUOC,83,NY_GLHL,RUBUS OCCIDENTALIS,3,3,3,0,
74424,RUBUS OCCIDENTALIS,RUOC,58,NY_NAAMH,RUBUS OCCIDENTALIS,2,2,2,0,
74424,RUBUS OCCIDENTALIS,RUOC,61,OH_APG,RUBUS OCCIDENTALIS,2,2,2,0,
74424,RUBUS OCCIDENTALIS,RUOC,59,RI_NCZ,RUBUS OCCIDENTALIS,2,2,2,0,
74424,RUBUS OCCIDENTALIS,RUOC,83,VT_GLHL,RUBUS OCCIDENTALIS,3,3,3,0,
74424,RUBUS OCCIDENTALIS,RUOC,58,VT_NAAMH,RUBUS OCCIDENTALIS,2,2,2,0,
74424,RUBUS OCCIDENTALIS,RUOC,WI,WI,RUBUS OCCIDENTALIS,2,2,2,0,
74451,RUBUS PARVIFLORUS,RUPA,WI,WI,RUBUS PARVIFLORUS,7,7,7,0,
74469,RUBUS PENSILVANICUS,RUPE3,59,CT_NCZ,RUBUS PENSILVANICUS,3,3,3,0,
74469,RUBUS PENSILVANICUS,RUPE3,IN,IN,RUBUS PENSILVANICUS,5,5,5,0,
74469,RUBUS PENSILVANICUS,RUPE3,61,OH_APG,RUBUS PENSILVANICUS,2,2,2,0,
74469,RUBUS PENSILVANICUS,RUPE3,59,RI_NCZ,RUBUS PENSILVANICUS,3,3,3,0,
74484,RUBUS PHOENICOLASIUS,RUPH,58,NJ,,NA,0,0,NA,
74511,RUBUS PUBESCENS,RUPU,59,CT_NCZ,RUBUS PUBESCENS,6,6,6,0,
74511,RUBUS PUBESCENS,RUPU,58,MA_NAAMH,RUBUS PUBESCENS,6,6,6,0,
74511,RUBUS PUBESCENS,RUPU,58,ME_NAAMH,RUBUS PUBESCENS,6,6,6,0,
74511,RUBUS PUBESCENS,RUPU,82,ME_NBPH,RUBUS PUBESCENS,6,6,6,0,
74511,RUBUS PUBESCENS,RUPU,MI,MI,RUBUS PUBESCENS,4,4,4,0,
74511,RUBUS PUBESCENS,RUPU,MN,MN,,NA,7,6,NA,Updated to ssp. Cval/CoC Ref
74511,RUBUS PUBESCENS,RUPU,58,NH_NAAMH,RUBUS PUBESCENS,6,6,6,0,
74511,RUBUS PUBESCENS,RUPU,58,NJ,RUBUS PUBESCENS,6,7,6,-1,
74511,RUBUS PUBESCENS,RUPU,83,NY_GLHL,RUBUS PUBESCENS,8,8,8,0,
74511,RUBUS PUBESCENS,RUPU,58,NY_NAAMH,RUBUS PUBESCENS,6,6,6,0,
74511,RUBUS PUBESCENS,RUPU,83,VT_GLHL,RUBUS PUBESCENS,8,8,8,0,
74511,RUBUS PUBESCENS,RUPU,58,VT_NAAMH,RUBUS PUBESCENS,6,6,6,0,
74511,RUBUS PUBESCENS,RUPU,WI,WI,RUBUS PUBESCENS,7,7,7,0,
74515,RUBUS PUBESCENS VAR. PUBESCENS,RUPUP2,MN,MN,,NA,6,6,NA,
74582,RUBUS SETOSUS,RUSE,58,ME_NAAMH,RUBUS SETOSUS,3,3,3,0,
74582,RUBUS SETOSUS,RUSE,MN,MN,RUBUS SETOSUS,7,7,7,0,
74582,RUBUS SETOSUS,RUSE,58,NH_NAAMH,RUBUS SETOSUS,3,3,3,0,
74582,RUBUS SETOSUS,RUSE,WI,WI,,NA,1,1,NA,
91438,RUBUS TRIFIDUS,1RUBTR,58,CT_NAAMH,,NA,0,0,NA,
74696,RUDBECKIA,RUDBE,62,PA_AP,,NA,4,4,NA,
74750,RUDBECKIA LACINIATA,RULA3,MN,MN,,NA,6,4,NA,Updated to ssp. Cval/CoC Ref
74758,RUDBECKIA LACINIATA VAR. LACINIATA,RULAL,MN,MN,,NA,4,4,NA,
74894,RUMEX,RUMEX,MI,MI,,NA,Und,Und,NA,
74894,RUMEX,RUMEX,MN,MN,,NA,Und,Und,NA,
74894,RUMEX,RUMEX,58,NH_NAAMH,,NA,Und,Und,NA,
74894,RUMEX,RUMEX,83,NY_GLHL,,NA,5,5,NA,
74907,RUMEX ACETOSELLA,RUAC3,MI,MI,RUMEX ACETOSELLA,0,0,0,0,
74916,RUMEX ALTISSIMUS,RUAL4,59,CT_NCZ,RUMEX ALTISSIMUS,6,6,6,0,
74916,RUMEX ALTISSIMUS,RUAL4,WI,WI,RUMEX ALTISSIMUS,2,2,2,0,
74937,RUMEX CRISPUS,RUCR,59,MA_NCZ,,NA,0,0,NA,
74937,RUMEX CRISPUS,RUCR,MI,MI,RUMEX CRISPUS,0,0,0,0,
74937,RUMEX CRISPUS,RUCR,MN,MN,,NA,0,0,NA,
74937,RUMEX CRISPUS,RUCR,61,OH_APG,,NA,0,0,NA,
74937,RUMEX CRISPUS,RUCR,61,PA_APG,,NA,0,0,NA,
74937,RUMEX CRISPUS,RUCR,58,VT_NAAMH,,NA,0,0,NA,
74937,RUMEX CRISPUS,RUCR,WI,WI,RUMEX CRISPUS,0,0,0,0,
74938,RUMEX CRISPUS SSP. CRISPUS,RUCRC,MN,MN,,NA,0,0,NA,
74981,RUMEX OBTUSIFOLIUS,RUOB,59,MA_NCZ,,NA,0,0,NA,
74981,RUMEX OBTUSIFOLIUS,RUOB,58,ME_NAAMH,,NA,0,0,NA,
74981,RUMEX OBTUSIFOLIUS,RUOB,59,ME_NCZ,,NA,0,0,NA,
74981,RUMEX OBTUSIFOLIUS,RUOB,MI,MI,RUMEX OBTUSIFOLIUS,0,0,0,0,
74981,RUMEX OBTUSIFOLIUS,RUOB,83,NY_GLHL,RUMEX OBTUSIFOLIUS,0,0,0,0,
74981,RUMEX OBTUSIFOLIUS,RUOB,59,RI_NCZ,,NA,0,0,NA,
74989,RUMEX ORBICULATUS,RUOR2,59,CT_NCZ,RUMEX ORBICULATUS,4,4,4,0,
74989,RUMEX ORBICULATUS,RUOR2,IN,IN,,NA,5,5,NA,
74989,RUMEX ORBICULATUS,RUOR2,82,ME_NBPH,RUMEX ORBICULATUS,5,5,5,0,
74989,RUMEX ORBICULATUS,RUOR2,MI,MI,RUMEX ORBICULATUS,9,9,9,0,
74989,RUMEX ORBICULATUS,RUOR2,MN,MN,RUMEX ORBICULATUS,6,6,6,0,
74989,RUMEX ORBICULATUS,RUOR2,59,NH_NCZ,RUMEX ORBICULATUS,4,4,4,0,
74989,RUMEX ORBICULATUS,RUOR2,83,NY_GLHL,RUMEX ORBICULATUS,7,7,7,0,
74989,RUMEX ORBICULATUS,RUOR2,58,VT_NAAMH,RUMEX ORBICULATUS,6,6,6,0,
74989,RUMEX ORBICULATUS,RUOR2,WI,WI,RUMEX ORBICULATUS,8,8,8,0,
74990,RUMEX ORBICULATUS VAR. BOREALIS,RUORB,59,CT_NCZ,,NA,4,4,NA,
74990,RUMEX ORBICULATUS VAR. BOREALIS,RUORB,MN,MN,,NA,6,6,NA,
74990,RUMEX ORBICULATUS VAR. BOREALIS,RUORB,58,VT_NAAMH,,NA,3,6,NA,Updated to ssp. Cval/CoC Ref
74990,RUMEX ORBICULATUS VAR. BOREALIS,RUORB,WI,WI,,NA,8,8,NA,
75036,RUMEX VERTICILLATUS,RUVE3,IN,IN,RUMEX VERTICILLATUS,5,5,5,0,
75036,RUMEX VERTICILLATUS,RUVE3,59,MA_NCZ,RUMEX VERTICILLATUS,7,7,7,0,
75036,RUMEX VERTICILLATUS,RUVE3,61,OH_APG,RUMEX VERTICILLATUS,6,6,6,0,
75278,SAGITTARIA,SAGIT,MN,MN,,NA,8,8,NA,
75278,SAGITTARIA,SAGIT,58,NH_NAAMH,,NA,7,7,NA,
75278,SAGITTARIA,SAGIT,59,NH_NCZ,,NA,8,8,NA,
75278,SAGITTARIA,SAGIT,58,NY_NAAMH,,NA,8,8,NA,
75283,SAGITTARIA BREVIROSTRA,SABR8,IN,IN,,NA,3,3,NA,
75307,SAGITTARIA GRAMINEA VAR. GRAMINEA,SAGRG,MN,MN,,NA,9,9,NA,
75321,SAGITTARIA LATIFOLIA,SALA2,58,CT_NAAMH,SAGITTARIA LATIFOLIA,4,4,4,0,
75321,SAGITTARIA LATIFOLIA,SALA2,59,CT_NCZ,SAGITTARIA LATIFOLIA,5,5,5,0,
75321,SAGITTARIA LATIFOLIA,SALA2,IN,IN,SAGITTARIA LATIFOLIA,3,3,3,0,
75321,SAGITTARIA LATIFOLIA,SALA2,59,MA_NCZ,SAGITTARIA LATIFOLIA,5,5,5,0,
75321,SAGITTARIA LATIFOLIA,SALA2,82,ME_NBPH,SAGITTARIA LATIFOLIA,5,5,5,0,
75321,SAGITTARIA LATIFOLIA,SALA2,59,ME_NCZ,SAGITTARIA LATIFOLIA,5,5,5,0,
75321,SAGITTARIA LATIFOLIA,SALA2,MI,MI,SAGITTARIA LATIFOLIA,4,4,4,0,
75321,SAGITTARIA LATIFOLIA,SALA2,MN,MN,SAGITTARIA LATIFOLIA,3,3,3,0,
75321,SAGITTARIA LATIFOLIA,SALA2,58,NH_NAAMH,SAGITTARIA LATIFOLIA,4,4,4,0,
75321,SAGITTARIA LATIFOLIA,SALA2,83,NY_GLHL,SAGITTARIA LATIFOLIA,3,3,3,0,
75321,SAGITTARIA LATIFOLIA,SALA2,58,NY_NAAMH,SAGITTARIA LATIFOLIA,4,4,4,0,
75321,SAGITTARIA LATIFOLIA,SALA2,62,PA_AP,SAGITTARIA LATIFOLIA,4,4,4,0,
75321,SAGITTARIA LATIFOLIA,SALA2,60,PA_APG,SAGITTARIA LATIFOLIA,4,4,4,0,
75321,SAGITTARIA LATIFOLIA,SALA2,61,PA_APG,SAGITTARIA LATIFOLIA,4,4,4,0,
75321,SAGITTARIA LATIFOLIA,SALA2,83,PA_OTH,SAGITTARIA LATIFOLIA,3,4,3,-1,
75321,SAGITTARIA LATIFOLIA,SALA2,59,RI_NCZ,SAGITTARIA LATIFOLIA,5,5,5,0,
75321,SAGITTARIA LATIFOLIA,SALA2,83,VT_GLHL,SAGITTARIA LATIFOLIA,3,3,3,0,
75321,SAGITTARIA LATIFOLIA,SALA2,58,VT_NAAMH,SAGITTARIA LATIFOLIA,4,4,4,0,
75321,SAGITTARIA LATIFOLIA,SALA2,WI,WI,SAGITTARIA LATIFOLIA,3,3,3,0,
75341,SAGITTARIA RIGIDA,SARI,MN,MN,SAGITTARIA RIGIDA,7,7,7,0,
75409,SALIX,SALIX,82,ME_NBPH,,NA,4,4,NA,
75409,SALIX,SALIX,MI,MI,,NA,4,4,NA,
75409,SALIX,SALIX,MN,MN,,NA,4,4,NA,
75409,SALIX,SALIX,58,NH_NAAMH,,NA,4,4,NA,
75409,SALIX,SALIX,83,NY_GLHL,,NA,5,5,NA,
75409,SALIX,SALIX,59,RI_NCZ,,NA,4,4,NA,
75409,SALIX,SALIX,83,VT_GLHL,,NA,4,4,NA,
75409,SALIX,SALIX,58,VT_NAAMH,,NA,4,4,NA,
75409,SALIX,SALIX,WI,WI,,NA,4,4,NA,
75482,SALIX AMYGDALOIDES,SAAM2,IN,IN,SALIX AMYGDALOIDES,4,4,4,0,
75482,SALIX AMYGDALOIDES,SAAM2,MN,MN,SALIX AMYGDALOIDES,5,5,5,0,
75559,SALIX BEBBIANA,SABE2,59,CT_NCZ,SALIX BEBBIANA,3,3,3,0,
75559,SALIX BEBBIANA,SABE2,59,MA_NCZ,SALIX BEBBIANA,3,3,3,0,
75559,SALIX BEBBIANA,SABE2,58,ME_NAAMH,SALIX BEBBIANA,3,3,3,0,
75559,SALIX BEBBIANA,SABE2,82,ME_NBPH,SALIX BEBBIANA,3,3,3,0,
75559,SALIX BEBBIANA,SABE2,MI,MI,SALIX BEBBIANA,1,1,1,0,
75559,SALIX BEBBIANA,SABE2,MN,MN,SALIX BEBBIANA,6,6,6,0,
75559,SALIX BEBBIANA,SABE2,58,NH_NAAMH,SALIX BEBBIANA,3,3,3,0,
75559,SALIX BEBBIANA,SABE2,83,NY_GLHL,SALIX BEBBIANA,3,3,3,0,
75559,SALIX BEBBIANA,SABE2,59,RI_NCZ,SALIX BEBBIANA,3,3,3,0,
75559,SALIX BEBBIANA,SABE2,83,VT_GLHL,SALIX BEBBIANA,3,3,3,0,
75559,SALIX BEBBIANA,SABE2,58,VT_NAAMH,SALIX BEBBIANA,3,3,3,0,
75559,SALIX BEBBIANA,SABE2,WI,WI,SALIX BEBBIANA,7,7,7,0,
75602,SALIX CANDIDA,SACA4,MI,MI,SALIX CANDIDA,9,9,9,0,
75602,SALIX CANDIDA,SACA4,MN,MN,SALIX CANDIDA,9,9,9,0,
75602,SALIX CANDIDA,SACA4,83,VT_GLHL,SALIX CANDIDA,9,9,9,0,
75602,SALIX CANDIDA,SACA4,58,VT_NAAMH,SALIX CANDIDA,9,9,9,0,
75602,SALIX CANDIDA,SACA4,WI,WI,SALIX CANDIDA,10,10,10,0,
75624,SALIX CINEREA,SACI,59,RI_NCZ,,NA,0,0,NA,
75686,SALIX DISCOLOR,SADI,58,CT_NAAMH,SALIX DISCOLOR,3,3,3,0,
75686,SALIX DISCOLOR,SADI,IN,IN,SALIX DISCOLOR,3,3,3,0,
75686,SALIX DISCOLOR,SADI,58,ME_NAAMH,SALIX DISCOLOR,3,3,3,0,
75686,SALIX DISCOLOR,SADI,82,ME_NBPH,SALIX DISCOLOR,3,3,3,0,
75686,SALIX DISCOLOR,SADI,MI,MI,SALIX DISCOLOR,1,1,1,0,
75686,SALIX DISCOLOR,SADI,MN,MN,SALIX DISCOLOR,3,3,3,0,
75686,SALIX DISCOLOR,SADI,83,NY_GLHL,SALIX DISCOLOR,3,3,3,0,
75686,SALIX DISCOLOR,SADI,58,NY_NAAMH,SALIX DISCOLOR,3,3,3,0,
75686,SALIX DISCOLOR,SADI,61,OH_APG,SALIX DISCOLOR,6,6,6,0,
75686,SALIX DISCOLOR,SADI,59,RI_NCZ,SALIX DISCOLOR,3,3,3,0,
75686,SALIX DISCOLOR,SADI,83,VT_GLHL,SALIX DISCOLOR,3,3,3,0,
75686,SALIX DISCOLOR,SADI,58,VT_NAAMH,SALIX DISCOLOR,3,3,3,0,
75686,SALIX DISCOLOR,SADI,WI,WI,SALIX DISCOLOR,2,2,2,0,
75703,SALIX ERIOCEPHALA,SAER,59,CT_NCZ,SALIX ERIOCEPHALA,3,3,3,0,
75703,SALIX ERIOCEPHALA,SAER,IN,IN,SALIX ERIOCEPHALA,4,4,4,0,
75703,SALIX ERIOCEPHALA,SAER,MI,MI,SALIX ERIOCEPHALA,2,2,2,0,
75703,SALIX ERIOCEPHALA,SAER,MN,MN,SALIX ERIOCEPHALA,4,4,4,0,
75703,SALIX ERIOCEPHALA,SAER,58,NH_NAAMH,SALIX ERIOCEPHALA,3,3,3,0,
75703,SALIX ERIOCEPHALA,SAER,83,NY_GLHL,SALIX ERIOCEPHALA,3,3,3,0,
75703,SALIX ERIOCEPHALA,SAER,58,VT_NAAMH,SALIX ERIOCEPHALA,3,3,3,0,
75748,SALIX FRAGILIS,SAFR,MI,MI,SALIX FRAGILIS,0,0,0,0,
75830,SALIX HUMILIS,SAHU2,MN,MN,SALIX HUMILIS,6,6,6,0,
75830,SALIX HUMILIS,SAHU2,58,VT_NAAMH,,NA,7,7,NA,
75830,SALIX HUMILIS,SAHU2,WI,WI,SALIX HUMILIS,6,6,6,0,
75843,SALIX INTERIOR,SAIN3,IN,IN,SALIX INTERIOR,1,1,1,0,
75843,SALIX INTERIOR,SAIN3,MI,MI,,NA,2,2,NA,
75843,SALIX INTERIOR,SAIN3,MN,MN,SALIX INTERIOR,2,2,2,0,
75843,SALIX INTERIOR,SAIN3,WI,WI,SALIX INTERIOR,2,2,2,0,
75912,SALIX LUCIDA,SALU,MI,MI,SALIX LUCIDA,3,3,3,0,
75912,SALIX LUCIDA,SALU,MN,MN,,NA,5,5,NA,
75912,SALIX LUCIDA,SALU,58,NH_NAAMH,SALIX LUCIDA,5,5,5,0,
75912,SALIX LUCIDA,SALU,58,VT_NAAMH,SALIX LUCIDA,5,5,5,0,
75915,SALIX LUCIDA SSP. LUCIDA,SALUL2,82,ME_NBPH,,NA,5,5,NA,
75915,SALIX LUCIDA SSP. LUCIDA,SALUL2,59,ME_NCZ,,NA,6,6,NA,
75915,SALIX LUCIDA SSP. LUCIDA,SALUL2,MN,MN,,NA,5,5,NA,
75915,SALIX LUCIDA SSP. LUCIDA,SALUL2,83,NY_GLHL,,NA,5,5,NA,
75915,SALIX LUCIDA SSP. LUCIDA,SALUL2,58,VT_NAAMH,,NA,5,5,NA,
75933,SALIX MACCALLIANA,SAMA12,MN,MN,,NA,9,9,NA,
75962,SALIX MYRICOIDES,SAMY2,MI,MI,SALIX MYRICOIDES,9,9,9,0,
75986,SALIX NIGRA,SANI,IN,IN,SALIX NIGRA,3,3,3,0,
75986,SALIX NIGRA,SANI,82,ME_NBPH,SALIX NIGRA,5,5,5,0,
75986,SALIX NIGRA,SANI,MI,MI,SALIX NIGRA,5,5,5,0,
75986,SALIX NIGRA,SANI,MN,MN,SALIX NIGRA,4,4,4,0,
75986,SALIX NIGRA,SANI,58,NH_NAAMH,SALIX NIGRA,5,5,5,0,
75986,SALIX NIGRA,SANI,83,NY_GLHL,SALIX NIGRA,5,5,5,0,
75986,SALIX NIGRA,SANI,61,OH_APG,SALIX NIGRA,3,2,3,1,
75986,SALIX NIGRA,SANI,61,PA_APG,SALIX NIGRA,3,2,3,1,
75986,SALIX NIGRA,SANI,59,RI_NCZ,SALIX NIGRA,4,4,4,0,
75986,SALIX NIGRA,SANI,83,VT_GLHL,SALIX NIGRA,5,5,5,0,
75986,SALIX NIGRA,SANI,58,VT_NAAMH,SALIX NIGRA,5,5,5,0,
76039,SALIX PEDICELLARIS,SAPE2,IN,IN,SALIX PEDICELLARIS,10,10,10,0,
76039,SALIX PEDICELLARIS,SAPE2,82,ME_NBPH,SALIX PEDICELLARIS,7,7,7,0,
76039,SALIX PEDICELLARIS,SAPE2,MI,MI,SALIX PEDICELLARIS,8,8,8,0,
76039,SALIX PEDICELLARIS,SAPE2,MN,MN,SALIX PEDICELLARIS,8,8,8,0,
76039,SALIX PEDICELLARIS,SAPE2,WI,WI,SALIX PEDICELLARIS,8,8,8,0,
76043,SALIX PELLITA,SAPE3,58,VT_NAAMH,SALIX PELLITA,7,7,7,0,
76053,SALIX PETIOLARIS,SAPE5,IN,IN,SALIX PETIOLARIS,6,6,6,0,
76053,SALIX PETIOLARIS,SAPE5,82,ME_NBPH,SALIX PETIOLARIS,3,3,3,0,
76053,SALIX PETIOLARIS,SAPE5,MI,MI,SALIX PETIOLARIS,1,1,1,0,
76053,SALIX PETIOLARIS,SAPE5,MN,MN,SALIX PETIOLARIS,5,5,5,0,
76053,SALIX PETIOLARIS,SAPE5,83,NY_GLHL,SALIX PETIOLARIS,5,5,5,0,
76053,SALIX PETIOLARIS,SAPE5,58,NY_NAAMH,SALIX PETIOLARIS,4,4,4,0,
76053,SALIX PETIOLARIS,SAPE5,83,VT_GLHL,SALIX PETIOLARIS,5,5,5,0,
76053,SALIX PETIOLARIS,SAPE5,58,VT_NAAMH,SALIX PETIOLARIS,4,4,4,0,
76053,SALIX PETIOLARIS,SAPE5,WI,WI,SALIX PETIOLARIS,6,6,6,0,
76071,SALIX PLANIFOLIA,SAPL2,MN,MN,SALIX PLANIFOLIA,8,8,8,0,
76108,SALIX PYRIFOLIA,SAPY,58,ME_NAAMH,SALIX PYRIFOLIA,7,7,7,0,
76108,SALIX PYRIFOLIA,SAPY,MI,MI,SALIX PYRIFOLIA,8,8,8,0,
76108,SALIX PYRIFOLIA,SAPY,MN,MN,SALIX PYRIFOLIA,8,8,8,0,
76108,SALIX PYRIFOLIA,SAPY,58,NY_NAAMH,SALIX PYRIFOLIA,7,7,7,0,
76108,SALIX PYRIFOLIA,SAPY,WI,WI,SALIX PYRIFOLIA,7,7,7,0,
76168,SALIX SERICEA,SASE,58,CT_NAAMH,SALIX SERICEA,4,4,4,0,
76168,SALIX SERICEA,SASE,58,NH_NAAMH,SALIX SERICEA,4,4,4,0,
76168,SALIX SERICEA,SASE,83,NY_GLHL,SALIX SERICEA,5,5,5,0,
76168,SALIX SERICEA,SASE,58,NY_NAAMH,SALIX SERICEA,4,4,4,0,
76168,SALIX SERICEA,SASE,83,VT_GLHL,SALIX SERICEA,5,5,5,0,
76168,SALIX SERICEA,SASE,58,VT_NAAMH,SALIX SERICEA,4,4,4,0,
76168,SALIX SERICEA,SASE,WI,WI,SALIX SERICEA,10,10,10,0,
76171,SALIX SERISSIMA,SASE2,MI,MI,SALIX SERISSIMA,8,8,8,0,
76171,SALIX SERISSIMA,SASE2,MN,MN,SALIX SERISSIMA,7,7,7,0,
76171,SALIX SERISSIMA,SASE2,83,NY_GLHL,SALIX SERISSIMA,9,9,9,0,
76171,SALIX SERISSIMA,SASE2,WI,WI,SALIX SERISSIMA,8,8,8,0,
76458,SAMBUCUS,SAMBU,58,ME_NAAMH,,NA,4,4,NA,
76458,SAMBUCUS,SAMBU,MI,MI,,NA,4,4,NA,
76486,SAMBUCUS NIGRA,SANI4,59,CT_NCZ,SAMBUCUS NIGRA,4,4,4,0,
76486,SAMBUCUS NIGRA,SANI4,62,PA_AP,,NA,3,3,NA,
76486,SAMBUCUS NIGRA,SANI4,58,VT_NAAMH,SAMBUCUS NIGRA,4,4,4,0,
76488,SAMBUCUS NIGRA SSP. CANADENSIS,SANIC4,58,CT_NAAMH,,NA,4,4,NA,
76488,SAMBUCUS NIGRA SSP. CANADENSIS,SANIC4,59,CT_NCZ,,NA,4,4,NA,
76488,SAMBUCUS NIGRA SSP. CANADENSIS,SANIC4,IN,IN,,NA,2,2,NA,
76488,SAMBUCUS NIGRA SSP. CANADENSIS,SANIC4,58,MA_NAAMH,,NA,3,4,NA,Updated to ssp. Cval/CoC Ref
76488,SAMBUCUS NIGRA SSP. CANADENSIS,SANIC4,59,MA_NCZ,,NA,3,4,NA,Updated to ssp. Cval/CoC Ref
76488,SAMBUCUS NIGRA SSP. CANADENSIS,SANIC4,82,ME_NBPH,,NA,3,3,NA,
76488,SAMBUCUS NIGRA SSP. CANADENSIS,SANIC4,MI,MI,,NA,3,3,NA,
76488,SAMBUCUS NIGRA SSP. CANADENSIS,SANIC4,MN,MN,SAMBUCUS NIGRA SSP. CANADENSIS,3,3,3,0,
76488,SAMBUCUS NIGRA SSP. CANADENSIS,SANIC4,58,NH_NAAMH,,NA,6,4,NA,Updated to ssp. Cval/CoC Ref
76488,SAMBUCUS NIGRA SSP. CANADENSIS,SANIC4,58,NJ,,NA,4,4,NA,
76488,SAMBUCUS NIGRA SSP. CANADENSIS,SANIC4,83,NY_GLHL,,NA,4,4,NA,
76488,SAMBUCUS NIGRA SSP. CANADENSIS,SANIC4,58,NY_NAAMH,,NA,4,4,NA,
76488,SAMBUCUS NIGRA SSP. CANADENSIS,SANIC4,61,OH_APG,SAMBUCUS NIGRA SSP. CANADENSIS,3,3,3,0,
76488,SAMBUCUS NIGRA SSP. CANADENSIS,SANIC4,62,PA_AP,SAMBUCUS NIGRA SSP. CANADENSIS,3,3,3,0,
76488,SAMBUCUS NIGRA SSP. CANADENSIS,SANIC4,61,PA_APG,SAMBUCUS NIGRA SSP. CANADENSIS,3,3,3,0,
76488,SAMBUCUS NIGRA SSP. CANADENSIS,SANIC4,58,VT_NAAMH,,NA,6,4,NA,Updated to ssp. Cval/CoC Ref
76488,SAMBUCUS NIGRA SSP. CANADENSIS,SANIC4,WI,WI,,NA,3,3,NA,
76496,SAMBUCUS RACEMOSA,SARA2,58,ME_NAAMH,SAMBUCUS RACEMOSA,5,5,5,0,
76496,SAMBUCUS RACEMOSA,SARA2,MI,MI,SAMBUCUS RACEMOSA,3,3,3,0,
76496,SAMBUCUS RACEMOSA,SARA2,62,PA_AP,,NA,6,6,NA,
76539,SANGUINARIA CANADENSIS,SACA13,MN,MN,SANGUINARIA CANADENSIS,6,6,6,0,
76563,SANICULA,SANIC,82,ME_NBPH,,NA,6,6,NA,
76563,SANICULA,SANIC,MI,MI,,NA,5,5,NA,
76563,SANICULA,SANIC,MN,MN,,NA,5,5,NA,
76570,SANICULA CANADENSIS,SACA15,IN,IN,,NA,2,2,NA,
76570,SANICULA CANADENSIS,SACA15,MN,MN,SANICULA CANADENSIS,5,5,5,0,
76588,SANICULA MARILANDICA,SAMA2,MI,MI,SANICULA MARILANDICA,4,4,4,0,
76588,SANICULA MARILANDICA,SAMA2,MN,MN,,NA,5,5,NA,
76594,SANICULA ODORATA,SAOD,IN,IN,SANICULA ODORATA,2,2,2,0,
76594,SANICULA ODORATA,SAOD,MI,MI,,NA,2,2,NA,
76594,SANICULA ODORATA,SAOD,61,OH_APG,SANICULA ODORATA,7,7,7,0,
76594,SANICULA ODORATA,SAOD,WI,WI,SANICULA ODORATA,3,3,3,0,
76604,SANICULA TRIFOLIATA,SATR4,61,OH_APG,SANICULA TRIFOLIATA,6,6,6,0,
76786,SARRACENIA PURPUREA,SAPU4,58,ME_NAAMH,SARRACENIA PURPUREA,8,8,8,0,
76786,SARRACENIA PURPUREA,SAPU4,82,ME_NBPH,SARRACENIA PURPUREA,7,7,7,0,
76786,SARRACENIA PURPUREA,SAPU4,MI,MI,SARRACENIA PURPUREA,10,10,10,0,
76786,SARRACENIA PURPUREA,SAPU4,MN,MN,,NA,10,10,NA,
76786,SARRACENIA PURPUREA,SAPU4,58,NH_NAAMH,SARRACENIA PURPUREA,8,8,8,0,
76786,SARRACENIA PURPUREA,SAPU4,58,NY_NAAMH,SARRACENIA PURPUREA,8,8,8,0,
76786,SARRACENIA PURPUREA,SAPU4,WI,WI,SARRACENIA PURPUREA,10,10,10,0,
76791,SARRACENIA PURPUREA SSP. PURPUREA VAR. PURPUREA,SAPUP6,82,ME_NBPH,,NA,7,7,NA,
76817,SASSAFRAS ALBIDUM,SAAL5,IN,IN,SASSAFRAS ALBIDUM,1,1,1,0,
76817,SASSAFRAS ALBIDUM,SAAL5,59,MA_NCZ,SASSAFRAS ALBIDUM,4,4,4,0,
76817,SASSAFRAS ALBIDUM,SAAL5,MI,MI,SASSAFRAS ALBIDUM,5,5,5,0,
76817,SASSAFRAS ALBIDUM,SAAL5,58,NJ,SASSAFRAS ALBIDUM,4,2,4,2,
76817,SASSAFRAS ALBIDUM,SAAL5,59,RI_NCZ,SASSAFRAS ALBIDUM,4,4,4,0,
76857,SAURURUS CERNUUS,SACE,IN,IN,SAURURUS CERNUUS,4,4,4,0,
76857,SAURURUS CERNUUS,SACE,MI,MI,SAURURUS CERNUUS,9,9,9,0,
76857,SAURURUS CERNUUS,SACE,83,NY_GLHL,SAURURUS CERNUUS,6,6,6,0,
77091,SAXIFRAGA PENSYLVANICA,SAPE8,59,CT_NCZ,SAXIFRAGA PENSYLVANICA,7,7,7,0,
77091,SAXIFRAGA PENSYLVANICA,SAPE8,MN,MN,SAXIFRAGA PENSYLVANICA,7,7,7,0,
77091,SAXIFRAGA PENSYLVANICA,SAPE8,58,NJ,SAXIFRAGA PENSYLVANICA,7,8,7,-1,
77091,SAXIFRAGA PENSYLVANICA,SAPE8,58,VT_NAAMH,SAXIFRAGA PENSYLVANICA,7,7,7,0,
77091,SAXIFRAGA PENSYLVANICA,SAPE8,WI,WI,SAXIFRAGA PENSYLVANICA,7,7,7,0,
91045,SAXIFRAGACEAE,SAXIFR,58,NH_NAAMH,,NA,Und,Und,NA,
77319,SCHEDONORUS ARUNDINACEUS,SCAR7,61,PA_APG,,NA,0,0,NA,
77322,SCHEDONORUS PRATENSIS,SCPR4,MI,MI,,NA,0,0,NA,
77330,SCHEUCHZERIA PALUSTRIS,SCPA2,82,ME_NBPH,SCHEUCHZERIA PALUSTRIS,8,8,8,0,
77330,SCHEUCHZERIA PALUSTRIS,SCPA2,MN,MN,,NA,10,10,NA,
77609,SCHOENOPLECTUS ACUTUS,SCAC3,59,NH_NCZ,SCHOENOPLECTUS ACUTUS,7,7,7,0,
77610,SCHOENOPLECTUS ACUTUS VAR. ACUTUS,SCACA,MN,MN,,NA,6,6,NA,
77610,SCHOENOPLECTUS ACUTUS VAR. ACUTUS,SCACA,WI,WI,,NA,6,6,NA,
77612,SCHOENOPLECTUS AMERICANUS,SCAM6,58,VT_NAAMH,SCHOENOPLECTUS AMERICANUS,9,9,9,0,
77632,SCHOENOPLECTUS PUNGENS,SCPU10,59,RI_NCZ,SCHOENOPLECTUS PUNGENS,7,7,7,0,
77636,SCHOENOPLECTUS PUNGENS VAR. PUNGENS,SCPUP5,WI,WI,,NA,5,5,NA,
77643,SCHOENOPLECTUS SUBTERMINALIS,SCSU10,82,ME_NBPH,SCHOENOPLECTUS SUBTERMINALIS,6,6,6,0,
77643,SCHOENOPLECTUS SUBTERMINALIS,SCSU10,MN,MN,SCHOENOPLECTUS SUBTERMINALIS,9,9,9,0,
77643,SCHOENOPLECTUS SUBTERMINALIS,SCSU10,59,RI_NCZ,SCHOENOPLECTUS SUBTERMINALIS,9,9,9,0,
77644,SCHOENOPLECTUS TABERNAEMONTANI,SCTA2,58,CT_NAAMH,SCHOENOPLECTUS TABERNAEMONTANI,5,5,5,0,
77644,SCHOENOPLECTUS TABERNAEMONTANI,SCTA2,59,CT_NCZ,SCHOENOPLECTUS TABERNAEMONTANI,5,5,5,0,
77644,SCHOENOPLECTUS TABERNAEMONTANI,SCTA2,IN,IN,,NA,4,4,NA,
77644,SCHOENOPLECTUS TABERNAEMONTANI,SCTA2,59,MA_NCZ,SCHOENOPLECTUS TABERNAEMONTANI,5,5,5,0,
77644,SCHOENOPLECTUS TABERNAEMONTANI,SCTA2,MN,MN,SCHOENOPLECTUS TABERNAEMONTANI,4,4,4,0,
77644,SCHOENOPLECTUS TABERNAEMONTANI,SCTA2,59,NH_NCZ,SCHOENOPLECTUS TABERNAEMONTANI,5,5,5,0,
77644,SCHOENOPLECTUS TABERNAEMONTANI,SCTA2,83,NY_GLHL,SCHOENOPLECTUS TABERNAEMONTANI,5,5,5,0,
77644,SCHOENOPLECTUS TABERNAEMONTANI,SCTA2,62,PA_AP,SCHOENOPLECTUS TABERNAEMONTANI,4,4,4,0,
77644,SCHOENOPLECTUS TABERNAEMONTANI,SCTA2,59,RI_NCZ,SCHOENOPLECTUS TABERNAEMONTANI,5,5,5,0,
77644,SCHOENOPLECTUS TABERNAEMONTANI,SCTA2,83,VT_GLHL,SCHOENOPLECTUS TABERNAEMONTANI,5,5,5,0,
77644,SCHOENOPLECTUS TABERNAEMONTANI,SCTA2,WI,WI,SCHOENOPLECTUS TABERNAEMONTANI,4,4,4,0,
77645,SCHOENOPLECTUS TORREYI,SCTO3,83,NY_GLHL,SCHOENOPLECTUS TORREYI,9,9,9,0,
77645,SCHOENOPLECTUS TORREYI,SCTO3,WI,WI,SCHOENOPLECTUS TORREYI,9,9,9,0,
77713,SCIRPUS,SCIRP,59,CT_NCZ,,NA,5,5,NA,
77713,SCIRPUS,SCIRP,MI,MI,,NA,4,4,NA,
77713,SCIRPUS,SCIRP,58,NH_NAAMH,,NA,5,5,NA,
77713,SCIRPUS,SCIRP,83,NY_GLHL,,NA,5,5,NA,
77713,SCIRPUS,SCIRP,83,VT_GLHL,,NA,5,5,NA,
77728,SCIRPUS ATROCINCTUS,SCAT4,58,ME_NAAMH,SCIRPUS ATROCINCTUS,4,4,4,0,
77728,SCIRPUS ATROCINCTUS,SCAT4,82,ME_NBPH,SCIRPUS ATROCINCTUS,3,3,3,0,
77728,SCIRPUS ATROCINCTUS,SCAT4,58,NH_NAAMH,SCIRPUS ATROCINCTUS,4,4,4,0,
77728,SCIRPUS ATROCINCTUS,SCAT4,59,NH_NCZ,SCIRPUS ATROCINCTUS,5,5,5,0,
77728,SCIRPUS ATROCINCTUS,SCAT4,83,VT_GLHL,SCIRPUS ATROCINCTUS,5,5,5,0,
77728,SCIRPUS ATROCINCTUS,SCAT4,58,VT_NAAMH,SCIRPUS ATROCINCTUS,4,4,4,0,
77730,SCIRPUS ATROVIRENS,SCAT2,58,CT_NAAMH,SCIRPUS ATROVIRENS,3,3,3,0,
77730,SCIRPUS ATROVIRENS,SCAT2,IN,IN,SCIRPUS ATROVIRENS,4,4,4,0,
77730,SCIRPUS ATROVIRENS,SCAT2,MI,MI,SCIRPUS ATROVIRENS,3,3,3,0,
77730,SCIRPUS ATROVIRENS,SCAT2,MN,MN,SCIRPUS ATROVIRENS,4,4,4,0,
77730,SCIRPUS ATROVIRENS,SCAT2,83,NY_GLHL,SCIRPUS ATROVIRENS,3,3,3,0,
77730,SCIRPUS ATROVIRENS,SCAT2,61,PA_APG,SCIRPUS ATROVIRENS,3,3,3,0,
77730,SCIRPUS ATROVIRENS,SCAT2,83,VT_GLHL,SCIRPUS ATROVIRENS,3,3,3,0,
77730,SCIRPUS ATROVIRENS,SCAT2,58,VT_NAAMH,SCIRPUS ATROVIRENS,3,3,3,0,
77730,SCIRPUS ATROVIRENS,SCAT2,WI,WI,SCIRPUS ATROVIRENS,3,3,3,0,
77768,SCIRPUS CYPERINUS,SCCY,58,CT_NAAMH,SCIRPUS CYPERINUS,3,3,3,0,
77768,SCIRPUS CYPERINUS,SCCY,59,CT_NCZ,SCIRPUS CYPERINUS,4,4,4,0,
77768,SCIRPUS CYPERINUS,SCCY,59,MA_NCZ,SCIRPUS CYPERINUS,4,4,4,0,
77768,SCIRPUS CYPERINUS,SCCY,82,ME_NBPH,SCIRPUS CYPERINUS,2,2,2,0,
77768,SCIRPUS CYPERINUS,SCCY,MI,MI,SCIRPUS CYPERINUS,5,5,5,0,
77768,SCIRPUS CYPERINUS,SCCY,MN,MN,SCIRPUS CYPERINUS,3,3,3,0,
77768,SCIRPUS CYPERINUS,SCCY,58,NH_NAAMH,SCIRPUS CYPERINUS,3,3,3,0,
77768,SCIRPUS CYPERINUS,SCCY,59,NH_NCZ,SCIRPUS CYPERINUS,4,4,4,0,
77768,SCIRPUS CYPERINUS,SCCY,83,NY_GLHL,SCIRPUS CYPERINUS,4,4,4,0,
77768,SCIRPUS CYPERINUS,SCCY,58,NY_NAAMH,SCIRPUS CYPERINUS,3,3,3,0,
77768,SCIRPUS CYPERINUS,SCCY,61,OH_APG,SCIRPUS CYPERINUS,2,2,2,0,
77768,SCIRPUS CYPERINUS,SCCY,62,PA_AP,SCIRPUS CYPERINUS,2,2,2,0,
77768,SCIRPUS CYPERINUS,SCCY,60,PA_APG,SCIRPUS CYPERINUS,2,2,2,0,
77768,SCIRPUS CYPERINUS,SCCY,61,PA_APG,SCIRPUS CYPERINUS,2,2,2,0,
77768,SCIRPUS CYPERINUS,SCCY,83,PA_OTH,SCIRPUS CYPERINUS,4,2,4,2,
77768,SCIRPUS CYPERINUS,SCCY,59,RI_NCZ,SCIRPUS CYPERINUS,4,4,4,0,
77768,SCIRPUS CYPERINUS,SCCY,83,VT_GLHL,SCIRPUS CYPERINUS,4,4,4,0,
77768,SCIRPUS CYPERINUS,SCCY,58,VT_NAAMH,SCIRPUS CYPERINUS,3,3,3,0,
77768,SCIRPUS CYPERINUS,SCCY,WI,WI,SCIRPUS CYPERINUS,4,4,4,0,
77801,SCIRPUS HATTORIANUS,SCHA3,58,VT_NAAMH,SCIRPUS HATTORIANUS,2,2,2,0,
77838,SCIRPUS MICROCARPUS,SCMI2,59,CT_NCZ,SCIRPUS MICROCARPUS,5,5,5,0,
77838,SCIRPUS MICROCARPUS,SCMI2,58,ME_NAAMH,SCIRPUS MICROCARPUS,4,4,4,0,
77838,SCIRPUS MICROCARPUS,SCMI2,82,ME_NBPH,SCIRPUS MICROCARPUS,4,4,4,0,
77838,SCIRPUS MICROCARPUS,SCMI2,83,NY_GLHL,SCIRPUS MICROCARPUS,6,6,6,0,
77838,SCIRPUS MICROCARPUS,SCMI2,58,NY_NAAMH,SCIRPUS MICROCARPUS,4,4,4,0,
77838,SCIRPUS MICROCARPUS,SCMI2,83,VT_GLHL,SCIRPUS MICROCARPUS,6,6,6,0,
77838,SCIRPUS MICROCARPUS,SCMI2,58,VT_NAAMH,SCIRPUS MICROCARPUS,4,4,4,0,
77838,SCIRPUS MICROCARPUS,SCMI2,WI,WI,SCIRPUS MICROCARPUS,6,6,6,0,
77862,SCIRPUS PEDICELLATUS,SCPE3,58,ME_NAAMH,SCIRPUS PEDICELLATUS,5,5,5,0,
77864,SCIRPUS PENDULUS,SCPE4,83,NY_GLHL,SCIRPUS PENDULUS,2,2,2,0,
77864,SCIRPUS PENDULUS,SCPE4,58,NY_NAAMH,SCIRPUS PENDULUS,3,3,3,0,
77864,SCIRPUS PENDULUS,SCPE4,83,VT_GLHL,SCIRPUS PENDULUS,2,2,2,0,
78113,SCOLOCHLOA FESTUCACEA,SCFE,MN,MN,,NA,7,7,NA,
78188,SCROPHULARIA LANCEOLATA,SCLA,IN,IN,SCROPHULARIA LANCEOLATA,5,5,5,0,
78188,SCROPHULARIA LANCEOLATA,SCLA,MI,MI,SCROPHULARIA LANCEOLATA,5,5,5,0,
78188,SCROPHULARIA LANCEOLATA,SCLA,62,PA_AP,SCROPHULARIA LANCEOLATA,4,4,4,0,
90946,SCROPHULARIACEAE,SCROPH,MN,MN,,NA,Und,Und,NA,
90946,SCROPHULARIACEAE,SCROPH,WI,WI,,NA,Und,Und,NA,
78205,SCUTELLARIA,SCUTE,82,ME_NBPH,,NA,5,5,NA,
78205,SCUTELLARIA,SCUTE,MI,MI,,NA,7,7,NA,
78205,SCUTELLARIA,SCUTE,58,VT_NAAMH,,NA,6,6,NA,
78241,SCUTELLARIA GALERICULATA,SCGA,59,CT_NCZ,SCUTELLARIA GALERICULATA,5,5,5,0,
78241,SCUTELLARIA GALERICULATA,SCGA,59,MA_NCZ,SCUTELLARIA GALERICULATA,5,5,5,0,
78241,SCUTELLARIA GALERICULATA,SCGA,58,ME_NAAMH,SCUTELLARIA GALERICULATA,5,5,5,0,
78241,SCUTELLARIA GALERICULATA,SCGA,82,ME_NBPH,SCUTELLARIA GALERICULATA,4,4,4,0,
78241,SCUTELLARIA GALERICULATA,SCGA,MI,MI,SCUTELLARIA GALERICULATA,5,5,5,0,
78241,SCUTELLARIA GALERICULATA,SCGA,MN,MN,SCUTELLARIA GALERICULATA,5,5,5,0,
78241,SCUTELLARIA GALERICULATA,SCGA,58,NH_NAAMH,SCUTELLARIA GALERICULATA,5,5,5,0,
78241,SCUTELLARIA GALERICULATA,SCGA,59,NH_NCZ,SCUTELLARIA GALERICULATA,5,5,5,0,
78241,SCUTELLARIA GALERICULATA,SCGA,83,NY_GLHL,SCUTELLARIA GALERICULATA,6,6,6,0,
78241,SCUTELLARIA GALERICULATA,SCGA,58,NY_NAAMH,SCUTELLARIA GALERICULATA,5,5,5,0,
78241,SCUTELLARIA GALERICULATA,SCGA,83,PA_OTH,SCUTELLARIA GALERICULATA,6,9,6,-3,
78241,SCUTELLARIA GALERICULATA,SCGA,83,VT_GLHL,SCUTELLARIA GALERICULATA,6,6,6,0,
78241,SCUTELLARIA GALERICULATA,SCGA,58,VT_NAAMH,SCUTELLARIA GALERICULATA,5,5,5,0,
78241,SCUTELLARIA GALERICULATA,SCGA,WI,WI,SCUTELLARIA GALERICULATA,5,5,5,0,
78258,SCUTELLARIA LATERIFLORA,SCLA2,58,CT_NAAMH,SCUTELLARIA LATERIFLORA,6,6,6,0,
78258,SCUTELLARIA LATERIFLORA,SCLA2,59,CT_NCZ,SCUTELLARIA LATERIFLORA,5,5,5,0,
78258,SCUTELLARIA LATERIFLORA,SCLA2,IN,IN,SCUTELLARIA LATERIFLORA,4,4,4,0,
78258,SCUTELLARIA LATERIFLORA,SCLA2,59,MA_NCZ,SCUTELLARIA LATERIFLORA,5,5,5,0,
78258,SCUTELLARIA LATERIFLORA,SCLA2,58,ME_NAAMH,SCUTELLARIA LATERIFLORA,6,6,6,0,
78258,SCUTELLARIA LATERIFLORA,SCLA2,82,ME_NBPH,SCUTELLARIA LATERIFLORA,5,5,5,0,
78258,SCUTELLARIA LATERIFLORA,SCLA2,MI,MI,SCUTELLARIA LATERIFLORA,5,5,5,0,
78258,SCUTELLARIA LATERIFLORA,SCLA2,MN,MN,SCUTELLARIA LATERIFLORA,5,5,5,0,
78258,SCUTELLARIA LATERIFLORA,SCLA2,58,NH_NAAMH,SCUTELLARIA LATERIFLORA,6,6,6,0,
78258,SCUTELLARIA LATERIFLORA,SCLA2,59,NH_NCZ,SCUTELLARIA LATERIFLORA,5,5,5,0,
78258,SCUTELLARIA LATERIFLORA,SCLA2,83,NY_GLHL,SCUTELLARIA LATERIFLORA,7,7,7,0,
78258,SCUTELLARIA LATERIFLORA,SCLA2,58,NY_NAAMH,SCUTELLARIA LATERIFLORA,6,6,6,0,
78258,SCUTELLARIA LATERIFLORA,SCLA2,61,OH_APG,SCUTELLARIA LATERIFLORA,5,5,5,0,
78258,SCUTELLARIA LATERIFLORA,SCLA2,61,PA_APG,SCUTELLARIA LATERIFLORA,5,5,5,0,
78258,SCUTELLARIA LATERIFLORA,SCLA2,59,RI_NCZ,SCUTELLARIA LATERIFLORA,5,5,5,0,
78258,SCUTELLARIA LATERIFLORA,SCLA2,83,VT_GLHL,SCUTELLARIA LATERIFLORA,7,7,7,0,
78258,SCUTELLARIA LATERIFLORA,SCLA2,58,VT_NAAMH,SCUTELLARIA LATERIFLORA,6,6,6,0,
78258,SCUTELLARIA LATERIFLORA,SCLA2,WI,WI,SCUTELLARIA LATERIFLORA,5,5,5,0,
78206,SCUTELLARIA xCHURCHILLIANA,SCCH2,62,PA_AP,,NA,5,5,NA,
78371,SECURIGERA VARIA,SEVA4,61,PA_APG,,NA,0,0,NA,
78378,SEDUM,SEDUM,58,NH_NAAMH,,NA,0,0,NA,
78538,SELAGINELLA APODA,SEAP,59,CT_NCZ,SELAGINELLA APODA,4,4,4,0,
78538,SELAGINELLA APODA,SEAP,59,RI_NCZ,SELAGINELLA APODA,4,4,4,0,
78596,SELAGINELLA SELAGINOIDES,SESE,MN,MN,SELAGINELLA SELAGINOIDES,10,10,10,0,
79362,SHEPHERDIA ARGENTEA,SHAR,MI,MI,,NA,0,0,NA,
79363,SHEPHERDIA CANADENSIS,SHCA,MI,MI,SHEPHERDIA CANADENSIS,7,7,7,0,
131562,SHRUB,2SHRUB,58,ME_NAAMH,,NA,Und,Und,NA,
131562,SHRUB,2SHRUB,MI,MI,,NA,Und,Und,NA,
131562,SHRUB,2SHRUB,MN,MN,,NA,Und,Und,NA,
131562,SHRUB,2SHRUB,58,NH_NAAMH,,NA,Und,Und,NA,
131562,SHRUB,2SHRUB,59,RI_NCZ,,NA,Und,Und,NA,
131562,SHRUB,2SHRUB,WI,WI,,NA,Und,Und,NA,
90823,"SHRUB, BROADLEAF",2SB,MI,MI,,NA,Und,Und,NA,
91449,"SHRUB, BROADLEAF, DICOT",2SBD,MI,MI,,NA,Und,Und,NA,
90825,"SHRUB, DECIDUOUS, BROADLEAF",2SDB,MI,MI,,NA,Und,Und,NA,
90826,"SHRUB, DECIDUOUS, BROADLEAF, DICOT",2SDBD,MI,MI,,NA,Und,Und,NA,
79403,SICYOS ANGULATUS,SIAN,MI,MI,SICYOS ANGULATUS,2,2,2,0,
79403,SICYOS ANGULATUS,SIAN,WI,WI,SICYOS ANGULATUS,5,5,5,0,
80085,SISYRINCHIUM ALBIDUM,SIAL3,MI,MI,,NA,7,7,NA,
80086,SISYRINCHIUM ANGUSTIFOLIUM,SIAN3,59,CT_NCZ,SISYRINCHIUM ANGUSTIFOLIUM,3,3,3,0,
80086,SISYRINCHIUM ANGUSTIFOLIUM,SIAN3,61,PA_APG,SISYRINCHIUM ANGUSTIFOLIUM,2,2,2,0,
80157,SISYRINCHIUM MONTANUM,SIMO2,83,NY_GLHL,SISYRINCHIUM MONTANUM,2,2,2,0,
80204,SIUM SUAVE,SISU2,59,CT_NCZ,SIUM SUAVE,6,6,6,0,
80204,SIUM SUAVE,SISU2,59,MA_NCZ,SIUM SUAVE,6,6,6,0,
80204,SIUM SUAVE,SISU2,82,ME_NBPH,SIUM SUAVE,5,5,5,0,
80204,SIUM SUAVE,SISU2,59,ME_NCZ,SIUM SUAVE,6,6,6,0,
80204,SIUM SUAVE,SISU2,MI,MI,SIUM SUAVE,5,5,5,0,
80204,SIUM SUAVE,SISU2,MN,MN,SIUM SUAVE,5,5,5,0,
80204,SIUM SUAVE,SISU2,58,NH_NAAMH,SIUM SUAVE,5,5,5,0,
80204,SIUM SUAVE,SISU2,59,NH_NCZ,SIUM SUAVE,6,6,6,0,
80204,SIUM SUAVE,SISU2,83,NY_GLHL,SIUM SUAVE,6,6,6,0,
80204,SIUM SUAVE,SISU2,61,OH_APG,SIUM SUAVE,7,7,7,0,
80204,SIUM SUAVE,SISU2,83,VT_GLHL,SIUM SUAVE,6,6,6,0,
80204,SIUM SUAVE,SISU2,58,VT_NAAMH,SIUM SUAVE,5,5,5,0,
80204,SIUM SUAVE,SISU2,WI,WI,SIUM SUAVE,5,5,5,0,
80262,SMILAX,SMILA2,MI,MI,,NA,6,6,NA,
80282,SMILAX HERBACEA,SMHE,59,CT_NCZ,SMILAX HERBACEA,4,4,4,0,
80282,SMILAX HERBACEA,SMHE,59,MA_NCZ,SMILAX HERBACEA,4,4,4,0,
80282,SMILAX HERBACEA,SMHE,MI,MI,SMILAX HERBACEA,8,8,8,0,
80282,SMILAX HERBACEA,SMHE,58,NH_NAAMH,SMILAX HERBACEA,6,6,6,0,
80282,SMILAX HERBACEA,SMHE,58,NJ,SMILAX HERBACEA,6,5,6,1,
80282,SMILAX HERBACEA,SMHE,58,NY_NAAMH,SMILAX HERBACEA,6,6,6,0,
80282,SMILAX HERBACEA,SMHE,58,VT_NAAMH,SMILAX HERBACEA,6,6,6,0,
80304,SMILAX ROTUNDIFOLIA,SMRO,59,CT_NCZ,SMILAX ROTUNDIFOLIA,3,3,3,0,
80304,SMILAX ROTUNDIFOLIA,SMRO,59,MA_NCZ,SMILAX ROTUNDIFOLIA,3,3,3,0,
80304,SMILAX ROTUNDIFOLIA,SMRO,MI,MI,SMILAX ROTUNDIFOLIA,6,6,6,0,
80304,SMILAX ROTUNDIFOLIA,SMRO,58,NJ,SMILAX ROTUNDIFOLIA,4,2,4,2,
80304,SMILAX ROTUNDIFOLIA,SMRO,61,OH_APG,SMILAX ROTUNDIFOLIA,2,2,2,0,
80304,SMILAX ROTUNDIFOLIA,SMRO,61,PA_APG,SMILAX ROTUNDIFOLIA,2,2,2,0,
80304,SMILAX ROTUNDIFOLIA,SMRO,59,RI_NCZ,SMILAX ROTUNDIFOLIA,3,3,3,0,
80304,SMILAX ROTUNDIFOLIA,SMRO,58,VT_NAAMH,SMILAX ROTUNDIFOLIA,4,4,4,0,
80311,SMILAX TAMNOIDES,SMTA2,IN,IN,,NA,3,3,NA,
80311,SMILAX TAMNOIDES,SMTA2,MI,MI,,NA,5,5,NA,
80329,SOLANUM,SOLAN,MI,MI,,NA,0,0,NA,
80380,SOLANUM DULCAMARA,SODU,58,CT_NAAMH,SOLANUM DULCAMARA,0,0,0,0,
80380,SOLANUM DULCAMARA,SODU,59,CT_NCZ,SOLANUM DULCAMARA,0,0,0,0,
80380,SOLANUM DULCAMARA,SODU,IN,IN,SOLANUM DULCAMARA,0,0,0,0,
80380,SOLANUM DULCAMARA,SODU,59,MA_NCZ,SOLANUM DULCAMARA,0,0,0,0,
80380,SOLANUM DULCAMARA,SODU,82,ME_NBPH,SOLANUM DULCAMARA,0,0,0,0,
80380,SOLANUM DULCAMARA,SODU,MI,MI,SOLANUM DULCAMARA,0,0,0,0,
80380,SOLANUM DULCAMARA,SODU,MN,MN,,NA,0,0,NA,
80380,SOLANUM DULCAMARA,SODU,58,NH_NAAMH,SOLANUM DULCAMARA,0,0,0,0,
80380,SOLANUM DULCAMARA,SODU,59,NH_NCZ,SOLANUM DULCAMARA,0,0,0,0,
80380,SOLANUM DULCAMARA,SODU,58,NJ,SOLANUM DULCAMARA,0,0,0,0,
80380,SOLANUM DULCAMARA,SODU,83,NY_GLHL,SOLANUM DULCAMARA,0,0,0,0,
80380,SOLANUM DULCAMARA,SODU,58,NY_NAAMH,SOLANUM DULCAMARA,0,0,0,0,
80380,SOLANUM DULCAMARA,SODU,61,OH_APG,,NA,0,0,NA,
80380,SOLANUM DULCAMARA,SODU,61,PA_APG,,NA,0,0,NA,
80380,SOLANUM DULCAMARA,SODU,59,RI_NCZ,SOLANUM DULCAMARA,0,0,0,0,
80380,SOLANUM DULCAMARA,SODU,83,VT_GLHL,SOLANUM DULCAMARA,0,0,0,0,
80380,SOLANUM DULCAMARA,SODU,58,VT_NAAMH,SOLANUM DULCAMARA,0,0,0,0,
80380,SOLANUM DULCAMARA,SODU,WI,WI,SOLANUM DULCAMARA,0,0,0,0,
80381,SOLANUM DULCAMARA VAR. DULCAMARA,SODUD,59,MA_NCZ,,NA,0,0,NA,
80381,SOLANUM DULCAMARA VAR. DULCAMARA,SODUD,MN,MN,,NA,0,0,NA,
80381,SOLANUM DULCAMARA VAR. DULCAMARA,SODUD,59,RI_NCZ,,NA,0,0,NA,
80381,SOLANUM DULCAMARA VAR. DULCAMARA,SODUD,83,VT_GLHL,,NA,0,0,NA,
80381,SOLANUM DULCAMARA VAR. DULCAMARA,SODUD,58,VT_NAAMH,,NA,0,0,NA,
80472,SOLANUM PTYCANTHUM,SOPT7,61,OH_APG,SOLANUM PTYCANTHUM,3,3,3,0,
80472,SOLANUM PTYCANTHUM,SOPT7,WI,WI,,NA,1,1,NA,
80539,SOLIDAGO,SOLID,59,MA_NCZ,,NA,5,5,NA,
80539,SOLIDAGO,SOLID,MI,MI,,NA,6,6,NA,
80539,SOLIDAGO,SOLID,MN,MN,,NA,6,6,NA,
80539,SOLIDAGO,SOLID,58,NH_NAAMH,,NA,2,2,NA,
80539,SOLIDAGO,SOLID,58,NJ,,NA,6,6,NA,
80539,SOLIDAGO,SOLID,61,PA_APG,,NA,5,5,NA,
80539,SOLIDAGO,SOLID,59,RI_NCZ,,NA,3,3,NA,
80539,SOLIDAGO,SOLID,83,VT_GLHL,,NA,6,6,NA,
80539,SOLIDAGO,SOLID,58,VT_NAAMH,,NA,6,6,NA,
80539,SOLIDAGO,SOLID,WI,WI,,NA,6,6,NA,
80554,SOLIDAGO ALTISSIMA,SOAL6,MI,MI,SOLIDAGO ALTISSIMA,1,1,1,0,
80554,SOLIDAGO ALTISSIMA,SOAL6,58,NH_NAAMH,SOLIDAGO ALTISSIMA,2,2,2,0,
80554,SOLIDAGO ALTISSIMA,SOAL6,83,NY_GLHL,SOLIDAGO ALTISSIMA,2,2,2,0,
80554,SOLIDAGO ALTISSIMA,SOAL6,58,VT_NAAMH,SOLIDAGO ALTISSIMA,2,2,2,0,
80594,SOLIDAGO CAESIA,SOCA4,58,NH_NAAMH,SOLIDAGO CAESIA,6,6,6,0,
80594,SOLIDAGO CAESIA,SOCA4,83,NY_GLHL,SOLIDAGO CAESIA,6,6,6,0,
80604,SOLIDAGO CANADENSIS,SOCA6,IN,IN,,NA,1,1,NA,
80604,SOLIDAGO CANADENSIS,SOCA6,58,ME_NAAMH,SOLIDAGO CANADENSIS,2,2,2,0,
80604,SOLIDAGO CANADENSIS,SOCA6,MI,MI,SOLIDAGO CANADENSIS,1,1,1,0,
80604,SOLIDAGO CANADENSIS,SOCA6,MN,MN,SOLIDAGO CANADENSIS,1,1,1,0,
80604,SOLIDAGO CANADENSIS,SOCA6,58,NH_NAAMH,SOLIDAGO CANADENSIS,2,2,2,0,
80604,SOLIDAGO CANADENSIS,SOCA6,83,NY_GLHL,SOLIDAGO CANADENSIS,2,2,2,0,
80604,SOLIDAGO CANADENSIS,SOCA6,61,PA_APG,SOLIDAGO CANADENSIS,2,2,2,0,
80604,SOLIDAGO CANADENSIS,SOCA6,58,VT_NAAMH,SOLIDAGO CANADENSIS,2,2,2,0,
80604,SOLIDAGO CANADENSIS,SOCA6,WI,WI,SOLIDAGO CANADENSIS,1,1,1,0,
80609,SOLIDAGO CANADENSIS VAR. CANADENSIS,SOCAC3,58,NH_NAAMH,,NA,2,2,NA,
80609,SOLIDAGO CANADENSIS VAR. CANADENSIS,SOCAC3,83,VT_GLHL,,NA,2,2,NA,
80655,SOLIDAGO FLEXICAULIS,SOFL2,58,ME_NAAMH,SOLIDAGO FLEXICAULIS,6,6,6,0,
80655,SOLIDAGO FLEXICAULIS,SOFL2,MN,MN,SOLIDAGO FLEXICAULIS,5,5,5,0,
80655,SOLIDAGO FLEXICAULIS,SOFL2,83,VT_GLHL,SOLIDAGO FLEXICAULIS,6,6,6,0,
80658,SOLIDAGO GIGANTEA,SOGI,58,CT_NAAMH,SOLIDAGO GIGANTEA,3,3,3,0,
80658,SOLIDAGO GIGANTEA,SOGI,59,CT_NCZ,SOLIDAGO GIGANTEA,3,3,3,0,
80658,SOLIDAGO GIGANTEA,SOGI,IN,IN,SOLIDAGO GIGANTEA,4,4,4,0,
80658,SOLIDAGO GIGANTEA,SOGI,59,MA_NCZ,SOLIDAGO GIGANTEA,3,3,3,0,
80658,SOLIDAGO GIGANTEA,SOGI,58,ME_NAAMH,SOLIDAGO GIGANTEA,3,3,3,0,
80658,SOLIDAGO GIGANTEA,SOGI,82,ME_NBPH,SOLIDAGO GIGANTEA,3,3,3,0,
80658,SOLIDAGO GIGANTEA,SOGI,MI,MI,SOLIDAGO GIGANTEA,3,3,3,0,
80658,SOLIDAGO GIGANTEA,SOGI,MN,MN,SOLIDAGO GIGANTEA,3,3,3,0,
80658,SOLIDAGO GIGANTEA,SOGI,58,NH_NAAMH,SOLIDAGO GIGANTEA,3,3,3,0,
80658,SOLIDAGO GIGANTEA,SOGI,58,NJ,SOLIDAGO GIGANTEA,3,3,3,0,
80658,SOLIDAGO GIGANTEA,SOGI,83,NY_GLHL,SOLIDAGO GIGANTEA,3,3,3,0,
80658,SOLIDAGO GIGANTEA,SOGI,59,RI_NCZ,SOLIDAGO GIGANTEA,3,3,3,0,
80658,SOLIDAGO GIGANTEA,SOGI,83,VT_GLHL,SOLIDAGO GIGANTEA,3,3,3,0,
80658,SOLIDAGO GIGANTEA,SOGI,58,VT_NAAMH,SOLIDAGO GIGANTEA,3,3,3,0,
80658,SOLIDAGO GIGANTEA,SOGI,WI,WI,SOLIDAGO GIGANTEA,3,3,3,0,
80706,SOLIDAGO JUNCEA,SOJU,MI,MI,SOLIDAGO JUNCEA,3,3,3,0,
80706,SOLIDAGO JUNCEA,SOJU,62,PA_AP,SOLIDAGO JUNCEA,2,2,2,0,
80712,SOLIDAGO LATISSIMIFOLIA,SOLA4,59,CT_NCZ,SOLIDAGO LATISSIMIFOLIA,7,7,7,0,
80778,SOLIDAGO PATULA,SOPA2,58,CT_NAAMH,SOLIDAGO PATULA,7,7,7,0,
80778,SOLIDAGO PATULA,SOPA2,59,CT_NCZ,SOLIDAGO PATULA,7,7,7,0,
80778,SOLIDAGO PATULA,SOPA2,IN,IN,,NA,8,8,NA,
80778,SOLIDAGO PATULA,SOPA2,MI,MI,SOLIDAGO PATULA,6,6,6,0,
80778,SOLIDAGO PATULA,SOPA2,58,NJ,SOLIDAGO PATULA,7,7,7,0,
80778,SOLIDAGO PATULA,SOPA2,83,NY_GLHL,SOLIDAGO PATULA,7,7,7,0,
80778,SOLIDAGO PATULA,SOPA2,62,PA_AP,SOLIDAGO PATULA,6,6,6,0,
80778,SOLIDAGO PATULA,SOPA2,61,PA_APG,SOLIDAGO PATULA,6,6,6,0,
80778,SOLIDAGO PATULA,SOPA2,WI,WI,SOLIDAGO PATULA,8,8,8,0,
80800,SOLIDAGO PUBERULA VAR. PUBERULA,SOPUP2,58,NH_NAAMH,,NA,4,4,NA,
80826,SOLIDAGO RUGOSA,SORU2,58,CT_NAAMH,SOLIDAGO RUGOSA,2,2,2,0,
80826,SOLIDAGO RUGOSA,SORU2,59,CT_NCZ,SOLIDAGO RUGOSA,2,2,2,0,
80826,SOLIDAGO RUGOSA,SORU2,58,MA_NAAMH,SOLIDAGO RUGOSA,2,2,2,0,
80826,SOLIDAGO RUGOSA,SORU2,59,MA_NCZ,SOLIDAGO RUGOSA,2,2,2,0,
80826,SOLIDAGO RUGOSA,SORU2,58,ME_NAAMH,SOLIDAGO RUGOSA,2,2,2,0,
80826,SOLIDAGO RUGOSA,SORU2,MI,MI,SOLIDAGO RUGOSA,3,3,3,0,
80826,SOLIDAGO RUGOSA,SORU2,58,NH_NAAMH,SOLIDAGO RUGOSA,2,2,2,0,
80826,SOLIDAGO RUGOSA,SORU2,58,NJ,SOLIDAGO RUGOSA,2,3,2,-1,
80826,SOLIDAGO RUGOSA,SORU2,83,NY_GLHL,SOLIDAGO RUGOSA,2,2,2,0,
80826,SOLIDAGO RUGOSA,SORU2,58,NY_NAAMH,SOLIDAGO RUGOSA,2,2,2,0,
80826,SOLIDAGO RUGOSA,SORU2,61,OH_APG,SOLIDAGO RUGOSA,2,2,2,0,
80826,SOLIDAGO RUGOSA,SORU2,62,PA_AP,SOLIDAGO RUGOSA,2,2,2,0,
80826,SOLIDAGO RUGOSA,SORU2,60,PA_APG,SOLIDAGO RUGOSA,2,2,2,0,
80826,SOLIDAGO RUGOSA,SORU2,61,PA_APG,SOLIDAGO RUGOSA,2,2,2,0,
80826,SOLIDAGO RUGOSA,SORU2,59,RI_NCZ,SOLIDAGO RUGOSA,2,2,2,0,
80826,SOLIDAGO RUGOSA,SORU2,83,VT_GLHL,SOLIDAGO RUGOSA,2,2,2,0,
80826,SOLIDAGO RUGOSA,SORU2,58,VT_NAAMH,SOLIDAGO RUGOSA,2,2,2,0,
80828,SOLIDAGO RUGOSA SSP. RUGOSA,SORUR,59,MA_NCZ,,NA,2,2,NA,
80828,SOLIDAGO RUGOSA SSP. RUGOSA,SORUR,58,NH_NAAMH,,NA,2,2,NA,
80828,SOLIDAGO RUGOSA SSP. RUGOSA,SORUR,59,RI_NCZ,,NA,2,2,NA,
80828,SOLIDAGO RUGOSA SSP. RUGOSA,SORUR,83,VT_GLHL,,NA,2,2,NA,
80828,SOLIDAGO RUGOSA SSP. RUGOSA,SORUR,58,VT_NAAMH,,NA,2,2,NA,
80840,SOLIDAGO SEMPERVIRENS,SOSE,59,MA_NCZ,SOLIDAGO SEMPERVIRENS,5,5,5,0,
80892,SOLIDAGO ULIGINOSA,SOUL,82,ME_NBPH,,NA,7,8,NA,Updated to ssp. Cval/CoC Ref
80892,SOLIDAGO ULIGINOSA,SOUL,MI,MI,SOLIDAGO ULIGINOSA,4,4,4,0,
80892,SOLIDAGO ULIGINOSA,SOUL,MN,MN,,NA,8,8,NA,
80892,SOLIDAGO ULIGINOSA,SOUL,58,NY_NAAMH,SOLIDAGO ULIGINOSA,9,9,9,0,
80892,SOLIDAGO ULIGINOSA,SOUL,61,OH_APG,SOLIDAGO ULIGINOSA,8,8,8,0,
80892,SOLIDAGO ULIGINOSA,SOUL,WI,WI,SOLIDAGO ULIGINOSA,8,8,8,0,
80895,SOLIDAGO ULIGINOSA VAR. LINOIDES,SOULL2,82,ME_NBPH,,NA,9,8,NA,Updated to ssp. Cval/CoC Ref
80899,SOLIDAGO ULIGINOSA VAR. ULIGINOSA,SOULU,MN,MN,,NA,9,9,NA,
80900,SOLIDAGO ULMIFOLIA,SOUL2,IN,IN,,NA,5,5,NA,
80900,SOLIDAGO ULMIFOLIA,SOUL2,MI,MI,SOLIDAGO ULMIFOLIA,5,5,5,0,
80900,SOLIDAGO ULMIFOLIA,SOUL2,WI,WI,SOLIDAGO ULMIFOLIA,5,5,5,0,
80903,SOLIDAGO ULMIFOLIA VAR. ULMIFOLIA,SOULU2,61,PA_APG,,NA,7,6,NA,Updated to ssp. Cval/CoC Ref
80938,SONCHUS,SONCH,MI,MI,,NA,0,0,NA,
80939,SONCHUS ARVENSIS,SOAR2,MN,MN,SONCHUS ARVENSIS,0,0,0,0,
80944,SONCHUS ASPER,SOAS,82,ME_NBPH,SONCHUS ASPER,0,0,0,0,
81025,SORBUS,SORBU,MI,MI,,NA,4,4,NA,
81025,SORBUS,SORBU,WI,WI,,NA,7,7,NA,
81030,SORBUS AMERICANA,SOAM3,58,ME_NAAMH,SORBUS AMERICANA,7,7,7,0,
81030,SORBUS AMERICANA,SOAM3,82,ME_NBPH,SORBUS AMERICANA,6,6,6,0,
81030,SORBUS AMERICANA,SOAM3,MI,MI,SORBUS AMERICANA,4,4,4,0,
81030,SORBUS AMERICANA,SOAM3,MN,MN,SORBUS AMERICANA,5,5,5,0,
81030,SORBUS AMERICANA,SOAM3,58,NH_NAAMH,SORBUS AMERICANA,7,7,7,0,
81030,SORBUS AMERICANA,SOAM3,58,NY_NAAMH,SORBUS AMERICANA,7,7,7,0,
81030,SORBUS AMERICANA,SOAM3,58,VT_NAAMH,SORBUS AMERICANA,7,7,7,0,
81030,SORBUS AMERICANA,SOAM3,WI,WI,SORBUS AMERICANA,7,7,7,0,
81034,SORBUS AUCUPARIA,SOAU,MI,MI,SORBUS AUCUPARIA,0,0,0,0,
81039,SORBUS DECORA,SODE3,58,ME_NAAMH,SORBUS DECORA,7,7,7,0,
81039,SORBUS DECORA,SODE3,82,ME_NBPH,SORBUS DECORA,6,6,6,0,
81039,SORBUS DECORA,SODE3,MI,MI,SORBUS DECORA,4,4,4,0,
81039,SORBUS DECORA,SODE3,MN,MN,,NA,8,8,NA,
81114,SPARGANIUM,SPARG,59,MA_NCZ,,NA,6,6,NA,
81114,SPARGANIUM,SPARG,MI,MI,,NA,8,8,NA,
81114,SPARGANIUM,SPARG,MN,MN,,NA,8,8,NA,
81114,SPARGANIUM,SPARG,58,NH_NAAMH,,NA,7,7,NA,
81114,SPARGANIUM,SPARG,83,NY_GLHL,,NA,6,6,NA,
81114,SPARGANIUM,SPARG,58,NY_NAAMH,,NA,6,6,NA,
81114,SPARGANIUM,SPARG,61,OH_APG,,NA,7,7,NA,
81114,SPARGANIUM,SPARG,62,PA_AP,,NA,7,7,NA,
81114,SPARGANIUM,SPARG,59,RI_NCZ,,NA,6,6,NA,
81114,SPARGANIUM,SPARG,58,VT_NAAMH,,NA,7,7,NA,
81114,SPARGANIUM,SPARG,WI,WI,,NA,8,8,NA,
81116,SPARGANIUM AMERICANUM,SPAM,58,CT_NAAMH,SPARGANIUM AMERICANUM,4,4,4,0,
81116,SPARGANIUM AMERICANUM,SPAM,59,CT_NCZ,SPARGANIUM AMERICANUM,5,5,5,0,
81116,SPARGANIUM AMERICANUM,SPAM,59,MA_NCZ,SPARGANIUM AMERICANUM,5,5,5,0,
81116,SPARGANIUM AMERICANUM,SPAM,82,ME_NBPH,SPARGANIUM AMERICANUM,5,5,5,0,
81116,SPARGANIUM AMERICANUM,SPAM,59,ME_NCZ,SPARGANIUM AMERICANUM,5,5,5,0,
81116,SPARGANIUM AMERICANUM,SPAM,MI,MI,SPARGANIUM AMERICANUM,6,6,6,0,
81116,SPARGANIUM AMERICANUM,SPAM,58,NH_NAAMH,SPARGANIUM AMERICANUM,4,4,4,0,
81116,SPARGANIUM AMERICANUM,SPAM,83,NY_GLHL,SPARGANIUM AMERICANUM,4,4,4,0,
81116,SPARGANIUM AMERICANUM,SPAM,58,NY_NAAMH,SPARGANIUM AMERICANUM,4,4,4,0,
81116,SPARGANIUM AMERICANUM,SPAM,60,PA_APG,SPARGANIUM AMERICANUM,6,6,6,0,
81116,SPARGANIUM AMERICANUM,SPAM,59,RI_NCZ,SPARGANIUM AMERICANUM,5,5,5,0,
81116,SPARGANIUM AMERICANUM,SPAM,58,VT_NAAMH,SPARGANIUM AMERICANUM,4,4,4,0,
81116,SPARGANIUM AMERICANUM,SPAM,WI,WI,SPARGANIUM AMERICANUM,8,8,8,0,
81117,SPARGANIUM ANDROCLADUM,SPAN,59,MA_NCZ,SPARGANIUM ANDROCLADUM,6,6,6,0,
81117,SPARGANIUM ANDROCLADUM,SPAN,59,RI_NCZ,SPARGANIUM ANDROCLADUM,6,6,6,0,
81119,SPARGANIUM ANGUSTIFOLIUM,SPAN2,MN,MN,SPARGANIUM ANGUSTIFOLIUM,8,8,8,0,
81119,SPARGANIUM ANGUSTIFOLIUM,SPAN2,83,NY_GLHL,SPARGANIUM ANGUSTIFOLIUM,6,6,6,0,
81123,SPARGANIUM EMERSUM,SPEM2,82,ME_NBPH,,NA,6,6,NA,
81123,SPARGANIUM EMERSUM,SPEM2,MN,MN,,NA,8,8,NA,
81123,SPARGANIUM EMERSUM,SPEM2,59,NH_NCZ,SPARGANIUM EMERSUM,4,4,4,0,
81123,SPARGANIUM EMERSUM,SPEM2,58,NY_NAAMH,SPARGANIUM EMERSUM,5,5,5,0,
81123,SPARGANIUM EMERSUM,SPEM2,59,RI_NCZ,SPARGANIUM EMERSUM,4,4,4,0,
81123,SPARGANIUM EMERSUM,SPEM2,83,VT_GLHL,SPARGANIUM EMERSUM,5,5,5,0,
81123,SPARGANIUM EMERSUM,SPEM2,58,VT_NAAMH,SPARGANIUM EMERSUM,5,5,5,0,
81123,SPARGANIUM EMERSUM,SPEM2,WI,WI,SPARGANIUM EMERSUM,8,8,8,0,
81130,SPARGANIUM EURYCARPUM,SPEU,IN,IN,SPARGANIUM EURYCARPUM,5,5,5,0,
81130,SPARGANIUM EURYCARPUM,SPEU,MN,MN,SPARGANIUM EURYCARPUM,5,5,5,0,
81130,SPARGANIUM EURYCARPUM,SPEU,59,NH_NCZ,SPARGANIUM EURYCARPUM,6,6,6,0,
81130,SPARGANIUM EURYCARPUM,SPEU,83,NY_GLHL,SPARGANIUM EURYCARPUM,5,5,5,0,
81130,SPARGANIUM EURYCARPUM,SPEU,58,NY_NAAMH,SPARGANIUM EURYCARPUM,5,5,5,0,
81130,SPARGANIUM EURYCARPUM,SPEU,61,OH_APG,SPARGANIUM EURYCARPUM,6,6,6,0,
81130,SPARGANIUM EURYCARPUM,SPEU,83,VT_GLHL,SPARGANIUM EURYCARPUM,5,5,5,0,
81130,SPARGANIUM EURYCARPUM,SPEU,58,VT_NAAMH,SPARGANIUM EURYCARPUM,5,5,5,0,
81133,SPARGANIUM FLUCTUANS,SPFL,58,VT_NAAMH,SPARGANIUM FLUCTUANS,7,7,7,0,
81141,SPARGANIUM NATANS,SPNA,82,ME_NBPH,SPARGANIUM NATANS,6,6,6,0,
81141,SPARGANIUM NATANS,SPNA,MI,MI,,NA,8,8,NA,
81159,SPARTINA PATENS,SPPA,59,MA_NCZ,SPARTINA PATENS,8,8,8,0,
81163,SPARTINA PECTINATA,SPPE,IN,IN,SPARTINA PECTINATA,4,4,4,0,
81594,SPHENOPHOLIS INTERMEDIA,SPIN3,MI,MI,SPHENOPHOLIS INTERMEDIA,4,4,4,0,
81594,SPHENOPHOLIS INTERMEDIA,SPIN3,83,NY_GLHL,SPHENOPHOLIS INTERMEDIA,6,6,6,0,
81659,SPIRAEA ALBA,SPAL2,58,CT_NAAMH,SPIRAEA ALBA,3,3,3,0,
81659,SPIRAEA ALBA,SPAL2,59,CT_NCZ,SPIRAEA ALBA,4,4,4,0,
81659,SPIRAEA ALBA,SPAL2,IN,IN,,NA,4,4,NA,
81659,SPIRAEA ALBA,SPAL2,58,ME_NAAMH,SPIRAEA ALBA,3,3,3,0,
81659,SPIRAEA ALBA,SPAL2,82,ME_NBPH,SPIRAEA ALBA,3,3,3,0,
81659,SPIRAEA ALBA,SPAL2,59,ME_NCZ,SPIRAEA ALBA,4,4,4,0,
81659,SPIRAEA ALBA,SPAL2,MI,MI,SPIRAEA ALBA,4,4,4,0,
81659,SPIRAEA ALBA,SPAL2,MN,MN,SPIRAEA ALBA,5,5,5,0,
81659,SPIRAEA ALBA,SPAL2,58,NH_NAAMH,SPIRAEA ALBA,3,3,3,0,
81659,SPIRAEA ALBA,SPAL2,83,NY_GLHL,SPIRAEA ALBA,4,4,4,0,
81659,SPIRAEA ALBA,SPAL2,58,NY_NAAMH,SPIRAEA ALBA,3,3,3,0,
81659,SPIRAEA ALBA,SPAL2,62,PA_AP,SPIRAEA ALBA,5,5,5,0,
81659,SPIRAEA ALBA,SPAL2,60,PA_APG,SPIRAEA ALBA,5,5,5,0,
81659,SPIRAEA ALBA,SPAL2,59,RI_NCZ,SPIRAEA ALBA,4,4,4,0,
81659,SPIRAEA ALBA,SPAL2,83,VT_GLHL,SPIRAEA ALBA,4,4,4,0,
81659,SPIRAEA ALBA,SPAL2,58,VT_NAAMH,SPIRAEA ALBA,3,3,3,0,
81659,SPIRAEA ALBA,SPAL2,WI,WI,SPIRAEA ALBA,4,4,4,0,
81660,SPIRAEA ALBA VAR. ALBA,SPALA,59,MA_NCZ,,NA,4,4,NA,
81660,SPIRAEA ALBA VAR. ALBA,SPALA,58,NH_NAAMH,,NA,3,3,NA,
81660,SPIRAEA ALBA VAR. ALBA,SPALA,59,NH_NCZ,,NA,4,4,NA,
81660,SPIRAEA ALBA VAR. ALBA,SPALA,83,NY_GLHL,,NA,5,4,NA,Updated to ssp. Cval/CoC Ref
81661,SPIRAEA ALBA VAR. LATIFOLIA,SPALL,59,MA_NCZ,SPIRAEA ALBA VAR. LATIFOLIA,3,3,3,0,
81661,SPIRAEA ALBA VAR. LATIFOLIA,SPALL,58,ME_NAAMH,SPIRAEA ALBA VAR. LATIFOLIA,3,3,3,0,
81661,SPIRAEA ALBA VAR. LATIFOLIA,SPALL,82,ME_NBPH,SPIRAEA ALBA VAR. LATIFOLIA,3,3,3,0,
81661,SPIRAEA ALBA VAR. LATIFOLIA,SPALL,59,ME_NCZ,SPIRAEA ALBA VAR. LATIFOLIA,3,3,3,0,
81661,SPIRAEA ALBA VAR. LATIFOLIA,SPALL,MI,MI,,NA,4,4,NA,
81661,SPIRAEA ALBA VAR. LATIFOLIA,SPALL,58,NH_NAAMH,SPIRAEA ALBA VAR. LATIFOLIA,3,3,3,0,
81661,SPIRAEA ALBA VAR. LATIFOLIA,SPALL,59,NH_NCZ,SPIRAEA ALBA VAR. LATIFOLIA,3,3,3,0,
81661,SPIRAEA ALBA VAR. LATIFOLIA,SPALL,83,NY_GLHL,SPIRAEA ALBA VAR. LATIFOLIA,4,4,4,0,
81661,SPIRAEA ALBA VAR. LATIFOLIA,SPALL,58,NY_NAAMH,SPIRAEA ALBA VAR. LATIFOLIA,3,3,3,0,
81661,SPIRAEA ALBA VAR. LATIFOLIA,SPALL,62,PA_AP,SPIRAEA ALBA VAR. LATIFOLIA,5,5,5,0,
81661,SPIRAEA ALBA VAR. LATIFOLIA,SPALL,59,RI_NCZ,SPIRAEA ALBA VAR. LATIFOLIA,3,3,3,0,
81661,SPIRAEA ALBA VAR. LATIFOLIA,SPALL,83,VT_GLHL,SPIRAEA ALBA VAR. LATIFOLIA,4,4,4,0,
81661,SPIRAEA ALBA VAR. LATIFOLIA,SPALL,58,VT_NAAMH,SPIRAEA ALBA VAR. LATIFOLIA,3,3,3,0,
81711,SPIRAEA SEPTENTRIONALIS,SPSE,58,NH_NAAMH,SPIRAEA SEPTENTRIONALIS,4,4,4,0,
81719,SPIRAEA TOMENTOSA,SPTO2,58,CT_NAAMH,SPIRAEA TOMENTOSA,3,3,3,0,
81719,SPIRAEA TOMENTOSA,SPTO2,IN,IN,,NA,4,4,NA,
81719,SPIRAEA TOMENTOSA,SPTO2,58,ME_NAAMH,SPIRAEA TOMENTOSA,3,3,3,0,
81719,SPIRAEA TOMENTOSA,SPTO2,82,ME_NBPH,SPIRAEA TOMENTOSA,4,4,4,0,
81719,SPIRAEA TOMENTOSA,SPTO2,MN,MN,,NA,7,7,NA,
81719,SPIRAEA TOMENTOSA,SPTO2,58,NH_NAAMH,SPIRAEA TOMENTOSA,3,3,3,0,
81719,SPIRAEA TOMENTOSA,SPTO2,59,NH_NCZ,SPIRAEA TOMENTOSA,4,4,4,0,
81719,SPIRAEA TOMENTOSA,SPTO2,83,NY_GLHL,SPIRAEA TOMENTOSA,4,4,4,0,
81719,SPIRAEA TOMENTOSA,SPTO2,58,NY_NAAMH,SPIRAEA TOMENTOSA,3,3,3,0,
81719,SPIRAEA TOMENTOSA,SPTO2,62,PA_AP,SPIRAEA TOMENTOSA,4,4,4,0,
81719,SPIRAEA TOMENTOSA,SPTO2,61,PA_APG,SPIRAEA TOMENTOSA,4,4,4,0,
81719,SPIRAEA TOMENTOSA,SPTO2,83,PA_OTH,SPIRAEA TOMENTOSA,4,4,4,0,
81719,SPIRAEA TOMENTOSA,SPTO2,59,RI_NCZ,SPIRAEA TOMENTOSA,4,4,4,0,
81719,SPIRAEA TOMENTOSA,SPTO2,58,VT_NAAMH,SPIRAEA TOMENTOSA,3,3,3,0,
81719,SPIRAEA TOMENTOSA,SPTO2,WI,WI,SPIRAEA TOMENTOSA,6,6,6,0,
81731,SPIRANTHES,SPIRA2,82,ME_NBPH,,NA,3,3,NA,
81731,SPIRANTHES,SPIRA2,MI,MI,,NA,8,8,NA,
81808,SPIRODELA,SPIRO,60,PA_APG,,NA,3,3,NA,
81812,SPIRODELA POLYRRHIZA,SPPO,IN,IN,,NA,5,5,NA,
81812,SPIRODELA POLYRRHIZA,SPPO,59,MA_NCZ,SPIRODELA POLYRRHIZA,3,3,3,0,
81812,SPIRODELA POLYRRHIZA,SPPO,MN,MN,SPIRODELA POLYRRHIZA,5,5,5,0,
81812,SPIRODELA POLYRRHIZA,SPPO,58,NY_NAAMH,SPIRODELA POLYRRHIZA,3,3,3,0,
81812,SPIRODELA POLYRRHIZA,SPPO,61,OH_APG,SPIRODELA POLYRRHIZA,3,3,3,0,
81812,SPIRODELA POLYRRHIZA,SPPO,83,VT_GLHL,SPIRODELA POLYRRHIZA,3,3,3,0,
81812,SPIRODELA POLYRRHIZA,SPPO,WI,WI,SPIRODELA POLYRRHIZA,5,5,5,0,
81963,STACHYS,STACH,58,ME_NAAMH,,NA,3,3,NA,
81963,STACHYS,STACH,WI,WI,,NA,6,6,NA,
82018,STACHYS PALUSTRIS,STPA,MN,MN,STACHYS PALUSTRIS,4,0,4,4,
82018,STACHYS PALUSTRIS,STPA,WI,WI,STACHYS PALUSTRIS,5,0,5,5,
82051,STACHYS TENUIFOLIA,STTE,WI,WI,STACHYS TENUIFOLIA,6,6,6,0,
82113,STAPHYLEA TRIFOLIA,STTR,MI,MI,STAPHYLEA TRIFOLIA,9,9,9,0,
82183,STELLARIA,STELL,MI,MI,,NA,8,8,NA,
82183,STELLARIA,STELL,MN,MN,,NA,Und,Und,NA,
82183,STELLARIA,STELL,61,PA_APG,,NA,5,5,NA,
82195,STELLARIA BOREALIS,STBO3,MI,MI,,NA,10,10,NA,
82234,STELLARIA GRAMINEA,STGR,83,VT_GLHL,STELLARIA GRAMINEA,2,0,2,2,
82234,STELLARIA GRAMINEA,STGR,58,VT_NAAMH,STELLARIA GRAMINEA,2,0,2,2,
82249,STELLARIA LONGIFOLIA,STLO,IN,IN,STELLARIA LONGIFOLIA,7,7,7,0,
82249,STELLARIA LONGIFOLIA,STLO,MI,MI,STELLARIA LONGIFOLIA,5,5,5,0,
82249,STELLARIA LONGIFOLIA,STLO,MN,MN,STELLARIA LONGIFOLIA,6,6,6,0,
82249,STELLARIA LONGIFOLIA,STLO,58,NY_NAAMH,STELLARIA LONGIFOLIA,4,4,4,0,
82249,STELLARIA LONGIFOLIA,STLO,WI,WI,STELLARIA LONGIFOLIA,5,5,5,0,
82265,STELLARIA MEDIA,STME2,83,NY_GLHL,STELLARIA MEDIA,0,0,0,0,
82969,STREPTOPUS AMPLEXIFOLIUS,STAM2,MI,MI,STREPTOPUS AMPLEXIFOLIUS,8,8,8,0,
82969,STREPTOPUS AMPLEXIFOLIUS,STAM2,58,NH_NAAMH,STREPTOPUS AMPLEXIFOLIUS,8,8,8,0,
82981,STREPTOPUS LANCEOLATUS,STLA16,58,ME_NAAMH,STREPTOPUS LANCEOLATUS,7,7,7,0,
82981,STREPTOPUS LANCEOLATUS,STLA16,MI,MI,,NA,5,5,NA,
82983,STREPTOPUS LANCEOLATUS VAR. LANCEOLATUS,STLAL2,58,ME_NAAMH,,NA,7,7,NA,
82984,STREPTOPUS LANCEOLATUS VAR. LONGIPES,STLAL3,MN,MN,,NA,7,7,NA,
83077,STUCKENIA PECTINATA,STPE15,IN,IN,,NA,3,3,NA,
83077,STUCKENIA PECTINATA,STPE15,MN,MN,,NA,3,3,NA,
83077,STUCKENIA PECTINATA,STPE15,WI,WI,STUCKENIA PECTINATA,3,3,3,0,
90840,"SUBSHRUB, BROADLEAF",2SSB,MI,MI,,NA,Und,Und,NA,
90842,"SUBSHRUB, DECIDUOUS, BROADLEAF",2SSDB,MN,MN,,NA,Und,Und,NA,
83337,SYMPHORICARPOS ALBUS,SYAL,WI,WI,SYMPHORICARPOS ALBUS,7,7,7,0,
83352,SYMPHORICARPOS ORBICULATUS,SYOR,IN,IN,SYMPHORICARPOS ORBICULATUS,1,1,1,0,
83370,SYMPHYOTRICHUM,SYMPH4,59,CT_NCZ,,NA,4,4,NA,
83370,SYMPHYOTRICHUM,SYMPH4,82,ME_NBPH,,NA,3,3,NA,
83370,SYMPHYOTRICHUM,SYMPH4,MI,MI,,NA,4,4,NA,
83370,SYMPHYOTRICHUM,SYMPH4,MN,MN,,NA,5,5,NA,
83370,SYMPHYOTRICHUM,SYMPH4,61,PA_APG,,NA,5,5,NA,
83370,SYMPHYOTRICHUM,SYMPH4,59,RI_NCZ,,NA,4,4,NA,
83387,SYMPHYOTRICHUM BOREALE,SYBO2,MI,MI,,NA,9,9,NA,
83387,SYMPHYOTRICHUM BOREALE,SYBO2,MN,MN,SYMPHYOTRICHUM BOREALE,9,9,9,0,
83387,SYMPHYOTRICHUM BOREALE,SYBO2,WI,WI,SYMPHYOTRICHUM BOREALE,10,10,10,0,
83397,SYMPHYOTRICHUM CILIATUM,SYCI2,MN,MN,SYMPHYOTRICHUM CILIATUM,2,2,2,0,
83398,SYMPHYOTRICHUM CILIOLATUM,SYCI,MI,MI,,NA,4,4,NA,
83398,SYMPHYOTRICHUM CILIOLATUM,SYCI,MN,MN,,NA,4,4,NA,
83403,SYMPHYOTRICHUM CORDIFOLIUM,SYCO4,58,ME_NAAMH,SYMPHYOTRICHUM CORDIFOLIUM,3,3,3,0,
83403,SYMPHYOTRICHUM CORDIFOLIUM,SYCO4,MI,MI,,NA,4,4,NA,
83403,SYMPHYOTRICHUM CORDIFOLIUM,SYCO4,58,NH_NAAMH,SYMPHYOTRICHUM CORDIFOLIUM,3,3,3,0,
83403,SYMPHYOTRICHUM CORDIFOLIUM,SYCO4,83,VT_GLHL,SYMPHYOTRICHUM CORDIFOLIUM,4,4,4,0,
83455,SYMPHYOTRICHUM LAEVE,SYLA3,83,NY_GLHL,SYMPHYOTRICHUM LAEVE,3,3,3,0,Updated to ssp. Cval/CoC Ref
83458,SYMPHYOTRICHUM LAEVE VAR. LAEVE,SYLAL3,83,NY_GLHL,,NA,4,3,NA,Updated to ssp. Cval/CoC Ref
83458,SYMPHYOTRICHUM LAEVE VAR. LAEVE,SYLAL3,58,NY_NAAMH,,NA,4,4,NA,
83460,SYMPHYOTRICHUM LANCEOLATUM,SYLA6,58,CT_NAAMH,SYMPHYOTRICHUM LANCEOLATUM,2,2,2,0,
83460,SYMPHYOTRICHUM LANCEOLATUM,SYLA6,59,CT_NCZ,SYMPHYOTRICHUM LANCEOLATUM,2,2,2,0,
83460,SYMPHYOTRICHUM LANCEOLATUM,SYLA6,IN,IN,,NA,3,3,NA,
83460,SYMPHYOTRICHUM LANCEOLATUM,SYLA6,59,MA_NCZ,SYMPHYOTRICHUM LANCEOLATUM,2,2,2,0,
83460,SYMPHYOTRICHUM LANCEOLATUM,SYLA6,MI,MI,,NA,4,2,NA,Updated to ssp. Cval/CoC Ref
83460,SYMPHYOTRICHUM LANCEOLATUM,SYLA6,MN,MN,SYMPHYOTRICHUM LANCEOLATUM,5,5,5,0,
83460,SYMPHYOTRICHUM LANCEOLATUM,SYLA6,58,NH_NAAMH,SYMPHYOTRICHUM LANCEOLATUM,2,2,2,0,
83460,SYMPHYOTRICHUM LANCEOLATUM,SYLA6,58,NJ,SYMPHYOTRICHUM LANCEOLATUM,2,4,2,-2,
83460,SYMPHYOTRICHUM LANCEOLATUM,SYLA6,83,NY_GLHL,SYMPHYOTRICHUM LANCEOLATUM,2,2,2,0,
83460,SYMPHYOTRICHUM LANCEOLATUM,SYLA6,61,OH_APG,SYMPHYOTRICHUM LANCEOLATUM,2,2,2,0,
83460,SYMPHYOTRICHUM LANCEOLATUM,SYLA6,59,RI_NCZ,SYMPHYOTRICHUM LANCEOLATUM,2,2,2,0,
83460,SYMPHYOTRICHUM LANCEOLATUM,SYLA6,WI,WI,SYMPHYOTRICHUM LANCEOLATUM,4,4,4,0,
83463,SYMPHYOTRICHUM LANCEOLATUM SSP. LANCEOLATUM,SYLAL6,IN,IN,,NA,3,3,NA,
83463,SYMPHYOTRICHUM LANCEOLATUM SSP. LANCEOLATUM,SYLAL6,83,NY_GLHL,,NA,3,2,NA,Updated to ssp. Cval/CoC Ref
83466,SYMPHYOTRICHUM LANCEOLATUM SSP. LANCEOLATUM VAR. LANCEOLATUM,SYLAL4,59,MA_NCZ,,NA,3,2,NA,Updated to ssp. Cval/CoC Ref
83466,SYMPHYOTRICHUM LANCEOLATUM SSP. LANCEOLATUM VAR. LANCEOLATUM,SYLAL4,83,NY_GLHL,,NA,3,3,NA,
83466,SYMPHYOTRICHUM LANCEOLATUM SSP. LANCEOLATUM VAR. LANCEOLATUM,SYLAL4,WI,WI,,NA,4,4,NA,
83468,SYMPHYOTRICHUM LATERIFLORUM,SYLA4,58,CT_NAAMH,SYMPHYOTRICHUM LATERIFLORUM,2,2,2,0,
83468,SYMPHYOTRICHUM LATERIFLORUM,SYLA4,59,CT_NCZ,SYMPHYOTRICHUM LATERIFLORUM,2,2,2,0,
83468,SYMPHYOTRICHUM LATERIFLORUM,SYLA4,IN,IN,SYMPHYOTRICHUM LATERIFLORUM,3,3,3,0,
83468,SYMPHYOTRICHUM LATERIFLORUM,SYLA4,59,MA_NCZ,SYMPHYOTRICHUM LATERIFLORUM,2,2,2,0,
83468,SYMPHYOTRICHUM LATERIFLORUM,SYLA4,58,ME_NAAMH,SYMPHYOTRICHUM LATERIFLORUM,2,2,2,0,
83468,SYMPHYOTRICHUM LATERIFLORUM,SYLA4,82,ME_NBPH,SYMPHYOTRICHUM LATERIFLORUM,2,2,2,0,
83468,SYMPHYOTRICHUM LATERIFLORUM,SYLA4,MI,MI,,NA,3,3,NA,
83468,SYMPHYOTRICHUM LATERIFLORUM,SYLA4,MN,MN,SYMPHYOTRICHUM LATERIFLORUM,4,4,4,0,
83468,SYMPHYOTRICHUM LATERIFLORUM,SYLA4,58,NH_NAAMH,SYMPHYOTRICHUM LATERIFLORUM,2,2,2,0,
83468,SYMPHYOTRICHUM LATERIFLORUM,SYLA4,83,NY_GLHL,SYMPHYOTRICHUM LATERIFLORUM,2,2,2,0,
83468,SYMPHYOTRICHUM LATERIFLORUM,SYLA4,58,NY_NAAMH,SYMPHYOTRICHUM LATERIFLORUM,2,2,2,0,
83468,SYMPHYOTRICHUM LATERIFLORUM,SYLA4,61,OH_APG,SYMPHYOTRICHUM LATERIFLORUM,2,6,2,-4,
83468,SYMPHYOTRICHUM LATERIFLORUM,SYLA4,59,RI_NCZ,SYMPHYOTRICHUM LATERIFLORUM,2,2,2,0,
83468,SYMPHYOTRICHUM LATERIFLORUM,SYLA4,83,VT_GLHL,SYMPHYOTRICHUM LATERIFLORUM,2,2,2,0,
83468,SYMPHYOTRICHUM LATERIFLORUM,SYLA4,58,VT_NAAMH,SYMPHYOTRICHUM LATERIFLORUM,2,2,2,0,
83468,SYMPHYOTRICHUM LATERIFLORUM,SYLA4,WI,WI,SYMPHYOTRICHUM LATERIFLORUM,3,3,3,0,
83473,SYMPHYOTRICHUM LATERIFLORUM VAR. LATERIFLORUM,SYLAL7,MI,MI,,NA,2,2,NA,
83482,SYMPHYOTRICHUM NOVAE-ANGLIAE,SYNO2,83,NY_GLHL,SYMPHYOTRICHUM NOVAE-ANGLIAE,2,2,2,0,
83482,SYMPHYOTRICHUM NOVAE-ANGLIAE,SYNO2,58,NY_NAAMH,SYMPHYOTRICHUM NOVAE-ANGLIAE,2,2,2,0,
83482,SYMPHYOTRICHUM NOVAE-ANGLIAE,SYNO2,62,PA_AP,SYMPHYOTRICHUM NOVAE-ANGLIAE,2,2,2,0,
83482,SYMPHYOTRICHUM NOVAE-ANGLIAE,SYNO2,60,PA_APG,SYMPHYOTRICHUM NOVAE-ANGLIAE,2,2,2,0,
83482,SYMPHYOTRICHUM NOVAE-ANGLIAE,SYNO2,61,PA_APG,SYMPHYOTRICHUM NOVAE-ANGLIAE,2,2,2,0,
83482,SYMPHYOTRICHUM NOVAE-ANGLIAE,SYNO2,83,VT_GLHL,SYMPHYOTRICHUM NOVAE-ANGLIAE,2,2,2,0,
83482,SYMPHYOTRICHUM NOVAE-ANGLIAE,SYNO2,WI,WI,SYMPHYOTRICHUM NOVAE-ANGLIAE,3,3,3,0,
83483,SYMPHYOTRICHUM NOVI-BELGII,SYNO3,58,CT_NAAMH,SYMPHYOTRICHUM NOVI-BELGII,5,5,5,0,
83483,SYMPHYOTRICHUM NOVI-BELGII,SYNO3,59,CT_NCZ,SYMPHYOTRICHUM NOVI-BELGII,4,4,4,0,
83483,SYMPHYOTRICHUM NOVI-BELGII,SYNO3,59,MA_NCZ,SYMPHYOTRICHUM NOVI-BELGII,4,4,4,0,
83483,SYMPHYOTRICHUM NOVI-BELGII,SYNO3,59,RI_NCZ,SYMPHYOTRICHUM NOVI-BELGII,4,4,4,0,
83493,SYMPHYOTRICHUM ONTARIONIS,SYON2,MI,MI,,NA,6,6,NA,
83493,SYMPHYOTRICHUM ONTARIONIS,SYON2,MN,MN,,NA,5,5,NA,
83504,SYMPHYOTRICHUM PILOSUM,SYPI2,58,VT_NAAMH,SYMPHYOTRICHUM PILOSUM,3,3,3,0,
83504,SYMPHYOTRICHUM PILOSUM,SYPI2,WI,WI,SYMPHYOTRICHUM PILOSUM,1,1,1,0,
83516,SYMPHYOTRICHUM PRENANTHOIDES,SYPR6,83,NY_GLHL,SYMPHYOTRICHUM PRENANTHOIDES,3,3,3,0,
83516,SYMPHYOTRICHUM PRENANTHOIDES,SYPR6,62,PA_AP,SYMPHYOTRICHUM PRENANTHOIDES,4,4,4,0,
83516,SYMPHYOTRICHUM PRENANTHOIDES,SYPR6,61,PA_APG,SYMPHYOTRICHUM PRENANTHOIDES,4,4,4,0,
83518,SYMPHYOTRICHUM PUNICEUM,SYPU,58,CT_NAAMH,SYMPHYOTRICHUM PUNICEUM,4,4,4,0,
83518,SYMPHYOTRICHUM PUNICEUM,SYPU,59,CT_NCZ,SYMPHYOTRICHUM PUNICEUM,4,4,4,0,
83518,SYMPHYOTRICHUM PUNICEUM,SYPU,IN,IN,,NA,7,7,NA,
83518,SYMPHYOTRICHUM PUNICEUM,SYPU,58,ME_NAAMH,SYMPHYOTRICHUM PUNICEUM,4,4,4,0,
83518,SYMPHYOTRICHUM PUNICEUM,SYPU,82,ME_NBPH,SYMPHYOTRICHUM PUNICEUM,3,3,3,0,
83518,SYMPHYOTRICHUM PUNICEUM,SYPU,MI,MI,,NA,5,5,NA,
83518,SYMPHYOTRICHUM PUNICEUM,SYPU,MN,MN,SYMPHYOTRICHUM PUNICEUM,6,6,6,0,
83518,SYMPHYOTRICHUM PUNICEUM,SYPU,58,NH_NAAMH,SYMPHYOTRICHUM PUNICEUM,4,4,4,0,
83518,SYMPHYOTRICHUM PUNICEUM,SYPU,83,NY_GLHL,SYMPHYOTRICHUM PUNICEUM,4,4,4,0,
83518,SYMPHYOTRICHUM PUNICEUM,SYPU,58,NY_NAAMH,SYMPHYOTRICHUM PUNICEUM,4,4,4,0,
83518,SYMPHYOTRICHUM PUNICEUM,SYPU,83,VT_GLHL,SYMPHYOTRICHUM PUNICEUM,4,4,4,0,
83518,SYMPHYOTRICHUM PUNICEUM,SYPU,58,VT_NAAMH,SYMPHYOTRICHUM PUNICEUM,4,4,4,0,
83518,SYMPHYOTRICHUM PUNICEUM,SYPU,WI,WI,SYMPHYOTRICHUM PUNICEUM,5,5,5,0,
83520,SYMPHYOTRICHUM PUNICEUM VAR. PUNICEUM,SYPUP,IN,IN,SYMPHYOTRICHUM FIRMUM,4,7,4,-3,
83520,SYMPHYOTRICHUM PUNICEUM VAR. PUNICEUM,SYPUP,59,MA_NCZ,SYMPHYOTRICHUM PUNICEUM VAR. PUNICEUM ,3,3,3,0,
83520,SYMPHYOTRICHUM PUNICEUM VAR. PUNICEUM,SYPUP,82,ME_NBPH,,NA,3,3,NA,
83520,SYMPHYOTRICHUM PUNICEUM VAR. PUNICEUM,SYPUP,MI,MI,,NA,4,5,NA,Updated to ssp. Cval/CoC Ref
83520,SYMPHYOTRICHUM PUNICEUM VAR. PUNICEUM,SYPUP,MN,MN,,NA,5,6,NA,Updated to ssp. Cval/CoC Ref
83520,SYMPHYOTRICHUM PUNICEUM VAR. PUNICEUM,SYPUP,83,NY_GLHL,SYMPHYOTRICHUM PUNICEUM VAR. PUNICEUM ,3,3,3,0,
83520,SYMPHYOTRICHUM PUNICEUM VAR. PUNICEUM,SYPUP,58,NY_NAAMH,SYMPHYOTRICHUM PUNICEUM VAR. PUNICEUM ,4,4,4,0,
83520,SYMPHYOTRICHUM PUNICEUM VAR. PUNICEUM,SYPUP,83,VT_GLHL,SYMPHYOTRICHUM PUNICEUM VAR. PUNICEUM ,3,3,3,0,
83520,SYMPHYOTRICHUM PUNICEUM VAR. PUNICEUM,SYPUP,58,VT_NAAMH,SYMPHYOTRICHUM PUNICEUM VAR. PUNICEUM ,4,4,4,0,
83520,SYMPHYOTRICHUM PUNICEUM VAR. PUNICEUM,SYPUP,WI,WI,SYMPHYOTRICHUM FIRMUM,6,5,6,1,
83523,SYMPHYOTRICHUM RACEMOSUM,SYRA5,83,NY_GLHL,SYMPHYOTRICHUM RACEMOSUM,2,2,2,0,
83547,SYMPHYOTRICHUM UROPHYLLUM,SYUR,MI,MI,,NA,2,2,NA,
83547,SYMPHYOTRICHUM UROPHYLLUM,SYUR,83,NY_GLHL,SYMPHYOTRICHUM UROPHYLLUM,2,2,2,0,
83565,SYMPLOCARPUS FOETIDUS,SYFO,58,CT_NAAMH,SYMPLOCARPUS FOETIDUS,6,6,6,0,
83565,SYMPLOCARPUS FOETIDUS,SYFO,59,CT_NCZ,SYMPLOCARPUS FOETIDUS,4,4,4,0,
83565,SYMPLOCARPUS FOETIDUS,SYFO,IN,IN,SYMPLOCARPUS FOETIDUS,8,8,8,0,
83565,SYMPLOCARPUS FOETIDUS,SYFO,59,MA_NCZ,SYMPLOCARPUS FOETIDUS,4,4,4,0,
83565,SYMPLOCARPUS FOETIDUS,SYFO,82,ME_NBPH,SYMPLOCARPUS FOETIDUS,6,6,6,0,
83565,SYMPLOCARPUS FOETIDUS,SYFO,MI,MI,SYMPLOCARPUS FOETIDUS,6,6,6,0,
83565,SYMPLOCARPUS FOETIDUS,SYFO,MN,MN,SYMPLOCARPUS FOETIDUS,8,8,8,0,
83565,SYMPLOCARPUS FOETIDUS,SYFO,58,NH_NAAMH,SYMPLOCARPUS FOETIDUS,6,6,6,0,
83565,SYMPLOCARPUS FOETIDUS,SYFO,59,NH_NCZ,SYMPLOCARPUS FOETIDUS,4,4,4,0,
83565,SYMPLOCARPUS FOETIDUS,SYFO,58,NJ,SYMPLOCARPUS FOETIDUS,6,5,6,1,
83565,SYMPLOCARPUS FOETIDUS,SYFO,83,NY_GLHL,SYMPLOCARPUS FOETIDUS,6,6,6,0,
83565,SYMPLOCARPUS FOETIDUS,SYFO,61,OH_APG,SYMPLOCARPUS FOETIDUS,5,5,5,0,
83565,SYMPLOCARPUS FOETIDUS,SYFO,62,PA_AP,SYMPLOCARPUS FOETIDUS,5,5,5,0,
83565,SYMPLOCARPUS FOETIDUS,SYFO,61,PA_APG,SYMPLOCARPUS FOETIDUS,5,5,5,0,
83565,SYMPLOCARPUS FOETIDUS,SYFO,59,RI_NCZ,SYMPLOCARPUS FOETIDUS,4,4,4,0,
83565,SYMPLOCARPUS FOETIDUS,SYFO,83,VT_GLHL,SYMPLOCARPUS FOETIDUS,6,6,6,0,
83565,SYMPLOCARPUS FOETIDUS,SYFO,WI,WI,SYMPLOCARPUS FOETIDUS,8,8,8,0,
83883,TANACETUM VULGARE,TAVU,59,RI_NCZ,TANACETUM VULGARE,0,0,0,0,
83898,TARAXACUM,TARAX,58,ME_NAAMH,,NA,0,0,NA,
83898,TARAXACUM,TARAX,MI,MI,,NA,0,0,NA,
83898,TARAXACUM,TARAX,59,NH_NCZ,,NA,0,0,NA,
83898,TARAXACUM,TARAX,83,NY_GLHL,,NA,0,0,NA,
83947,TARAXACUM OFFICINALE,TAOF,IN,IN,TARAXACUM OFFICINALE,0,0,0,0,
83947,TARAXACUM OFFICINALE,TAOF,58,ME_NAAMH,TARAXACUM OFFICINALE,0,0,0,0,
83947,TARAXACUM OFFICINALE,TAOF,82,ME_NBPH,TARAXACUM OFFICINALE,0,0,0,0,
83947,TARAXACUM OFFICINALE,TAOF,MI,MI,TARAXACUM OFFICINALE,0,0,0,0,
83947,TARAXACUM OFFICINALE,TAOF,MN,MN,TARAXACUM OFFICINALE,0,0,0,0,
83947,TARAXACUM OFFICINALE,TAOF,83,NY_GLHL,TARAXACUM OFFICINALE,0,0,0,0,
83947,TARAXACUM OFFICINALE,TAOF,61,PA_APG,,NA,0,0,NA,
83947,TARAXACUM OFFICINALE,TAOF,58,VT_NAAMH,TARAXACUM OFFICINALE,0,0,0,0,
83947,TARAXACUM OFFICINALE,TAOF,WI,WI,TARAXACUM OFFICINALE,0,0,0,0,
83949,TARAXACUM OFFICINALE SSP. OFFICINALE,TAOFO,61,PA_APG,,NA,0,0,NA,
84024,TAXUS CANADENSIS,TACA7,MI,MI,TAXUS CANADENSIS,5,5,5,0,
84024,TAXUS CANADENSIS,TACA7,83,VT_GLHL,TAXUS CANADENSIS,8,8,8,0,
84490,TEUCRIUM CANADENSE,TECA3,MI,MI,TEUCRIUM CANADENSE,4,4,4,0,
84490,TEUCRIUM CANADENSE,TECA3,MN,MN,TEUCRIUM CANADENSE,4,4,4,0,
84534,THALICTRUM,THALI2,MI,MI,,NA,6,6,NA,
84534,THALICTRUM,THALI2,58,NJ,,NA,7,7,NA,
84534,THALICTRUM,THALI2,62,PA_AP,,NA,5,5,NA,
84548,THALICTRUM DASYCARPUM,THDA,IN,IN,THALICTRUM DASYCARPUM,4,4,4,0,
84548,THALICTRUM DASYCARPUM,THDA,MI,MI,THALICTRUM DASYCARPUM,3,3,3,0,
84548,THALICTRUM DASYCARPUM,THDA,MN,MN,THALICTRUM DASYCARPUM,4,4,4,0,
84548,THALICTRUM DASYCARPUM,THDA,59,RI_NCZ,,NA,0,0,NA,
84548,THALICTRUM DASYCARPUM,THDA,WI,WI,THALICTRUM DASYCARPUM,4,4,4,0,
84551,THALICTRUM DIOICUM,THDI,MN,MN,THALICTRUM DIOICUM,5,5,5,0,
84551,THALICTRUM DIOICUM,THDI,58,VT_NAAMH,THALICTRUM DIOICUM,7,7,7,0,
84551,THALICTRUM DIOICUM,THDI,WI,WI,THALICTRUM DIOICUM,7,7,7,0,
84577,THALICTRUM PUBESCENS,THPU2,58,CT_NAAMH,THALICTRUM PUBESCENS,3,3,3,0,
84577,THALICTRUM PUBESCENS,THPU2,59,CT_NCZ,THALICTRUM PUBESCENS,4,4,4,0,
84577,THALICTRUM PUBESCENS,THPU2,59,MA_NCZ,THALICTRUM PUBESCENS,4,4,4,0,
84577,THALICTRUM PUBESCENS,THPU2,58,ME_NAAMH,THALICTRUM PUBESCENS,3,3,3,0,
84577,THALICTRUM PUBESCENS,THPU2,82,ME_NBPH,THALICTRUM PUBESCENS,3,3,3,0,
84577,THALICTRUM PUBESCENS,THPU2,59,ME_NCZ,THALICTRUM PUBESCENS,4,4,4,0,
84577,THALICTRUM PUBESCENS,THPU2,MI,MI,THALICTRUM PUBESCENS,0,1,0,-1,
84577,THALICTRUM PUBESCENS,THPU2,58,NH_NAAMH,THALICTRUM PUBESCENS,3,3,3,0,
84577,THALICTRUM PUBESCENS,THPU2,58,NJ,THALICTRUM PUBESCENS,3,5,3,-2,
84577,THALICTRUM PUBESCENS,THPU2,83,NY_GLHL,THALICTRUM PUBESCENS,4,4,4,0,
84577,THALICTRUM PUBESCENS,THPU2,58,NY_NAAMH,THALICTRUM PUBESCENS,3,3,3,0,
84577,THALICTRUM PUBESCENS,THPU2,62,PA_AP,THALICTRUM PUBESCENS,4,4,4,0,
84577,THALICTRUM PUBESCENS,THPU2,61,PA_APG,THALICTRUM PUBESCENS,4,4,4,0,
84577,THALICTRUM PUBESCENS,THPU2,59,RI_NCZ,THALICTRUM PUBESCENS,4,4,4,0,
84577,THALICTRUM PUBESCENS,THPU2,58,VT_NAAMH,THALICTRUM PUBESCENS,3,3,3,0,
84580,THALICTRUM REVOLUTUM,THRE,MI,MI,THALICTRUM REVOLUTUM,9,9,9,0,
84591,THALICTRUM THALICTROIDES,THTH2,59,CT_NCZ,THALICTRUM THALICTROIDES,6,6,6,0,
84591,THALICTRUM THALICTROIDES,THTH2,MN,MN,,NA,7,7,NA,
84593,THALICTRUM VENULOSUM,THVE,MI,MI,THALICTRUM VENULOSUM,9,9,9,0,
84912,THELYPTERIS NOVEBORACENSIS,THNO,59,CT_NCZ,THELYPTERIS NOVEBORACENSIS,3,3,3,0,
84912,THELYPTERIS NOVEBORACENSIS,THNO,58,MA_NAAMH,THELYPTERIS NOVEBORACENSIS,4,4,4,0,
84912,THELYPTERIS NOVEBORACENSIS,THNO,59,MA_NCZ,THELYPTERIS NOVEBORACENSIS,3,3,3,0,
84912,THELYPTERIS NOVEBORACENSIS,THNO,58,ME_NAAMH,THELYPTERIS NOVEBORACENSIS,4,4,4,0,
84912,THELYPTERIS NOVEBORACENSIS,THNO,82,ME_NBPH,THELYPTERIS NOVEBORACENSIS,3,3,3,0,
84912,THELYPTERIS NOVEBORACENSIS,THNO,59,ME_NCZ,THELYPTERIS NOVEBORACENSIS,3,3,3,0,
84912,THELYPTERIS NOVEBORACENSIS,THNO,MI,MI,THELYPTERIS NOVEBORACENSIS,5,5,5,0,
84912,THELYPTERIS NOVEBORACENSIS,THNO,58,NH_NAAMH,THELYPTERIS NOVEBORACENSIS,4,4,4,0,
84912,THELYPTERIS NOVEBORACENSIS,THNO,58,NY_NAAMH,THELYPTERIS NOVEBORACENSIS,4,4,4,0,
84912,THELYPTERIS NOVEBORACENSIS,THNO,61,OH_APG,THELYPTERIS NOVEBORACENSIS,5,5,5,0,
84912,THELYPTERIS NOVEBORACENSIS,THNO,62,PA_AP,THELYPTERIS NOVEBORACENSIS,5,5,5,0,
84912,THELYPTERIS NOVEBORACENSIS,THNO,61,PA_APG,THELYPTERIS NOVEBORACENSIS,5,5,5,0,
84912,THELYPTERIS NOVEBORACENSIS,THNO,59,RI_NCZ,THELYPTERIS NOVEBORACENSIS,3,3,3,0,
84912,THELYPTERIS NOVEBORACENSIS,THNO,83,VT_GLHL,THELYPTERIS NOVEBORACENSIS,4,4,4,0,
84912,THELYPTERIS NOVEBORACENSIS,THNO,58,VT_NAAMH,THELYPTERIS NOVEBORACENSIS,4,4,4,0,
84920,THELYPTERIS PALUSTRIS,THPA,58,CT_NAAMH,THELYPTERIS PALUSTRIS,4,4,4,0,
84920,THELYPTERIS PALUSTRIS,THPA,59,CT_NCZ,THELYPTERIS PALUSTRIS,4,4,4,0,
84920,THELYPTERIS PALUSTRIS,THPA,IN,IN,,NA,6,7,NA,Updated to ssp. Cval/CoC Ref
84920,THELYPTERIS PALUSTRIS,THPA,59,MA_NCZ,THELYPTERIS PALUSTRIS,4,4,4,0,
84920,THELYPTERIS PALUSTRIS,THPA,82,ME_NBPH,THELYPTERIS PALUSTRIS,3,3,3,0,
84920,THELYPTERIS PALUSTRIS,THPA,59,ME_NCZ,THELYPTERIS PALUSTRIS,4,4,4,0,
84920,THELYPTERIS PALUSTRIS,THPA,MI,MI,THELYPTERIS PALUSTRIS,2,2,2,0,
84920,THELYPTERIS PALUSTRIS,THPA,MN,MN,,NA,7,7,NA,
84920,THELYPTERIS PALUSTRIS,THPA,58,NH_NAAMH,THELYPTERIS PALUSTRIS,4,4,4,0,
84920,THELYPTERIS PALUSTRIS,THPA,59,NH_NCZ,THELYPTERIS PALUSTRIS,4,4,4,0,
84920,THELYPTERIS PALUSTRIS,THPA,83,NY_GLHL,THELYPTERIS PALUSTRIS,4,4,4,0,
84920,THELYPTERIS PALUSTRIS,THPA,58,NY_NAAMH,THELYPTERIS PALUSTRIS,4,4,4,0,
84920,THELYPTERIS PALUSTRIS,THPA,60,NY_OTH,,NA,6,6,NA,
84920,THELYPTERIS PALUSTRIS,THPA,61,OH_APG,,NA,6,6,NA,
84920,THELYPTERIS PALUSTRIS,THPA,62,PA_AP,,NA,6,6,NA,
84920,THELYPTERIS PALUSTRIS,THPA,60,PA_APG,,NA,6,6,NA,
84920,THELYPTERIS PALUSTRIS,THPA,61,PA_APG,,NA,6,6,NA,
84920,THELYPTERIS PALUSTRIS,THPA,59,RI_NCZ,THELYPTERIS PALUSTRIS,4,4,4,0,
84920,THELYPTERIS PALUSTRIS,THPA,83,VT_GLHL,THELYPTERIS PALUSTRIS,4,4,4,0,
84920,THELYPTERIS PALUSTRIS,THPA,58,VT_NAAMH,THELYPTERIS PALUSTRIS,4,4,4,0,
84920,THELYPTERIS PALUSTRIS,THPA,WI,WI,THELYPTERIS PALUSTRIS,7,7,7,0,
84922,THELYPTERIS PALUSTRIS VAR. PUBESCENS,THPAP,IN,IN,THELYPTERIS PALUSTRIS VAR. PUBESCENS,7,7,7,0,
84922,THELYPTERIS PALUSTRIS VAR. PUBESCENS,THPAP,59,MA_NCZ,,NA,4,4,NA,
84922,THELYPTERIS PALUSTRIS VAR. PUBESCENS,THPAP,82,ME_NBPH,,NA,4,3,NA,Updated to ssp. Cval/CoC Ref
84922,THELYPTERIS PALUSTRIS VAR. PUBESCENS,THPAP,59,ME_NCZ,,NA,4,4,NA,
84922,THELYPTERIS PALUSTRIS VAR. PUBESCENS,THPAP,MI,MI,,NA,7,2,NA,Updated to ssp. Cval/CoC Ref
84922,THELYPTERIS PALUSTRIS VAR. PUBESCENS,THPAP,MN,MN,THELYPTERIS PALUSTRIS VAR. PUBESCENS,7,7,7,0,
84922,THELYPTERIS PALUSTRIS VAR. PUBESCENS,THPAP,58,NH_NAAMH,,NA,4,4,NA,
84922,THELYPTERIS PALUSTRIS VAR. PUBESCENS,THPAP,59,NH_NCZ,,NA,4,4,NA,
84922,THELYPTERIS PALUSTRIS VAR. PUBESCENS,THPAP,83,NY_GLHL,,NA,6,8,NA,Updated to ssp. Cval/CoC Ref
84922,THELYPTERIS PALUSTRIS VAR. PUBESCENS,THPAP,58,NY_NAAMH,,NA,6,4,NA,Updated to ssp. Cval/CoC Ref
84922,THELYPTERIS PALUSTRIS VAR. PUBESCENS,THPAP,62,PA_AP,THELYPTERIS PALUSTRIS VAR. PUBESCENS,6,6,6,0,
84922,THELYPTERIS PALUSTRIS VAR. PUBESCENS,THPAP,61,PA_APG,THELYPTERIS PALUSTRIS VAR. PUBESCENS,6,6,6,0,
84922,THELYPTERIS PALUSTRIS VAR. PUBESCENS,THPAP,83,PA_OTH,,NA,6,8,NA,Updated to ssp. Cval/CoC Ref
84922,THELYPTERIS PALUSTRIS VAR. PUBESCENS,THPAP,59,RI_NCZ,,NA,4,4,NA,
84922,THELYPTERIS PALUSTRIS VAR. PUBESCENS,THPAP,83,VT_GLHL,,NA,6,8,NA,Updated to ssp. Cval/CoC Ref
84922,THELYPTERIS PALUSTRIS VAR. PUBESCENS,THPAP,58,VT_NAAMH,,NA,6,4,NA,Updated to ssp. Cval/CoC Ref
84922,THELYPTERIS PALUSTRIS VAR. PUBESCENS,THPAP,WI,WI,THELYPTERIS PALUSTRIS VAR. PUBESCENS,7,7,7,0,
84953,THELYPTERIS SIMULATA,THSI2,59,CT_NCZ,THELYPTERIS SIMULATA,7,7,7,0,
84953,THELYPTERIS SIMULATA,THSI2,59,MA_NCZ,THELYPTERIS SIMULATA,7,7,7,0,
84953,THELYPTERIS SIMULATA,THSI2,59,ME_NCZ,THELYPTERIS SIMULATA,7,7,7,0,
84953,THELYPTERIS SIMULATA,THSI2,59,NH_NCZ,THELYPTERIS SIMULATA,7,7,7,0,
84953,THELYPTERIS SIMULATA,THSI2,59,RI_NCZ,THELYPTERIS SIMULATA,7,7,7,0,
84953,THELYPTERIS SIMULATA,THSI2,WI,WI,THELYPTERIS SIMULATA,10,10,10,0,
85154,THUJA OCCIDENTALIS,THOC2,58,ME_NAAMH,THUJA OCCIDENTALIS,5,5,5,0,
85154,THUJA OCCIDENTALIS,THOC2,82,ME_NBPH,THUJA OCCIDENTALIS,3,3,3,0,
85154,THUJA OCCIDENTALIS,THOC2,MI,MI,THUJA OCCIDENTALIS,4,4,4,0,
85154,THUJA OCCIDENTALIS,THOC2,MN,MN,THUJA OCCIDENTALIS,7,7,7,0,
85154,THUJA OCCIDENTALIS,THOC2,58,NH_NAAMH,THUJA OCCIDENTALIS,5,5,5,0,
85154,THUJA OCCIDENTALIS,THOC2,83,NY_GLHL,THUJA OCCIDENTALIS,5,5,5,0,
85154,THUJA OCCIDENTALIS,THOC2,58,NY_NAAMH,THUJA OCCIDENTALIS,5,5,5,0,
85154,THUJA OCCIDENTALIS,THOC2,83,VT_GLHL,THUJA OCCIDENTALIS,5,5,5,0,
85154,THUJA OCCIDENTALIS,THOC2,58,VT_NAAMH,THUJA OCCIDENTALIS,5,5,5,0,
85154,THUJA OCCIDENTALIS,THOC2,WI,WI,THUJA OCCIDENTALIS,9,9,9,0,
85252,TIARELLA CORDIFOLIA,TICO,58,ME_NAAMH,TIARELLA CORDIFOLIA,6,6,6,0,
85252,TIARELLA CORDIFOLIA,TICO,58,NH_NAAMH,TIARELLA CORDIFOLIA,6,6,6,0,
85252,TIARELLA CORDIFOLIA,TICO,62,PA_AP,TIARELLA CORDIFOLIA,7,7,7,0,
85252,TIARELLA CORDIFOLIA,TICO,58,VT_NAAMH,TIARELLA CORDIFOLIA,6,6,6,0,
85255,TIARELLA CORDIFOLIA VAR. CORDIFOLIA,TICOC2,83,VT_GLHL,,NA,6,6,NA,
85255,TIARELLA CORDIFOLIA VAR. CORDIFOLIA,TICOC2,58,VT_NAAMH,,NA,6,6,NA,
85297,TILIA AMERICANA,TIAM,IN,IN,,NA,5,5,NA,
85297,TILIA AMERICANA,TIAM,MI,MI,TILIA AMERICANA,5,5,5,0,
85297,TILIA AMERICANA,TIAM,MN,MN,,NA,5,5,NA,
85297,TILIA AMERICANA,TIAM,58,NH_NAAMH,TILIA AMERICANA,6,6,6,0,
85297,TILIA AMERICANA,TIAM,58,NJ,TILIA AMERICANA,6,7,6,-1,
85297,TILIA AMERICANA,TIAM,83,NY_GLHL,TILIA AMERICANA,6,6,6,0,
85298,TILIA AMERICANA VAR. AMERICANA,TIAMA,MN,MN,,NA,5,5,NA,
85298,TILIA AMERICANA VAR. AMERICANA,TIAMA,58,NH_NAAMH,,NA,6,6,NA,
85657,TORREYOCHLOA PALLIDA,TOPA6,59,CT_NCZ,TORREYOCHLOA PALLIDA,7,7,7,0,
85657,TORREYOCHLOA PALLIDA,TOPA6,59,MA_NCZ,TORREYOCHLOA PALLIDA,7,7,7,0,
85657,TORREYOCHLOA PALLIDA,TOPA6,59,NH_NCZ,TORREYOCHLOA PALLIDA,7,7,7,0,
85657,TORREYOCHLOA PALLIDA,TOPA6,59,RI_NCZ,TORREYOCHLOA PALLIDA,7,7,7,0,
85658,TORREYOCHLOA PALLIDA VAR. FERNALDII,TOPAF,59,MA_NCZ,,NA,8,7,NA,Updated to ssp. Cval/CoC Ref
85820,TOXICODENDRON RADICANS,TORA2,58,CT_NAAMH,TOXICODENDRON RADICANS,3,3,3,0,
85820,TOXICODENDRON RADICANS,TORA2,59,CT_NCZ,TOXICODENDRON RADICANS,2,2,2,0,
85820,TOXICODENDRON RADICANS,TORA2,IN,IN,,NA,1,1,NA,
85820,TOXICODENDRON RADICANS,TORA2,59,MA_NCZ,TOXICODENDRON RADICANS,2,2,2,0,
85820,TOXICODENDRON RADICANS,TORA2,82,ME_NBPH,TOXICODENDRON RADICANS,3,3,3,0,
85820,TOXICODENDRON RADICANS,TORA2,59,ME_NCZ,TOXICODENDRON RADICANS,2,2,2,0,
85820,TOXICODENDRON RADICANS,TORA2,MI,MI,TOXICODENDRON RADICANS,2,2,2,0,
85820,TOXICODENDRON RADICANS,TORA2,MN,MN,,NA,4,4,NA,
85820,TOXICODENDRON RADICANS,TORA2,58,NH_NAAMH,TOXICODENDRON RADICANS,3,3,3,0,
85820,TOXICODENDRON RADICANS,TORA2,58,NJ,TOXICODENDRON RADICANS,3,1,3,2,
85820,TOXICODENDRON RADICANS,TORA2,83,NY_GLHL,TOXICODENDRON RADICANS,3,3,3,0,
85820,TOXICODENDRON RADICANS,TORA2,61,OH_APG,TOXICODENDRON RADICANS,1,1,1,0,
85820,TOXICODENDRON RADICANS,TORA2,62,PA_AP,TOXICODENDRON RADICANS,1,1,1,0,
85820,TOXICODENDRON RADICANS,TORA2,61,PA_APG,TOXICODENDRON RADICANS,1,1,1,0,
85820,TOXICODENDRON RADICANS,TORA2,59,RI_NCZ,TOXICODENDRON RADICANS,2,2,2,0,
85820,TOXICODENDRON RADICANS,TORA2,83,VT_GLHL,TOXICODENDRON RADICANS,3,3,3,0,
85820,TOXICODENDRON RADICANS,TORA2,58,VT_NAAMH,TOXICODENDRON RADICANS,3,3,3,0,
85824,TOXICODENDRON RADICANS SSP. NEGUNDO,TORAN,MN,MN,,NA,7,7,NA,
85826,TOXICODENDRON RADICANS SSP. RADICANS,TORAR,59,MA_NCZ,,NA,2,2,NA,
85826,TOXICODENDRON RADICANS SSP. RADICANS,TORAR,82,ME_NBPH,,NA,3,3,NA,
85826,TOXICODENDRON RADICANS SSP. RADICANS,TORAR,MI,MI,,NA,2,2,NA,
85826,TOXICODENDRON RADICANS SSP. RADICANS,TORAR,59,NH_NCZ,,NA,2,2,NA,
85826,TOXICODENDRON RADICANS SSP. RADICANS,TORAR,59,RI_NCZ,,NA,2,2,NA,
85834,TOXICODENDRON RYDBERGII,TORY,MN,MN,TOXICODENDRON RYDBERGII,1,1,1,0,
85834,TOXICODENDRON RYDBERGII,TORY,58,NH_NAAMH,TOXICODENDRON RYDBERGII,4,4,4,0,
85834,TOXICODENDRON RYDBERGII,TORY,83,NY_GLHL,TOXICODENDRON RYDBERGII,4,4,4,0,
85834,TOXICODENDRON RYDBERGII,TORY,83,VT_GLHL,TOXICODENDRON RYDBERGII,4,4,4,0,
85834,TOXICODENDRON RYDBERGII,TORY,58,VT_NAAMH,TOXICODENDRON RYDBERGII,4,4,4,0,
85834,TOXICODENDRON RYDBERGII,TORY,WI,WI,TOXICODENDRON RYDBERGII,2,2,2,0,
85839,TOXICODENDRON VERNIX,TOVE,59,CT_NCZ,TOXICODENDRON VERNIX,7,7,7,0,
85839,TOXICODENDRON VERNIX,TOVE,IN,IN,TOXICODENDRON VERNIX,10,10,10,0,
85839,TOXICODENDRON VERNIX,TOVE,59,MA_NCZ,TOXICODENDRON VERNIX,7,7,7,0,
85839,TOXICODENDRON VERNIX,TOVE,MI,MI,TOXICODENDRON VERNIX,6,6,6,0,
85839,TOXICODENDRON VERNIX,TOVE,MN,MN,TOXICODENDRON VERNIX,7,7,7,0,
85839,TOXICODENDRON VERNIX,TOVE,83,NY_GLHL,TOXICODENDRON VERNIX,8,8,8,0,
85839,TOXICODENDRON VERNIX,TOVE,59,RI_NCZ,TOXICODENDRON VERNIX,7,7,7,0,
85839,TOXICODENDRON VERNIX,TOVE,83,VT_GLHL,TOXICODENDRON VERNIX,8,8,8,0,
85921,TRADESCANTIA OHIENSIS,TROH,61,OH_APG,TRADESCANTIA OHIENSIS,4,4,4,0,
90855,TREE,2TREE,MI,MI,,NA,Und,Und,NA,
90859,"TREE, DECIDUOUS, BROADLEAF, DICOT",2TDBD,IN,IN,,NA,Und,Und,NA,
90859,"TREE, DECIDUOUS, BROADLEAF, DICOT",2TDBD,MI,MI,,NA,Und,Und,NA,
86077,TRIADENUM,TRIAD,59,MA_NCZ,,NA,7,7,NA,
86077,TRIADENUM,TRIAD,58,ME_NAAMH,,NA,6,6,NA,
86077,TRIADENUM,TRIAD,82,ME_NBPH,,NA,6,6,NA,
86077,TRIADENUM,TRIAD,59,RI_NCZ,,NA,7,7,NA,
86077,TRIADENUM,TRIAD,58,VT_NAAMH,,NA,6,6,NA,
86078,TRIADENUM FRASERI,TRFR,58,ME_NAAMH,TRIADENUM FRASERI,6,6,6,0,
86078,TRIADENUM FRASERI,TRFR,82,ME_NBPH,TRIADENUM FRASERI,6,6,6,0,
86078,TRIADENUM FRASERI,TRFR,59,ME_NCZ,TRIADENUM FRASERI,6,6,6,0,
86078,TRIADENUM FRASERI,TRFR,MI,MI,TRIADENUM FRASERI,6,6,6,0,
86078,TRIADENUM FRASERI,TRFR,MN,MN,TRIADENUM FRASERI,6,6,6,0,
86078,TRIADENUM FRASERI,TRFR,58,NY_NAAMH,TRIADENUM FRASERI,6,6,6,0,
86078,TRIADENUM FRASERI,TRFR,58,VT_NAAMH,TRIADENUM FRASERI,6,6,6,0,
86078,TRIADENUM FRASERI,TRFR,WI,WI,TRIADENUM FRASERI,8,8,8,0,
86083,TRIADENUM VIRGINICUM,TRVI2,58,CT_NAAMH,TRIADENUM VIRGINICUM,6,7,6,-1,
86083,TRIADENUM VIRGINICUM,TRVI2,59,CT_NCZ,TRIADENUM VIRGINICUM,6,7,6,-1,
86083,TRIADENUM VIRGINICUM,TRVI2,59,MA_NCZ,TRIADENUM VIRGINICUM,6,7,6,-1,
86083,TRIADENUM VIRGINICUM,TRVI2,82,ME_NBPH,TRIADENUM VIRGINICUM,6,6,6,0,
86083,TRIADENUM VIRGINICUM,TRVI2,59,ME_NCZ,TRIADENUM VIRGINICUM,6,7,6,-1,
86083,TRIADENUM VIRGINICUM,TRVI2,58,NH_NAAMH,TRIADENUM VIRGINICUM,6,7,6,-1,
86083,TRIADENUM VIRGINICUM,TRVI2,59,NH_NCZ,TRIADENUM VIRGINICUM,6,7,6,-1,
86083,TRIADENUM VIRGINICUM,TRVI2,83,NY_GLHL,TRIADENUM VIRGINICUM,7,7,7,0,
86083,TRIADENUM VIRGINICUM,TRVI2,58,NY_NAAMH,TRIADENUM VIRGINICUM,6,7,6,-1,
86083,TRIADENUM VIRGINICUM,TRVI2,61,OH_APG,TRIADENUM VIRGINICUM,6,6,6,0,
86083,TRIADENUM VIRGINICUM,TRVI2,62,PA_AP,TRIADENUM VIRGINICUM,6,6,6,0,
86083,TRIADENUM VIRGINICUM,TRVI2,60,PA_APG,TRIADENUM VIRGINICUM,6,6,6,0,
86083,TRIADENUM VIRGINICUM,TRVI2,59,RI_NCZ,TRIADENUM VIRGINICUM,6,7,6,-1,
86083,TRIADENUM VIRGINICUM,TRVI2,58,VT_NAAMH,TRIADENUM VIRGINICUM,6,6,6,0,
86210,TRICHOPHORUM ALPINUM,TRAL7,MN,MN,TRICHOPHORUM ALPINUM,10,10,10,0,
86213,TRICHOPHORUM CESPITOSUM,TRCE3,82,ME_NBPH,TRICHOPHORUM CESPITOSUM,7,7,7,0,
86330,TRIENTALIS BOREALIS,TRBO2,59,CT_NCZ,TRIENTALIS BOREALIS,5,5,5,0,
86330,TRIENTALIS BOREALIS,TRBO2,58,MA_NAAMH,TRIENTALIS BOREALIS,4,4,4,0,
86330,TRIENTALIS BOREALIS,TRBO2,59,MA_NCZ,TRIENTALIS BOREALIS,5,5,5,0,
86330,TRIENTALIS BOREALIS,TRBO2,58,ME_NAAMH,TRIENTALIS BOREALIS,4,4,4,0,
86330,TRIENTALIS BOREALIS,TRBO2,82,ME_NBPH,TRIENTALIS BOREALIS,4,4,4,0,
86330,TRIENTALIS BOREALIS,TRBO2,59,ME_NCZ,TRIENTALIS BOREALIS,5,5,5,0,
86330,TRIENTALIS BOREALIS,TRBO2,MI,MI,TRIENTALIS BOREALIS,5,5,5,0,
86330,TRIENTALIS BOREALIS,TRBO2,MN,MN,,NA,7,6,NA,Updated to ssp. Cval/CoC Ref
86330,TRIENTALIS BOREALIS,TRBO2,58,NH_NAAMH,TRIENTALIS BOREALIS,4,4,4,0,
86330,TRIENTALIS BOREALIS,TRBO2,83,NY_GLHL,TRIENTALIS BOREALIS,6,6,6,0,
86330,TRIENTALIS BOREALIS,TRBO2,58,NY_NAAMH,TRIENTALIS BOREALIS,4,4,4,0,
86330,TRIENTALIS BOREALIS,TRBO2,60,NY_OTH,TRIENTALIS BOREALIS,7,4,7,3,
86330,TRIENTALIS BOREALIS,TRBO2,62,PA_AP,TRIENTALIS BOREALIS,7,7,7,0,
86330,TRIENTALIS BOREALIS,TRBO2,59,RI_NCZ,TRIENTALIS BOREALIS,5,5,5,0,
86330,TRIENTALIS BOREALIS,TRBO2,83,VT_GLHL,TRIENTALIS BOREALIS,6,6,6,0,
86330,TRIENTALIS BOREALIS,TRBO2,58,VT_NAAMH,TRIENTALIS BOREALIS,4,4,4,0,
86330,TRIENTALIS BOREALIS,TRBO2,WI,WI,TRIENTALIS BOREALIS,7,7,7,0,
86331,TRIENTALIS BOREALIS SSP. BOREALIS,TRBOB,MN,MN,,NA,6,6,NA,
86338,TRIFOLIUM,TRIFO,MI,MI,,NA,0,0,NA,
86382,TRIFOLIUM AUREUM,TRAU2,58,ME_NAAMH,TRIFOLIUM AUREUM,0,0,0,0,
86382,TRIFOLIUM AUREUM,TRAU2,MI,MI,TRIFOLIUM AUREUM,0,0,0,0,
86512,TRIFOLIUM HYBRIDUM,TRHY,MN,MN,TRIFOLIUM HYBRIDUM,0,0,0,0,
86512,TRIFOLIUM HYBRIDUM,TRHY,WI,WI,TRIFOLIUM HYBRIDUM,0,0,0,0,
86682,TRIFOLIUM PRATENSE,TRPR2,82,ME_NBPH,TRIFOLIUM PRATENSE,0,0,0,0,
86682,TRIFOLIUM PRATENSE,TRPR2,MI,MI,TRIFOLIUM PRATENSE,0,0,0,0,
86682,TRIFOLIUM PRATENSE,TRPR2,61,PA_APG,,NA,0,0,NA,
86693,TRIFOLIUM REPENS,TRRE3,58,ME_NAAMH,TRIFOLIUM REPENS,0,0,0,0,
86693,TRIFOLIUM REPENS,TRRE3,MI,MI,TRIFOLIUM REPENS,0,0,0,0,
86693,TRIFOLIUM REPENS,TRRE3,MN,MN,TRIFOLIUM REPENS,0,0,0,0,
86693,TRIFOLIUM REPENS,TRRE3,58,VT_NAAMH,TRIFOLIUM REPENS,0,0,0,0,
86693,TRIFOLIUM REPENS,TRRE3,WI,WI,TRIFOLIUM REPENS,0,0,0,0,
86803,TRIGLOCHIN PALUSTRIS,TRPA28,WI,WI,TRIGLOCHIN PALUSTRIS,10,10,10,0,
86826,TRILLIUM,TRILL,WI,WI,,NA,7,7,NA,
86830,TRILLIUM CERNUUM,TRCE,MI,MI,TRILLIUM CERNUUM,5,5,5,0,
86830,TRILLIUM CERNUUM,TRCE,MN,MN,TRILLIUM CERNUUM,7,7,7,0,
86830,TRILLIUM CERNUUM,TRCE,WI,WI,TRILLIUM CERNUUM,8,8,8,0,
86842,TRILLIUM ERECTUM,TRER3,58,ME_NAAMH,TRILLIUM ERECTUM,6,6,6,0,
86842,TRILLIUM ERECTUM,TRER3,82,ME_NBPH,TRILLIUM ERECTUM,5,5,5,0,
86842,TRILLIUM ERECTUM,TRER3,83,VT_GLHL,TRILLIUM ERECTUM,7,7,7,0,
86849,TRILLIUM FLEXIPES,TRFL6,MI,MI,TRILLIUM FLEXIPES,7,7,7,0,
86854,TRILLIUM GRANDIFLORUM,TRGR4,MI,MI,TRILLIUM GRANDIFLORUM,5,5,5,0,
86854,TRILLIUM GRANDIFLORUM,TRGR4,MN,MN,,NA,6,6,NA,
86854,TRILLIUM GRANDIFLORUM,TRGR4,WI,WI,TRILLIUM GRANDIFLORUM,6,6,6,0,
86895,TRILLIUM UNDULATUM,TRUN,58,ME_NAAMH,TRILLIUM UNDULATUM,7,7,7,0,
86895,TRILLIUM UNDULATUM,TRUN,58,NY_NAAMH,TRILLIUM UNDULATUM,7,7,7,0,
86895,TRILLIUM UNDULATUM,TRUN,60,NY_OTH,TRILLIUM UNDULATUM,7,7,7,0,
87266,TSUGA CANADENSIS,TSCA,59,CT_NCZ,TSUGA CANADENSIS,5,5,5,0,
87266,TSUGA CANADENSIS,TSCA,58,MA_NAAMH,TSUGA CANADENSIS,5,5,5,0,
87266,TSUGA CANADENSIS,TSCA,82,ME_NBPH,TSUGA CANADENSIS,4,4,4,0,
87266,TSUGA CANADENSIS,TSCA,59,ME_NCZ,TSUGA CANADENSIS,5,5,5,0,
87266,TSUGA CANADENSIS,TSCA,MI,MI,TSUGA CANADENSIS,5,5,5,0,
87266,TSUGA CANADENSIS,TSCA,MN,MN,TSUGA CANADENSIS,10,10,10,0,
87266,TSUGA CANADENSIS,TSCA,58,NH_NAAMH,TSUGA CANADENSIS,5,5,5,0,
87266,TSUGA CANADENSIS,TSCA,59,NH_NCZ,TSUGA CANADENSIS,5,5,5,0,
87266,TSUGA CANADENSIS,TSCA,58,NJ,TSUGA CANADENSIS,5,8,5,-3,
87266,TSUGA CANADENSIS,TSCA,58,NY_NAAMH,TSUGA CANADENSIS,5,5,5,0,
87266,TSUGA CANADENSIS,TSCA,60,NY_OTH,TSUGA CANADENSIS,8,4,8,4,
87266,TSUGA CANADENSIS,TSCA,62,PA_AP,TSUGA CANADENSIS,8,8,8,0,
87266,TSUGA CANADENSIS,TSCA,83,VT_GLHL,TSUGA CANADENSIS,6,6,6,0,
87266,TSUGA CANADENSIS,TSCA,58,VT_NAAMH,TSUGA CANADENSIS,5,5,5,0,
87266,TSUGA CANADENSIS,TSCA,WI,WI,TSUGA CANADENSIS,8,8,8,0,
87354,TUSSILAGO FARFARA,TUFA,58,ME_NAAMH,TUSSILAGO FARFARA,0,0,0,0,
87354,TUSSILAGO FARFARA,TUFA,82,ME_NBPH,TUSSILAGO FARFARA,0,0,0,0,
87354,TUSSILAGO FARFARA,TUFA,62,PA_AP,,NA,0,0,NA,
87354,TUSSILAGO FARFARA,TUFA,58,VT_NAAMH,TUSSILAGO FARFARA,0,0,0,0,
87369,TYPHA,TYPHA,MN,MN,,NA,0,0,NA,
87372,TYPHA ANGUSTIFOLIA,TYAN,59,MA_NCZ,TYPHA ANGUSTIFOLIA,2,2,2,0,
87372,TYPHA ANGUSTIFOLIA,TYAN,82,ME_NBPH,TYPHA ANGUSTIFOLIA,0,0,0,0,
87372,TYPHA ANGUSTIFOLIA,TYAN,59,ME_NCZ,TYPHA ANGUSTIFOLIA,2,2,2,0,
87372,TYPHA ANGUSTIFOLIA,TYAN,MI,MI,TYPHA ANGUSTIFOLIA,0,0,0,0,
87372,TYPHA ANGUSTIFOLIA,TYAN,MN,MN,TYPHA ANGUSTIFOLIA,0,0,0,0,
87372,TYPHA ANGUSTIFOLIA,TYAN,83,NY_GLHL,TYPHA ANGUSTIFOLIA,2,2,2,0,
87372,TYPHA ANGUSTIFOLIA,TYAN,61,PA_APG,TYPHA ANGUSTIFOLIA,1,0,1,1,
87372,TYPHA ANGUSTIFOLIA,TYAN,58,VT_NAAMH,TYPHA ANGUSTIFOLIA,0,0,0,0,
87372,TYPHA ANGUSTIFOLIA,TYAN,WI,WI,TYPHA ANGUSTIFOLIA,0,0,0,0,
87376,TYPHA LATIFOLIA,TYLA,58,CT_NAAMH,TYPHA LATIFOLIA,2,2,2,0,
87376,TYPHA LATIFOLIA,TYLA,59,CT_NCZ,TYPHA LATIFOLIA,2,2,2,0,
87376,TYPHA LATIFOLIA,TYLA,IN,IN,TYPHA LATIFOLIA,1,1,1,0,
87376,TYPHA LATIFOLIA,TYLA,59,MA_NCZ,TYPHA LATIFOLIA,2,2,2,0,
87376,TYPHA LATIFOLIA,TYLA,82,ME_NBPH,TYPHA LATIFOLIA,2,2,2,0,
87376,TYPHA LATIFOLIA,TYLA,59,ME_NCZ,TYPHA LATIFOLIA,2,2,2,0,
87376,TYPHA LATIFOLIA,TYLA,MI,MI,TYPHA LATIFOLIA,1,1,1,0,
87376,TYPHA LATIFOLIA,TYLA,MN,MN,TYPHA LATIFOLIA,2,2,2,0,
87376,TYPHA LATIFOLIA,TYLA,58,NH_NAAMH,TYPHA LATIFOLIA,2,2,2,0,
87376,TYPHA LATIFOLIA,TYLA,59,NH_NCZ,TYPHA LATIFOLIA,2,2,2,0,
87376,TYPHA LATIFOLIA,TYLA,83,NY_GLHL,TYPHA LATIFOLIA,2,2,2,0,
87376,TYPHA LATIFOLIA,TYLA,61,OH_APG,TYPHA LATIFOLIA,2,2,2,0,
87376,TYPHA LATIFOLIA,TYLA,62,PA_AP,TYPHA LATIFOLIA,2,2,2,0,
87376,TYPHA LATIFOLIA,TYLA,59,RI_NCZ,TYPHA LATIFOLIA,2,2,2,0,
87376,TYPHA LATIFOLIA,TYLA,83,VT_GLHL,TYPHA LATIFOLIA,2,2,2,0,
87376,TYPHA LATIFOLIA,TYLA,58,VT_NAAMH,TYPHA LATIFOLIA,2,2,2,0,
87376,TYPHA LATIFOLIA,TYLA,WI,WI,TYPHA LATIFOLIA,1,1,1,0,
87370,TYPHA xGLAUCA,TYGL,59,MA_NCZ,TYPHA ×GLAUCA,1,1,1,0,
87370,TYPHA xGLAUCA,TYGL,59,ME_NCZ,TYPHA ×GLAUCA,1,1,1,0,
87370,TYPHA xGLAUCA,TYGL,MN,MN,,NA,0,0,NA,
87370,TYPHA xGLAUCA,TYGL,61,OH_APG,TYPHA ×GLAUCA,0,0,0,0,
87370,TYPHA xGLAUCA,TYGL,59,RI_NCZ,TYPHA ×GLAUCA,1,0,1,1,
87370,TYPHA xGLAUCA,TYGL,WI,WI,,NA,0,0,NA,
87391,ULMUS,ULMUS,MI,MI,,NA,4,4,NA,
87391,ULMUS,ULMUS,83,NY_GLHL,,NA,5,5,NA,
87391,ULMUS,ULMUS,WI,WI,,NA,4,4,NA,
87395,ULMUS AMERICANA,ULAM,58,CT_NAAMH,ULMUS AMERICANA,3,3,3,0,
87395,ULMUS AMERICANA,ULAM,59,CT_NCZ,ULMUS AMERICANA,4,4,4,0,
87395,ULMUS AMERICANA,ULAM,IN,IN,ULMUS AMERICANA,3,3,3,0,
87395,ULMUS AMERICANA,ULAM,59,MA_NCZ,ULMUS AMERICANA,4,4,4,0,
87395,ULMUS AMERICANA,ULAM,58,ME_NAAMH,ULMUS AMERICANA,3,3,3,0,
87395,ULMUS AMERICANA,ULAM,82,ME_NBPH,ULMUS AMERICANA,2,2,2,0,
87395,ULMUS AMERICANA,ULAM,59,ME_NCZ,ULMUS AMERICANA,4,4,4,0,
87395,ULMUS AMERICANA,ULAM,MI,MI,ULMUS AMERICANA,1,1,1,0,
87395,ULMUS AMERICANA,ULAM,MN,MN,ULMUS AMERICANA,3,3,3,0,
87395,ULMUS AMERICANA,ULAM,58,NH_NAAMH,ULMUS AMERICANA,3,3,3,0,
87395,ULMUS AMERICANA,ULAM,58,NJ,ULMUS AMERICANA,3,6,3,-3,
87395,ULMUS AMERICANA,ULAM,83,NY_GLHL,ULMUS AMERICANA,4,4,4,0,
87395,ULMUS AMERICANA,ULAM,61,OH_APG,ULMUS AMERICANA,5,5,5,0,
87395,ULMUS AMERICANA,ULAM,61,PA_APG,ULMUS AMERICANA,5,5,5,0,
87395,ULMUS AMERICANA,ULAM,59,RI_NCZ,ULMUS AMERICANA,4,4,4,0,
87395,ULMUS AMERICANA,ULAM,83,VT_GLHL,ULMUS AMERICANA,4,4,4,0,
87395,ULMUS AMERICANA,ULAM,58,VT_NAAMH,ULMUS AMERICANA,3,3,3,0,
87395,ULMUS AMERICANA,ULAM,WI,WI,ULMUS AMERICANA,3,3,3,0,
87413,ULMUS RUBRA,ULRU,IN,IN,ULMUS RUBRA,3,3,3,0,
87413,ULMUS RUBRA,ULRU,MI,MI,ULMUS RUBRA,2,2,2,0,
87413,ULMUS RUBRA,ULRU,83,NY_GLHL,ULMUS RUBRA,7,7,7,0,
87413,ULMUS RUBRA,ULRU,61,OH_APG,ULMUS RUBRA,6,4,6,2,
87413,ULMUS RUBRA,ULRU,61,PA_APG,ULMUS RUBRA,6,4,6,2,
87413,ULMUS RUBRA,ULRU,58,VT_NAAMH,ULMUS RUBRA,6,6,6,0,
91444,UNKNOWN,2UNK,MI,MI,,NA,Und,Und,NA,
91444,UNKNOWN,2UNK,MN,MN,,NA,Und,Und,NA,
91444,UNKNOWN,2UNK,59,RI_NCZ,,NA,Und,Und,NA,
91444,UNKNOWN,2UNK,WI,WI,,NA,Und,Und,NA,
87614,URTICA DIOICA,URDI,IN,IN,,NA,1,1,NA,
87614,URTICA DIOICA,URDI,MI,MI,,NA,1,1,NA,
87614,URTICA DIOICA,URDI,MN,MN,,NA,1,1,NA,
87614,URTICA DIOICA,URDI,83,NY_GLHL,,NA,0,0,NA,
87614,URTICA DIOICA,URDI,62,PA_AP,,NA,0,0,NA,
87614,URTICA DIOICA,URDI,58,VT_NAAMH,,NA,4,4,NA,
87614,URTICA DIOICA,URDI,WI,WI,,NA,1,1,NA,
87615,URTICA DIOICA SSP. DIOICA,URDID,59,RI_NCZ,URTICA DIOICA SSP. DIOICA,0,0,0,0,
87616,URTICA DIOICA SSP. GRACILIS,URDIG,MN,MN,URTICA DIOICA SSP. GRACILIS,1,1,1,0,
87616,URTICA DIOICA SSP. GRACILIS,URDIG,58,NH_NAAMH,URTICA DIOICA SSP. GRACILIS,3,3,3,0,
87616,URTICA DIOICA SSP. GRACILIS,URDIG,61,OH_APG,URTICA DIOICA SSP. GRACILIS,2,2,2,0,
87769,UTRICULARIA,UTRIC,59,MA_NCZ,,NA,8,8,NA,
87769,UTRICULARIA,UTRIC,MI,MI,,NA,10,10,NA,
87769,UTRICULARIA,UTRIC,MN,MN,,NA,10,10,NA,
87769,UTRICULARIA,UTRIC,58,VT_NAAMH,,NA,8,8,NA,
87769,UTRICULARIA,UTRIC,WI,WI,,NA,9,9,NA,
87775,UTRICULARIA CORNUTA,UTCO,82,ME_NBPH,UTRICULARIA CORNUTA,6,6,6,0,
87775,UTRICULARIA CORNUTA,UTCO,MI,MI,UTRICULARIA CORNUTA,10,10,10,0,
87775,UTRICULARIA CORNUTA,UTCO,WI,WI,UTRICULARIA CORNUTA,10,10,10,0,
87783,UTRICULARIA GIBBA,UTGI,82,ME_NBPH,UTRICULARIA GIBBA,6,6,6,0,
87783,UTRICULARIA GIBBA,UTGI,MN,MN,UTRICULARIA GIBBA,9,9,9,0,
87787,UTRICULARIA INTERMEDIA,UTIN2,82,ME_NBPH,UTRICULARIA INTERMEDIA,6,6,6,0,
87787,UTRICULARIA INTERMEDIA,UTIN2,59,ME_NCZ,UTRICULARIA INTERMEDIA,7,7,7,0,
87787,UTRICULARIA INTERMEDIA,UTIN2,MI,MI,UTRICULARIA INTERMEDIA,10,10,10,0,
87787,UTRICULARIA INTERMEDIA,UTIN2,MN,MN,UTRICULARIA INTERMEDIA,8,8,8,0,
87787,UTRICULARIA INTERMEDIA,UTIN2,58,NY_NAAMH,UTRICULARIA INTERMEDIA,7,7,7,0,
87787,UTRICULARIA INTERMEDIA,UTIN2,WI,WI,UTRICULARIA INTERMEDIA,9,9,9,0,
87789,UTRICULARIA MACRORHIZA,UTMA,IN,IN,UTRICULARIA MACRORHIZA,5,5,5,0,
87789,UTRICULARIA MACRORHIZA,UTMA,59,MA_NCZ,UTRICULARIA MACRORHIZA,6,6,6,0,
87789,UTRICULARIA MACRORHIZA,UTMA,82,ME_NBPH,UTRICULARIA MACRORHIZA,4,4,4,0,
87789,UTRICULARIA MACRORHIZA,UTMA,59,ME_NCZ,UTRICULARIA MACRORHIZA,6,7,6,-1,
87789,UTRICULARIA MACRORHIZA,UTMA,MI,MI,UTRICULARIA VULGARIS,6,6,6,0,
87789,UTRICULARIA MACRORHIZA,UTMA,MN,MN,UTRICULARIA MACRORHIZA,5,5,5,0,
87789,UTRICULARIA MACRORHIZA,UTMA,59,NH_NCZ,UTRICULARIA MACRORHIZA,6,6,6,0,
87789,UTRICULARIA MACRORHIZA,UTMA,83,NY_GLHL,UTRICULARIA MACRORHIZA,5,5,5,0,
87789,UTRICULARIA MACRORHIZA,UTMA,58,NY_NAAMH,UTRICULARIA MACRORHIZA,4,4,4,0,
87789,UTRICULARIA MACRORHIZA,UTMA,61,OH_APG,UTRICULARIA MACRORHIZA,7,7,7,0,
87789,UTRICULARIA MACRORHIZA,UTMA,WI,WI,UTRICULARIA VULGARIS,7,7,7,0,
87790,UTRICULARIA MINOR,UTMI,MI,MI,UTRICULARIA MINOR,10,10,10,0,
87790,UTRICULARIA MINOR,UTMI,MN,MN,UTRICULARIA MINOR,8,8,8,0,
87790,UTRICULARIA MINOR,UTMI,WI,WI,UTRICULARIA MINOR,10,10,10,0,
87798,UTRICULARIA PURPUREA,UTPU,82,ME_NBPH,UTRICULARIA PURPUREA,5,5,5,0,
87802,UTRICULARIA RESUPINATA,UTRE,WI,WI,UTRICULARIA RESUPINATA,9,9,9,0,
87814,UVULARIA,UVULA,83,VT_GLHL,,NA,5,5,NA,
87818,UVULARIA GRANDIFLORA,UVGR,MN,MN,,NA,7,7,NA,
87825,UVULARIA SESSILIFOLIA,UVSE,59,CT_NCZ,UVULARIA SESSILIFOLIA,5,5,5,0,
87825,UVULARIA SESSILIFOLIA,UVSE,58,MA_NAAMH,UVULARIA SESSILIFOLIA,5,5,5,0,
87825,UVULARIA SESSILIFOLIA,UVSE,59,MA_NCZ,UVULARIA SESSILIFOLIA,5,5,5,0,
87825,UVULARIA SESSILIFOLIA,UVSE,58,ME_NAAMH,UVULARIA SESSILIFOLIA,5,5,5,0,
87825,UVULARIA SESSILIFOLIA,UVSE,82,ME_NBPH,UVULARIA SESSILIFOLIA,4,4,4,0,
87825,UVULARIA SESSILIFOLIA,UVSE,59,ME_NCZ,UVULARIA SESSILIFOLIA,5,5,5,0,
87825,UVULARIA SESSILIFOLIA,UVSE,58,NH_NAAMH,UVULARIA SESSILIFOLIA,5,5,5,0,
87825,UVULARIA SESSILIFOLIA,UVSE,58,NJ,UVULARIA SESSILIFOLIA,5,5,5,0,
87825,UVULARIA SESSILIFOLIA,UVSE,58,NY_NAAMH,UVULARIA SESSILIFOLIA,5,5,5,0,
87825,UVULARIA SESSILIFOLIA,UVSE,59,RI_NCZ,UVULARIA SESSILIFOLIA,5,5,5,0,
87825,UVULARIA SESSILIFOLIA,UVSE,58,VT_NAAMH,UVULARIA SESSILIFOLIA,5,5,5,0,
87833,VACCINIUM,VACCI,MI,MI,,NA,8,8,NA,
87833,VACCINIUM,VACCI,MN,MN,,NA,8,8,NA,
87833,VACCINIUM,VACCI,62,PA_AP,,NA,8,8,NA,
87833,VACCINIUM,VACCI,59,RI_NCZ,,NA,6,6,NA,
87844,VACCINIUM ANGUSTIFOLIUM,VAAN,59,CT_NCZ,VACCINIUM ANGUSTIFOLIUM,4,4,4,0,
87844,VACCINIUM ANGUSTIFOLIUM,VAAN,59,MA_NCZ,VACCINIUM ANGUSTIFOLIUM,4,4,4,0,
87844,VACCINIUM ANGUSTIFOLIUM,VAAN,58,ME_NAAMH,VACCINIUM ANGUSTIFOLIUM,3,3,3,0,
87844,VACCINIUM ANGUSTIFOLIUM,VAAN,82,ME_NBPH,VACCINIUM ANGUSTIFOLIUM,3,3,3,0,
87844,VACCINIUM ANGUSTIFOLIUM,VAAN,59,ME_NCZ,VACCINIUM ANGUSTIFOLIUM,4,4,4,0,
87844,VACCINIUM ANGUSTIFOLIUM,VAAN,MI,MI,VACCINIUM ANGUSTIFOLIUM,4,4,4,0,
87844,VACCINIUM ANGUSTIFOLIUM,VAAN,MN,MN,VACCINIUM ANGUSTIFOLIUM,5,5,5,0,
87844,VACCINIUM ANGUSTIFOLIUM,VAAN,58,NH_NAAMH,VACCINIUM ANGUSTIFOLIUM,3,3,3,0,
87844,VACCINIUM ANGUSTIFOLIUM,VAAN,83,NY_GLHL,VACCINIUM ANGUSTIFOLIUM,4,4,4,0,
87844,VACCINIUM ANGUSTIFOLIUM,VAAN,58,NY_NAAMH,VACCINIUM ANGUSTIFOLIUM,3,3,3,0,
87844,VACCINIUM ANGUSTIFOLIUM,VAAN,62,PA_AP,VACCINIUM ANGUSTIFOLIUM,5,5,5,0,
87844,VACCINIUM ANGUSTIFOLIUM,VAAN,59,RI_NCZ,VACCINIUM ANGUSTIFOLIUM,4,4,4,0,
87844,VACCINIUM ANGUSTIFOLIUM,VAAN,WI,WI,VACCINIUM ANGUSTIFOLIUM,4,4,4,0,
87875,VACCINIUM CORYMBOSUM,VACO,58,CT_NAAMH,VACCINIUM CORYMBOSUM,5,5,5,0,
87875,VACCINIUM CORYMBOSUM,VACO,59,CT_NCZ,VACCINIUM CORYMBOSUM,5,5,5,0,
87875,VACCINIUM CORYMBOSUM,VACO,58,MA_NAAMH,VACCINIUM CORYMBOSUM,5,5,5,0,
87875,VACCINIUM CORYMBOSUM,VACO,59,MA_NCZ,VACCINIUM CORYMBOSUM,5,5,5,0,
87875,VACCINIUM CORYMBOSUM,VACO,82,ME_NBPH,VACCINIUM CORYMBOSUM,4,4,4,0,
87875,VACCINIUM CORYMBOSUM,VACO,59,ME_NCZ,VACCINIUM CORYMBOSUM,5,5,5,0,
87875,VACCINIUM CORYMBOSUM,VACO,MI,MI,VACCINIUM CORYMBOSUM,6,6,6,0,
87875,VACCINIUM CORYMBOSUM,VACO,58,NH_NAAMH,VACCINIUM CORYMBOSUM,5,5,5,0,
87875,VACCINIUM CORYMBOSUM,VACO,59,NH_NCZ,VACCINIUM CORYMBOSUM,5,5,5,0,
87875,VACCINIUM CORYMBOSUM,VACO,58,NJ,VACCINIUM CORYMBOSUM,5,5,5,0,
87875,VACCINIUM CORYMBOSUM,VACO,83,NY_GLHL,VACCINIUM CORYMBOSUM,6,6,6,0,
87875,VACCINIUM CORYMBOSUM,VACO,58,NY_NAAMH,VACCINIUM CORYMBOSUM,5,5,5,0,
87875,VACCINIUM CORYMBOSUM,VACO,60,NY_OTH,VACCINIUM CORYMBOSUM,6,6,6,0,
87875,VACCINIUM CORYMBOSUM,VACO,61,OH_APG,VACCINIUM CORYMBOSUM,6,6,6,0,
87875,VACCINIUM CORYMBOSUM,VACO,62,PA_AP,VACCINIUM CORYMBOSUM,6,6,6,0,
87875,VACCINIUM CORYMBOSUM,VACO,61,PA_APG,VACCINIUM CORYMBOSUM,6,6,6,0,
87875,VACCINIUM CORYMBOSUM,VACO,59,RI_NCZ,VACCINIUM CORYMBOSUM,5,5,5,0,
87875,VACCINIUM CORYMBOSUM,VACO,83,VT_GLHL,VACCINIUM CORYMBOSUM,6,6,6,0,
87875,VACCINIUM CORYMBOSUM,VACO,WI,WI,VACCINIUM CORYMBOSUM,10,10,10,0,
87893,VACCINIUM FUSCATUM,VAFU,59,NH_NCZ,VACCINIUM FUSCATUM,6,6,6,0,
87893,VACCINIUM FUSCATUM,VAFU,83,VT_GLHL,,NA,6,6,NA,
87898,VACCINIUM MACROCARPON,VAMA,58,ME_NAAMH,VACCINIUM MACROCARPON,6,6,6,0,
87898,VACCINIUM MACROCARPON,VAMA,82,ME_NBPH,VACCINIUM MACROCARPON,5,5,5,0,
87898,VACCINIUM MACROCARPON,VAMA,MI,MI,VACCINIUM MACROCARPON,8,8,8,0,
87898,VACCINIUM MACROCARPON,VAMA,MN,MN,VACCINIUM MACROCARPON,9,9,9,0,
87898,VACCINIUM MACROCARPON,VAMA,58,NY_NAAMH,VACCINIUM MACROCARPON,6,6,6,0,
87898,VACCINIUM MACROCARPON,VAMA,62,PA_AP,VACCINIUM MACROCARPON,10,10,10,0,
87898,VACCINIUM MACROCARPON,VAMA,WI,WI,VACCINIUM MACROCARPON,9,9,9,0,
87906,VACCINIUM MYRTILLOIDES,VAMY,58,ME_NAAMH,VACCINIUM MYRTILLOIDES,5,5,5,0,
87906,VACCINIUM MYRTILLOIDES,VAMY,82,ME_NBPH,VACCINIUM MYRTILLOIDES,5,5,5,0,
87906,VACCINIUM MYRTILLOIDES,VAMY,MI,MI,VACCINIUM MYRTILLOIDES,4,4,4,0,
87906,VACCINIUM MYRTILLOIDES,VAMY,MN,MN,VACCINIUM MYRTILLOIDES,6,6,6,0,
87906,VACCINIUM MYRTILLOIDES,VAMY,58,NH_NAAMH,VACCINIUM MYRTILLOIDES,5,5,5,0,
87906,VACCINIUM MYRTILLOIDES,VAMY,83,NY_GLHL,VACCINIUM MYRTILLOIDES,6,6,6,0,
87906,VACCINIUM MYRTILLOIDES,VAMY,58,NY_NAAMH,VACCINIUM MYRTILLOIDES,5,5,5,0,
87906,VACCINIUM MYRTILLOIDES,VAMY,60,NY_OTH,VACCINIUM MYRTILLOIDES,8,5,8,3,
87906,VACCINIUM MYRTILLOIDES,VAMY,WI,WI,VACCINIUM MYRTILLOIDES,6,6,6,0,
87919,VACCINIUM OXYCOCCOS,VAOX,58,ME_NAAMH,VACCINIUM OXYCOCCOS,8,8,8,0,
87919,VACCINIUM OXYCOCCOS,VAOX,82,ME_NBPH,VACCINIUM OXYCOCCOS,7,7,7,0,
87919,VACCINIUM OXYCOCCOS,VAOX,MI,MI,VACCINIUM OXYCOCCOS,8,8,8,0,
87919,VACCINIUM OXYCOCCOS,VAOX,MN,MN,VACCINIUM OXYCOCCOS,8,8,8,0,
87919,VACCINIUM OXYCOCCOS,VAOX,58,NH_NAAMH,VACCINIUM OXYCOCCOS,8,8,8,0,
87919,VACCINIUM OXYCOCCOS,VAOX,58,NY_NAAMH,VACCINIUM OXYCOCCOS,8,8,8,0,
87919,VACCINIUM OXYCOCCOS,VAOX,WI,WI,VACCINIUM OXYCOCCOS,9,9,9,0,
87925,VACCINIUM PALLIDUM,VAPA4,58,MA_NAAMH,VACCINIUM PALLIDUM,6,6,6,0,
87925,VACCINIUM PALLIDUM,VAPA4,MI,MI,VACCINIUM PALLIDUM,7,7,7,0,
87925,VACCINIUM PALLIDUM,VAPA4,58,NY_NAAMH,VACCINIUM PALLIDUM,6,6,6,0,
87958,VACCINIUM VITIS-IDAEA,VAVI,82,ME_NBPH,VACCINIUM VITIS-IDAEA,7,7,7,0,
87959,VACCINIUM VITIS-IDAEA SSP. MINUS,VAVIM,MN,MN,VACCINIUM VITIS-IDAEA SSP. MINUS,9,9,9,0,
88060,VALLISNERIA AMERICANA,VAAM3,MI,MI,VALLISNERIA AMERICANA,7,7,7,0,
88060,VALLISNERIA AMERICANA,VAAM3,MN,MN,VALLISNERIA AMERICANA,6,6,6,0,
88060,VALLISNERIA AMERICANA,VAAM3,58,NY_NAAMH,VALLISNERIA AMERICANA,5,5,5,0,
88060,VALLISNERIA AMERICANA,VAAM3,58,VT_NAAMH,VALLISNERIA AMERICANA,5,5,5,0,
88060,VALLISNERIA AMERICANA,VAAM3,WI,WI,VALLISNERIA AMERICANA,6,6,6,0,
88162,VERATRUM VIRIDE,VEVI,58,MA_NAAMH,VERATRUM VIRIDE,5,5,5,0,
88162,VERATRUM VIRIDE,VEVI,58,NH_NAAMH,VERATRUM VIRIDE,5,5,5,0,
88162,VERATRUM VIRIDE,VEVI,58,NJ,VERATRUM VIRIDE,5,7,5,-2,
88162,VERATRUM VIRIDE,VEVI,62,PA_AP,VERATRUM VIRIDE,7,7,7,0,
88162,VERATRUM VIRIDE,VEVI,58,VT_NAAMH,VERATRUM VIRIDE,5,5,5,0,
88184,VERBASCUM THAPSUS,VETH,58,VT_NAAMH,VERBASCUM THAPSUS,0,0,0,0,
88244,VERBENA HASTATA,VEHA2,IN,IN,VERBENA HASTATA,3,3,3,0,
88244,VERBENA HASTATA,VEHA2,82,ME_NBPH,VERBENA HASTATA,4,4,4,0,
88244,VERBENA HASTATA,VEHA2,MI,MI,VERBENA HASTATA,4,4,4,0,
88244,VERBENA HASTATA,VEHA2,MN,MN,VERBENA HASTATA,6,6,6,0,
88244,VERBENA HASTATA,VEHA2,61,PA_APG,VERBENA HASTATA,3,3,3,0,
88244,VERBENA HASTATA,VEHA2,58,VT_NAAMH,VERBENA HASTATA,4,4,4,0,
88244,VERBENA HASTATA,VEHA2,WI,WI,VERBENA HASTATA,3,3,3,0,
88302,VERBENA URTICIFOLIA,VEUR,WI,WI,VERBENA URTICIFOLIA,2,2,2,0,
88316,VERBESINA ALTERNIFOLIA,VEAL,61,OH_APG,VERBESINA ALTERNIFOLIA,2,2,2,0,
88423,VERNONIA MISSURICA,VEMI2,MI,MI,VERNONIA MISSURICA,4,4,4,0,
88424,VERNONIA NOVEBORACENSIS,VENO,61,PA_APG,VERNONIA NOVEBORACENSIS,3,3,3,0,
88434,VERONICA,VERON,MI,MI,,NA,Und,Und,NA,
88444,VERONICA AMERICANA,VEAM2,83,NY_GLHL,VERONICA AMERICANA,5,5,5,0,
88444,VERONICA AMERICANA,VEAM2,58,NY_NAAMH,VERONICA AMERICANA,6,6,6,0,
88444,VERONICA AMERICANA,VEAM2,58,VT_NAAMH,VERONICA AMERICANA,6,6,6,0,
88446,VERONICA ANAGALLIS-AQUATICA,VEAN2,IN,IN,VERONICA ANAGALLIS-AQUATICA,5,0,5,5,
88446,VERONICA ANAGALLIS-AQUATICA,VEAN2,58,VT_NAAMH,VERONICA ANAGALLIS-AQUATICA,0,0,0,0,
88489,VERONICA OFFICINALIS,VEOF2,59,CT_NCZ,VERONICA OFFICINALIS,0,0,0,0,
88489,VERONICA OFFICINALIS,VEOF2,58,ME_NAAMH,VERONICA OFFICINALIS,0,0,0,0,
88489,VERONICA OFFICINALIS,VEOF2,MI,MI,VERONICA OFFICINALIS,0,0,0,0,
88489,VERONICA OFFICINALIS,VEOF2,58,NH_NAAMH,VERONICA OFFICINALIS,0,0,0,0,
88489,VERONICA OFFICINALIS,VEOF2,83,NY_GLHL,VERONICA OFFICINALIS,0,0,0,0,
88489,VERONICA OFFICINALIS,VEOF2,58,NY_NAAMH,VERONICA OFFICINALIS,0,0,0,0,
88489,VERONICA OFFICINALIS,VEOF2,62,PA_AP,,NA,0,0,NA,
88489,VERONICA OFFICINALIS,VEOF2,61,PA_APG,,NA,0,0,NA,
88489,VERONICA OFFICINALIS,VEOF2,83,VT_GLHL,VERONICA OFFICINALIS,0,0,0,0,
88489,VERONICA OFFICINALIS,VEOF2,58,VT_NAAMH,VERONICA OFFICINALIS,0,0,0,0,
88505,VERONICA SCUTELLATA,VESC2,58,ME_NAAMH,VERONICA SCUTELLATA,5,5,5,0,
88505,VERONICA SCUTELLATA,VESC2,58,NH_NAAMH,VERONICA SCUTELLATA,5,5,5,0,
88505,VERONICA SCUTELLATA,VESC2,58,NY_NAAMH,VERONICA SCUTELLATA,5,5,5,0,
88505,VERONICA SCUTELLATA,VESC2,58,VT_NAAMH,VERONICA SCUTELLATA,5,5,5,0,
88650,VIBURNUM,VIBUR,MI,MI,,NA,5,5,NA,
88650,VIBURNUM,VIBUR,MN,MN,,NA,5,5,NA,
88650,VIBURNUM,VIBUR,58,NH_NAAMH,,NA,5,5,NA,
88650,VIBURNUM,VIBUR,58,VT_NAAMH,,NA,4,4,NA,
88655,VIBURNUM ACERIFOLIUM,VIAC,61,OH_APG,VIBURNUM ACERIFOLIUM,6,6,6,0,
88681,VIBURNUM DENTATUM,VIDE,58,CT_NAAMH,VIBURNUM DENTATUM,4,4,4,0,
88681,VIBURNUM DENTATUM,VIDE,59,CT_NCZ,VIBURNUM DENTATUM,4,4,4,0,
88681,VIBURNUM DENTATUM,VIDE,IN,IN,,NA,6,6,NA,
88681,VIBURNUM DENTATUM,VIDE,58,MA_NAAMH,VIBURNUM DENTATUM,4,4,4,0,
88681,VIBURNUM DENTATUM,VIDE,59,MA_NCZ,VIBURNUM DENTATUM,4,4,4,0,
88681,VIBURNUM DENTATUM,VIDE,82,ME_NBPH,VIBURNUM DENTATUM,4,4,4,0,
88681,VIBURNUM DENTATUM,VIDE,59,ME_NCZ,VIBURNUM DENTATUM,4,4,4,0,
88681,VIBURNUM DENTATUM,VIDE,MI,MI,VIBURNUM DENTATUM,6,6,6,0,
88681,VIBURNUM DENTATUM,VIDE,59,NH_NCZ,VIBURNUM DENTATUM,4,4,4,0,
88681,VIBURNUM DENTATUM,VIDE,58,NJ,VIBURNUM DENTATUM,4,5,4,-1,
88681,VIBURNUM DENTATUM,VIDE,83,NY_GLHL,VIBURNUM DENTATUM,3,3,3,0,
88681,VIBURNUM DENTATUM,VIDE,58,NY_NAAMH,VIBURNUM DENTATUM,4,4,4,0,
88681,VIBURNUM DENTATUM,VIDE,61,OH_APG,VIBURNUM DENTATUM,5,5,5,0,
88681,VIBURNUM DENTATUM,VIDE,60,PA_APG,VIBURNUM DENTATUM,5,5,5,0,
88681,VIBURNUM DENTATUM,VIDE,61,PA_APG,VIBURNUM DENTATUM,5,5,5,0,
88681,VIBURNUM DENTATUM,VIDE,83,PA_OTH,VIBURNUM DENTATUM,3,5,3,-2,
88681,VIBURNUM DENTATUM,VIDE,59,RI_NCZ,VIBURNUM DENTATUM,4,4,4,0,
88681,VIBURNUM DENTATUM,VIDE,58,VT_NAAMH,VIBURNUM DENTATUM,4,4,4,0,
88689,VIBURNUM DENTATUM VAR. VENOSUM,VIDEV,59,RI_NCZ,,NA,4,4,NA,
88690,VIBURNUM DILATATUM,VIDI80,59,CT_NCZ,,NA,0,0,NA,
88690,VIBURNUM DILATATUM,VIDI80,59,NH_NCZ,,NA,0,0,NA,
88703,VIBURNUM LANTANOIDES,VILA11,58,MA_NAAMH,VIBURNUM LANTANOIDES,7,7,7,0,
88703,VIBURNUM LANTANOIDES,VILA11,58,ME_NAAMH,VIBURNUM LANTANOIDES,7,7,7,0,
88703,VIBURNUM LANTANOIDES,VILA11,58,NH_NAAMH,VIBURNUM LANTANOIDES,7,7,7,0,
88703,VIBURNUM LANTANOIDES,VILA11,58,NY_NAAMH,VIBURNUM LANTANOIDES,7,7,7,0,
88703,VIBURNUM LANTANOIDES,VILA11,58,VT_NAAMH,VIBURNUM LANTANOIDES,7,7,7,0,
88704,VIBURNUM LENTAGO,VILE,58,CT_NAAMH,VIBURNUM LENTAGO,4,4,4,0,
88704,VIBURNUM LENTAGO,VILE,59,CT_NCZ,VIBURNUM LENTAGO,5,5,5,0,
88704,VIBURNUM LENTAGO,VILE,IN,IN,VIBURNUM LENTAGO,5,5,5,0,
88704,VIBURNUM LENTAGO,VILE,59,MA_NCZ,VIBURNUM LENTAGO,5,5,5,0,
88704,VIBURNUM LENTAGO,VILE,58,ME_NAAMH,VIBURNUM LENTAGO,4,4,4,0,
88704,VIBURNUM LENTAGO,VILE,82,ME_NBPH,VIBURNUM LENTAGO,4,4,4,0,
88704,VIBURNUM LENTAGO,VILE,MI,MI,VIBURNUM LENTAGO,4,4,4,0,
88704,VIBURNUM LENTAGO,VILE,MN,MN,VIBURNUM LENTAGO,4,4,4,0,
88704,VIBURNUM LENTAGO,VILE,58,NH_NAAMH,VIBURNUM LENTAGO,4,4,4,0,
88704,VIBURNUM LENTAGO,VILE,58,NJ,VIBURNUM LENTAGO,4,7,4,-3,
88704,VIBURNUM LENTAGO,VILE,83,NY_GLHL,VIBURNUM LENTAGO,4,4,4,0,
88704,VIBURNUM LENTAGO,VILE,58,NY_NAAMH,VIBURNUM LENTAGO,4,4,4,0,
88704,VIBURNUM LENTAGO,VILE,61,OH_APG,VIBURNUM LENTAGO,7,7,7,0,
88704,VIBURNUM LENTAGO,VILE,62,PA_AP,VIBURNUM LENTAGO,7,7,7,0,
88704,VIBURNUM LENTAGO,VILE,61,PA_APG,VIBURNUM LENTAGO,7,7,7,0,
88704,VIBURNUM LENTAGO,VILE,58,VT_NAAMH,VIBURNUM LENTAGO,4,4,4,0,
88704,VIBURNUM LENTAGO,VILE,WI,WI,VIBURNUM LENTAGO,4,4,4,0,
88708,VIBURNUM NUDUM,VINU,59,CT_NCZ,VIBURNUM NUDUM,5,5,5,0,
88708,VIBURNUM NUDUM,VINU,58,MA_NAAMH,VIBURNUM NUDUM,5,5,5,0,
88708,VIBURNUM NUDUM,VINU,58,ME_NAAMH,VIBURNUM NUDUM,5,5,5,0,
88708,VIBURNUM NUDUM,VINU,82,ME_NBPH,VIBURNUM NUDUM,5,5,5,0,
88708,VIBURNUM NUDUM,VINU,59,ME_NCZ,VIBURNUM NUDUM,5,5,5,0,
88708,VIBURNUM NUDUM,VINU,58,NH_NAAMH,VIBURNUM NUDUM,5,5,5,0,
88708,VIBURNUM NUDUM,VINU,58,NY_NAAMH,VIBURNUM NUDUM,5,5,5,0,
88708,VIBURNUM NUDUM,VINU,58,VT_NAAMH,VIBURNUM NUDUM,5,5,5,0,
88710,VIBURNUM NUDUM VAR. CASSINOIDES,VINUC,58,CT_NAAMH,VIBURNUM NUDUM VAR. CASSINOIDES,5,5,5,0,
88710,VIBURNUM NUDUM VAR. CASSINOIDES,VINUC,59,CT_NCZ,VIBURNUM NUDUM VAR. CASSINOIDES,5,5,5,0,
88710,VIBURNUM NUDUM VAR. CASSINOIDES,VINUC,58,MA_NAAMH,VIBURNUM NUDUM VAR. CASSINOIDES,5,5,5,0,
88710,VIBURNUM NUDUM VAR. CASSINOIDES,VINUC,82,ME_NBPH,VIBURNUM NUDUM VAR. CASSINOIDES,5,5,5,0,
88710,VIBURNUM NUDUM VAR. CASSINOIDES,VINUC,MI,MI,VIBURNUM CASSINOIDES,6,6,6,0,
88710,VIBURNUM NUDUM VAR. CASSINOIDES,VINUC,58,NH_NAAMH,VIBURNUM NUDUM VAR. CASSINOIDES,5,5,5,0,
88710,VIBURNUM NUDUM VAR. CASSINOIDES,VINUC,83,NY_GLHL,VIBURNUM NUDUM VAR. CASSINOIDES,6,6,6,0,
88710,VIBURNUM NUDUM VAR. CASSINOIDES,VINUC,58,NY_NAAMH,VIBURNUM NUDUM VAR. CASSINOIDES,5,5,5,0,
88710,VIBURNUM NUDUM VAR. CASSINOIDES,VINUC,60,NY_OTH,,NA,5,5,NA,
88710,VIBURNUM NUDUM VAR. CASSINOIDES,VINUC,61,OH_APG,,NA,5,5,NA,
88710,VIBURNUM NUDUM VAR. CASSINOIDES,VINUC,59,RI_NCZ,VIBURNUM NUDUM VAR. CASSINOIDES,5,5,5,0,
88710,VIBURNUM NUDUM VAR. CASSINOIDES,VINUC,58,VT_NAAMH,VIBURNUM NUDUM VAR. CASSINOIDES,5,5,5,0,
88717,VIBURNUM OPULUS,VIOP,59,CT_NCZ,VIBURNUM OPULUS,2,2,2,0,
88717,VIBURNUM OPULUS,VIOP,IN,IN,VIBURNUM OPULUS,0,0,0,0,
88717,VIBURNUM OPULUS,VIOP,MI,MI,VIBURNUM OPULUS,0,0,0,0,
88717,VIBURNUM OPULUS,VIOP,MN,MN,,NA,6,5,NA,Updated to ssp. Cval/CoC Ref
88717,VIBURNUM OPULUS,VIOP,58,VT_NAAMH,VIBURNUM OPULUS,2,2,2,0,
88717,VIBURNUM OPULUS,VIOP,WI,WI,VIBURNUM OPULUS,8,6,8,2,
88719,VIBURNUM OPULUS VAR. AMERICANUM,VIOPA2,MI,MI,,NA,5,5,NA,
88719,VIBURNUM OPULUS VAR. AMERICANUM,VIOPA2,MN,MN,VIBURNUM OPULUS VAR. AMERICANUM,5,5,5,0,
88719,VIBURNUM OPULUS VAR. AMERICANUM,VIOPA2,58,NY_NAAMH,VIBURNUM OPULUS VAR. AMERICANUM,4,4,4,0,
88719,VIBURNUM OPULUS VAR. AMERICANUM,VIOPA2,58,VT_NAAMH,VIBURNUM OPULUS VAR. AMERICANUM,4,4,4,0,
88719,VIBURNUM OPULUS VAR. AMERICANUM,VIOPA2,WI,WI,,NA,6,6,NA,
88721,VIBURNUM OPULUS VAR. OPULUS,VIOPO,58,VT_NAAMH,VIBURNUM OPULUS VAR. OPULUS,0,0,0,0,
88728,VIBURNUM PRUNIFOLIUM,VIPR,58,NJ,VIBURNUM PRUNIFOLIUM,4,5,4,-1,
88735,VIBURNUM RAFINESQUEANUM,VIRA,MI,MI,,NA,5,5,NA,
88735,VIBURNUM RAFINESQUEANUM,VIRA,MN,MN,,NA,7,7,NA,
88735,VIBURNUM RAFINESQUEANUM,VIRA,WI,WI,,NA,7,7,NA,
88738,VIBURNUM RECOGNITUM,VIRE7,IN,IN,VIBURNUM RECOGNITUM,0,0,0,0,
88738,VIBURNUM RECOGNITUM,VIRE7,58,MA_NAAMH,VIBURNUM RECOGNITUM,4,4,4,0,
88738,VIBURNUM RECOGNITUM,VIRE7,59,MA_NCZ,VIBURNUM RECOGNITUM,4,4,4,0,
88738,VIBURNUM RECOGNITUM,VIRE7,82,ME_NBPH,,NA,4,4,NA,
88738,VIBURNUM RECOGNITUM,VIRE7,MN,MN,,NA,0,0,NA,
88738,VIBURNUM RECOGNITUM,VIRE7,59,NH_NCZ,VIBURNUM RECOGNITUM,4,4,4,0,
88738,VIBURNUM RECOGNITUM,VIRE7,58,NY_NAAMH,VIBURNUM RECOGNITUM,4,4,4,0,
88738,VIBURNUM RECOGNITUM,VIRE7,61,OH_APG,VIBURNUM RECOGNITUM,5,5,5,0,
88738,VIBURNUM RECOGNITUM,VIRE7,62,PA_AP,VIBURNUM RECOGNITUM,5,5,5,0,
88738,VIBURNUM RECOGNITUM,VIRE7,61,PA_APG,VIBURNUM RECOGNITUM,5,5,5,0,
88738,VIBURNUM RECOGNITUM,VIRE7,59,RI_NCZ,VIBURNUM RECOGNITUM,4,4,4,0,
88738,VIBURNUM RECOGNITUM,VIRE7,83,VT_GLHL,VIBURNUM RECOGNITUM,4,4,4,0,
88738,VIBURNUM RECOGNITUM,VIRE7,58,VT_NAAMH,VIBURNUM RECOGNITUM,4,4,4,0,
88759,VICIA,VICIA,58,ME_NAAMH,,NA,0,0,NA,
88759,VICIA,VICIA,MN,MN,,NA,0,0,NA,
88759,VICIA,VICIA,83,NY_GLHL,,NA,0,0,NA,
88796,VICIA CRACCA,VICR,83,NY_GLHL,VICIA CRACCA,0,0,0,0,
88796,VICIA CRACCA,VICR,59,RI_NCZ,VICIA CRACCA,0,0,0,0,
88796,VICIA CRACCA,VICR,83,VT_GLHL,VICIA CRACCA,0,0,0,0,
88796,VICIA CRACCA,VICR,58,VT_NAAMH,VICIA CRACCA,0,0,0,0,
88797,VICIA CRACCA SSP. CRACCA,VICRC,58,VT_NAAMH,,NA,0,0,NA,
88896,VICIA SATIVA SSP. NIGRA,VISAN2,MN,MN,,NA,0,0,NA,
91433,VINE,2V,MI,MI,,NA,Und,Und,NA,
91433,VINE,2V,MN,MN,,NA,Und,Und,NA,
90883,"VINE, WOODY",2VW,MI,MI,,NA,Und,Und,NA,
89046,VIOLA,VIOLA,59,CT_NCZ,,NA,5,5,NA,
89046,VIOLA,VIOLA,58,ME_NAAMH,,NA,6,6,NA,
89046,VIOLA,VIOLA,82,ME_NBPH,,NA,4,4,NA,
89046,VIOLA,VIOLA,59,ME_NCZ,,NA,6,6,NA,
89046,VIOLA,VIOLA,MI,MI,,NA,6,6,NA,
89046,VIOLA,VIOLA,MN,MN,,NA,6,6,NA,
89046,VIOLA,VIOLA,58,NH_NAAMH,,NA,6,6,NA,
89046,VIOLA,VIOLA,83,NY_GLHL,,NA,6,6,NA,
89046,VIOLA,VIOLA,58,NY_NAAMH,,NA,6,6,NA,
89046,VIOLA,VIOLA,61,OH_APG,,NA,6,6,NA,
89046,VIOLA,VIOLA,62,PA_AP,,NA,6,6,NA,
89046,VIOLA,VIOLA,61,PA_APG,,NA,6,6,NA,
89046,VIOLA,VIOLA,59,RI_NCZ,,NA,5,5,NA,
89046,VIOLA,VIOLA,83,VT_GLHL,,NA,6,6,NA,
89046,VIOLA,VIOLA,58,VT_NAAMH,,NA,6,6,NA,
89046,VIOLA,VIOLA,WI,WI,,NA,6,6,NA,
89128,VIOLA AFFINIS,VIAF2,59,CT_NCZ,VIOLA AFFINIS,5,5,5,0,
89148,VIOLA BLANDA,VIBL,59,CT_NCZ,VIOLA BLANDA,5,5,5,0,
89148,VIOLA BLANDA,VIBL,58,MA_NAAMH,VIOLA BLANDA,5,5,5,0,
89148,VIOLA BLANDA,VIBL,MN,MN,VIOLA BLANDA,6,6,6,0,
89148,VIOLA BLANDA,VIBL,WI,WI,VIOLA BLANDA,5,5,5,0,
89149,VIOLA BLANDA VAR. BLANDA,VIBLB,82,ME_NBPH,,NA,4,4,NA,
89177,VIOLA CUCULLATA,VICU,58,CT_NAAMH,VIOLA CUCULLATA,4,4,4,0,
89177,VIOLA CUCULLATA,VICU,59,CT_NCZ,VIOLA CUCULLATA,5,5,5,0,
89177,VIOLA CUCULLATA,VICU,58,MA_NAAMH,VIOLA CUCULLATA,4,4,4,0,
89177,VIOLA CUCULLATA,VICU,59,MA_NCZ,VIOLA CUCULLATA,5,5,5,0,
89177,VIOLA CUCULLATA,VICU,MI,MI,VIOLA CUCULLATA,5,5,5,0,
89177,VIOLA CUCULLATA,VICU,58,NH_NAAMH,VIOLA CUCULLATA,4,4,4,0,
89177,VIOLA CUCULLATA,VICU,58,NJ,VIOLA CUCULLATA,4,6,4,-2,
89177,VIOLA CUCULLATA,VICU,62,PA_AP,VIOLA CUCULLATA,5,5,5,0,
89177,VIOLA CUCULLATA,VICU,59,RI_NCZ,VIOLA CUCULLATA,5,5,5,0,
89213,VIOLA LANCEOLATA,VILA4,WI,WI,VIOLA LANCEOLATA,6,6,6,0,
89232,VIOLA MACLOSKEYI,VIMA2,58,MA_NAAMH,VIOLA MACLOSKEYI,4,4,4,0,
89232,VIOLA MACLOSKEYI,VIMA2,59,MA_NCZ,VIOLA MACLOSKEYI,5,5,5,0,
89234,VIOLA MACLOSKEYI SSP. PALLENS,VIMAP3,MI,MI,,NA,7,6,NA,Updated to ssp. Cval/CoC Ref
89234,VIOLA MACLOSKEYI SSP. PALLENS,VIMAP3,58,NH_NAAMH,VIOLA PALLENS,4,4,4,0,
89234,VIOLA MACLOSKEYI SSP. PALLENS,VIMAP3,58,NY_NAAMH,VIOLA PALLENS,4,4,4,0,
89267,VIOLA PALUSTRIS,VIPA4,58,CT_NAAMH,VIOLA PALUSTRIS,8,8,8,0,
89267,VIOLA PALUSTRIS,VIPA4,59,CT_NCZ,VIOLA PALUSTRIS,8,8,8,0,
89267,VIOLA PALUSTRIS,VIPA4,59,RI_NCZ,VIOLA PALUSTRIS,8,8,8,0,
89306,VIOLA PUBESCENS,VIPU3,MI,MI,VIOLA PUBESCENS,4,4,4,0,
89306,VIOLA PUBESCENS,VIPU3,MN,MN,VIOLA PUBESCENS,4,4,4,0,
89332,VIOLA RENIFOLIA,VIRE2,58,ME_NAAMH,VIOLA RENIFOLIA,7,7,7,0,
89332,VIOLA RENIFOLIA,VIRE2,MI,MI,VIOLA RENIFOLIA,6,6,6,0,
89332,VIOLA RENIFOLIA,VIRE2,MN,MN,VIOLA RENIFOLIA,7,7,7,0,
89360,VIOLA SORORIA,VISO,59,CT_NCZ,VIOLA SORORIA,4,4,4,0,
89360,VIOLA SORORIA,VISO,IN,IN,VIOLA SORORIA,1,1,1,0,
89360,VIOLA SORORIA,VISO,59,MA_NCZ,VIOLA SORORIA,4,4,4,0,
89360,VIOLA SORORIA,VISO,MI,MI,VIOLA SORORIA,1,1,1,0,
89360,VIOLA SORORIA,VISO,83,NY_GLHL,VIOLA SORORIA,4,4,4,0,
89360,VIOLA SORORIA,VISO,58,NY_NAAMH,VIOLA SORORIA,4,4,4,0,
89360,VIOLA SORORIA,VISO,61,OH_APG,VIOLA SORORIA,3,3,3,0,
89360,VIOLA SORORIA,VISO,59,RI_NCZ,VIOLA SORORIA,4,4,4,0,
89360,VIOLA SORORIA,VISO,WI,WI,VIOLA SORORIA,3,3,3,0,
89096,VIOLA xPALMATA,VIPA18,59,NH_NCZ,VIOLA PALMATA,6,7,7,-1,
91276,VIOLACEAE,VIOLAC,58,NH_NAAMH,,NA,Und,Und,NA,
89482,VITIS,VITIS,MI,MI,,NA,5,5,NA,
89482,VITIS,VITIS,58,NH_NAAMH,,NA,4,4,NA,
89482,VITIS,VITIS,83,NY_GLHL,,NA,3,3,NA,
89482,VITIS,VITIS,58,NY_NAAMH,,NA,3,3,NA,
89482,VITIS,VITIS,61,PA_APG,,NA,4,4,NA,
89490,VITIS AESTIVALIS,VIAE,59,CT_NCZ,VITIS AESTIVALIS,3,3,3,0,
89490,VITIS AESTIVALIS,VIAE,59,MA_NCZ,VITIS AESTIVALIS,3,3,3,0,
89490,VITIS AESTIVALIS,VIAE,83,NY_GLHL,VITIS AESTIVALIS,4,4,4,0,
89490,VITIS AESTIVALIS,VIAE,61,PA_APG,VITIS AESTIVALIS,4,4,4,0,
89513,VITIS CINEREA,VICI2,IN,IN,,NA,4,4,NA,
89531,VITIS LABRUSCA,VILA8,59,CT_NCZ,VITIS LABRUSCA,4,4,4,0,
89531,VITIS LABRUSCA,VILA8,59,MA_NCZ,VITIS LABRUSCA,4,4,4,0,
89531,VITIS LABRUSCA,VILA8,MI,MI,VITIS LABRUSCA,7,7,7,0,
89531,VITIS LABRUSCA,VILA8,58,NH_NAAMH,VITIS LABRUSCA,4,4,4,0,
89531,VITIS LABRUSCA,VILA8,58,NJ,VITIS LABRUSCA,4,5,4,-1,
89531,VITIS LABRUSCA,VILA8,59,RI_NCZ,VITIS LABRUSCA,4,4,4,0,
89546,VITIS RIPARIA,VIRI,58,CT_NAAMH,VITIS RIPARIA,3,3,3,0,
89546,VITIS RIPARIA,VIRI,59,CT_NCZ,VITIS RIPARIA,4,4,4,0,
89546,VITIS RIPARIA,VIRI,IN,IN,VITIS RIPARIA,1,1,1,0,
89546,VITIS RIPARIA,VIRI,MI,MI,VITIS RIPARIA,3,3,3,0,
89546,VITIS RIPARIA,VIRI,MN,MN,VITIS RIPARIA,2,2,2,0,
89546,VITIS RIPARIA,VIRI,58,NJ,VITIS RIPARIA,3,8,3,-5,
89546,VITIS RIPARIA,VIRI,83,NY_GLHL,VITIS RIPARIA,3,3,3,0,
89546,VITIS RIPARIA,VIRI,61,OH_APG,VITIS RIPARIA,4,4,4,0,
89546,VITIS RIPARIA,VIRI,59,RI_NCZ,VITIS RIPARIA,4,4,4,0,
89546,VITIS RIPARIA,VIRI,83,VT_GLHL,VITIS RIPARIA,3,3,3,0,
89546,VITIS RIPARIA,VIRI,58,VT_NAAMH,VITIS RIPARIA,3,3,3,0,
89546,VITIS RIPARIA,VIRI,WI,WI,VITIS RIPARIA,2,2,2,0,
89656,WALDSTEINIA FRAGARIOIDES,WAFR,MI,MI,,NA,6,6,NA,
89656,WALDSTEINIA FRAGARIOIDES,WAFR,83,NY_GLHL,WALDSTEINIA FRAGARIOIDES,7,7,7,0,
89656,WALDSTEINIA FRAGARIOIDES,WAFR,62,PA_AP,WALDSTEINIA FRAGARIOIDES,7,7,7,0,
89867,WOLFFIA,WOLFF,61,OH_APG,,NA,6,6,NA,
89869,WOLFFIA BOREALIS,WOBO,59,MA_NCZ,WOLFFIA BOREALIS,4,4,4,0,
89869,WOLFFIA BOREALIS,WOBO,59,RI_NCZ,WOLFFIA BOREALIS,4,4,4,0,
89870,WOLFFIA BRASILIENSIS,WOBR,59,RI_NCZ,WOLFFIA BRASILIENSIS,2,2,2,0,
89871,WOLFFIA COLUMBIANA,WOCO,IN,IN,WOLFFIA COLUMBIANA,5,5,5,0,
89871,WOLFFIA COLUMBIANA,WOCO,59,MA_NCZ,WOLFFIA COLUMBIANA,3,3,3,0,
89871,WOLFFIA COLUMBIANA,WOCO,MN,MN,WOLFFIA COLUMBIANA,5,5,5,0,
89871,WOLFFIA COLUMBIANA,WOCO,61,OH_APG,WOLFFIA COLUMBIANA,4,4,4,0,
89908,WOODSIA OBTUSA,WOOB2,82,ME_NBPH,WOODSIA OBTUSA,9,9,9,0,
89925,WOODWARDIA AREOLATA,WOAR,59,MA_NCZ,WOODWARDIA AREOLATA,7,7,7,0,
89925,WOODWARDIA AREOLATA,WOAR,59,RI_NCZ,WOODWARDIA AREOLATA,7,7,7,0,
89929,WOODWARDIA VIRGINICA,WOVI,MI,MI,WOODWARDIA VIRGINICA,10,10,10,0,
89929,WOODWARDIA VIRGINICA,WOVI,58,NH_NAAMH,WOODWARDIA VIRGINICA,8,8,8,0,
89995,XANTHIUM STRUMARIUM,XAST,IN,IN,XANTHIUM STRUMARIUM,0,1,0,-1,
89995,XANTHIUM STRUMARIUM,XAST,83,NY_GLHL,XANTHIUM STRUMARIUM,2,2,2,0,
90256,XYRIS,XYRIS,59,RI_NCZ,,NA,9,9,NA,
90292,XYRIS MONTANA,XYMO,82,ME_NBPH,XYRIS MONTANA,6,6,6,0,
90461,ZANTHOXYLUM AMERICANUM,ZAAM,IN,IN,ZANTHOXYLUM AMERICANUM,3,3,3,0,
90461,ZANTHOXYLUM AMERICANUM,ZAAM,MI,MI,ZANTHOXYLUM AMERICANUM,3,3,3,0,
90461,ZANTHOXYLUM AMERICANUM,ZAAM,MN,MN,,NA,3,3,NA,
90639,ZIZANIA AQUATICA,ZIAQ,83,NY_GLHL,ZIZANIA AQUATICA,7,7,7,0,
90642,ZIZANIA AQUATICA VAR. AQUATICA,ZIAQA2,83,VT_GLHL,,NA,7,7,NA,
90649,ZIZANIA PALUSTRIS,ZIPA3,82,ME_NBPH,ZIZANIA PALUSTRIS,6,6,6,0,
90649,ZIZANIA PALUSTRIS,ZIPA3,MN,MN,ZIZANIA PALUSTRIS,8,8,8,0,
90649,ZIZANIA PALUSTRIS,ZIPA3,83,NY_GLHL,ZIZANIA PALUSTRIS,8,8,8,0,
90659,ZIZIA AUREA,ZIAU,83,NY_GLHL,ZIZIA AUREA,4,4,4,0,
